Time (s),Sample #,Amplitude
0.055,1,7
0.055,2,12
0.055,3,7
0.055,4,2
0.055,5,-1
0.069,6,-5
0.069,7,-7
0.069,8,-10
0.069,9,-13
0.069,10,-15
0.070,11,-18
0.070,12,-20
0.070,13,-21
0.070,14,-22
0.100,15,-23
0.100,16,-27
0.100,17,-36
0.100,18,-51
0.117,19,-69
0.117,20,-85
0.117,21,-90
0.117,22,-70
0.160,23,-23
0.160,24,36
0.160,25,108
0.160,26,172
0.161,27,227
0.161,28,276
0.161,29,300
0.161,30,286
0.178,31,235
0.178,32,152
0.178,33,67
0.178,34,2
0.204,35,-34
0.204,36,-50
0.204,37,-58
0.204,38,-62
0.224,39,-68
0.224,40,-73
0.225,41,-75
0.225,42,-76
0.252,43,-77
0.252,44,-76
0.252,45,-76
0.252,46,-74
0.266,47,-72
0.266,48,-70
0.266,49,-68
0.266,50,-65
0.286,51,-62
0.286,52,-60
0.286,53,-58
0.286,54,-55
0.310,55,-53
0.310,56,-50
0.310,57,-47
0.310,58,-44
0.324,59,-42
0.324,60,-40
0.325,61,-38
0.325,62,-36
0.358,63,-32
0.358,64,-30
0.358,65,-26
0.358,66,-23
0.370,67,-20
0.370,68,-17
0.370,69,-13
0.370,70,-8
0.370,71,-5
0.384,72,-2
0.384,73,0
0.384,74,2
0.384,75,4
0.384,76,6
0.384,77,7
0.416,78,9
0.416,79,11
0.416,80,12
0.416,81,12
0.416,82,11
0.430,83,10
0.430,84,8
0.430,85,7
0.430,86,6
0.430,87,3
0.430,88,1
0.430,89,-1
0.460,90,-4
0.460,91,-6
0.460,92,-9
0.460,93,-11
0.476,94,-13
0.476,95,-15
0.476,96,-18
0.476,97,-20
0.489,98,-23
0.489,99,-24
0.489,100,-26
0.489,101,-27
0.519,102,-27
0.519,103,-27
0.519,104,-27
0.519,105,-27
0.535,106,-26
0.535,107,-26
0.535,108,-25
0.535,109,-25
0.550,110,-24
0.550,111,-23
0.550,112,-22
0.550,113,-22
0.580,114,-20
0.580,115,-20
0.580,116,-18
0.580,117,-17
0.595,118,-16
0.595,119,-15
0.595,120,-14
0.595,121,-13
0.626,122,-12
0.626,123,-11
0.626,124,-10
0.626,125,-9
0.626,126,-8
0.640,127,-8
0.640,128,-7
0.640,129,-6
0.640,130,-6
0.640,131,-6
0.656,132,-6
0.656,133,-7
0.656,134,-7
0.656,135,-7
0.656,136,-6
0.685,137,-6
0.685,138,-5
0.685,139,-5
0.685,140,-5
0.685,141,-6
0.699,142,-6
0.700,143,-6
0.700,144,-7
0.700,145,-8
0.700,146,-8
0.731,147,-9
0.731,148,-9
0.731,149,-9
0.731,150,-10
0.744,151,-10
0.744,152,-9
0.744,153,-9
0.744,154,-10
0.744,155,-11
0.760,156,-11
0.760,157,-12
0.760,158,-12
0.760,159,-11
0.790,160,-11
0.790,161,-10
0.790,162,-9
0.790,163,-9
0.804,164,-9
0.804,165,-9
0.804,166,-10
0.804,167,-10
0.834,168,-10
0.834,169,-10
0.835,170,-10
0.835,171,-10
0.851,172,-10
0.851,173,-9
0.851,174,-8
0.851,175,-7
0.851,176,-7
0.866,177,-7
0.866,178,-7
0.866,179,-6
0.866,180,-5
0.866,181,-4
0.896,182,-3
0.896,183,-2
0.896,184,-1
0.896,185,0
0.896,186,0
0.896,187,1
0.909,188,3
0.909,189,4
0.909,190,6
0.909,191,8
0.909,192,12
0.909,193,17
0.939,194,23
0.939,195,31
0.939,196,38
0.939,197,45
0.939,198,49
0.957,199,52
0.957,200,52
0.957,201,51
0.957,202,47
0.957,203,42
0.971,204,37
0.971,205,31
0.971,206,25
0.971,207,19
0.971,208,13
1.000,209,8
1.000,210,4
1.000,211,0
1.000,212,-3
1.000,213,-6
1.000,214,-9
1.014,215,-11
1.014,216,-13
1.014,217,-14
1.014,218,-15
1.042,219,-16
1.042,220,-17
1.042,221,-19
1.042,222,-22
1.059,223,-27
1.059,224,-38
1.059,225,-54
1.059,226,-72
1.080,227,-43
1.080,228,-13
1.080,229,60
1.080,230,130
1.099,231,191
1.099,232,245
1.099,233,288
1.099,234,279
1.120,235,246
1.120,236,165
1.120,237,79
1.120,238,12
1.142,239,-29
1.142,240,-48
1.142,241,-57
1.142,242,-61
1.159,243,-66
1.159,244,-69
1.159,245,-71
1.159,246,-72
1.184,247,-73
1.184,248,-73
1.184,249,-71
1.184,250,-70
1.199,251,-69
1.199,252,-68
1.200,253,-66
1.200,254,-64
1.219,255,-61
1.219,256,-58
1.219,257,-56
1.219,258,-55
1.250,259,-53
1.250,260,-50
1.251,261,-48
1.251,262,-45
1.270,263,-44
1.270,264,-42
1.270,265,-40
1.270,266,-37
1.289,267,-34
1.289,268,-31
1.289,269,-29
1.289,270,-26
1.310,271,-23
1.310,272,-20
1.310,273,-16
1.310,274,-13
1.335,275,-10
1.335,276,-7
1.335,277,-6
1.335,278,-4
1.335,279,-3
1.349,280,-2
1.349,281,-1
1.349,282,-1
1.349,283,-1
1.349,284,-2
1.373,285,-2
1.373,286,-3
1.373,287,-4
1.373,288,-6
1.373,289,-8
1.393,290,-9
1.393,291,-11
1.393,292,-13
1.393,293,-15
1.413,294,-18
1.413,295,-20
1.413,296,-23
1.413,297,-25
1.432,298,-27
1.432,299,-29
1.432,300,-30
1.432,301,-31
1.452,302,-32
1.453,303,-32
1.453,304,-33
1.453,305,-32
1.484,306,-32
1.484,307,-32
1.484,308,-31
1.484,309,-30
1.501,310,-27
1.501,311,-26
1.501,312,-24
1.501,313,-22
1.524,314,-20
1.524,315,-18
1.524,316,-17
1.524,317,-16
1.539,318,-15
1.539,319,-14
1.539,320,-13
1.540,321,-13
1.559,322,-12
1.559,323,-11
1.559,324,-10
1.559,325,-10
1.582,326,-10
1.582,327,-10
1.582,328,-10
1.582,329,-10
1.603,330,-10
1.604,331,-10
1.604,332,-11
1.604,333,-11
1.621,334,-12
1.621,335,-12
1.621,336,-12
1.621,337,-12
1.641,338,-12
1.641,339,-12
1.641,340,-11
1.641,341,-11
1.662,342,-10
1.662,343,-10
1.662,344,-10
1.662,345,-10
1.681,346,-10
1.681,347,-10
1.681,348,-9
1.681,349,-8
1.681,350,-7
1.710,351,-6
1.710,352,-6
1.710,353,-6
1.710,354,-6
1.710,355,-5
1.730,356,-5
1.730,357,-4
1.730,358,-4
1.730,359,-5
1.730,360,-4
1.752,361,-4
1.752,362,-3
1.752,363,-3
1.752,364,-3
1.752,365,-2
1.770,366,-1
1.770,367,-1
1.770,368,0
1.770,369,0
1.770,370,0
1.770,371,1
1.792,372,2
1.792,373,2
1.793,374,2
1.793,375,2
1.793,376,2
1.793,377,1
1.793,378,1
1.812,379,1
1.812,380,2
1.812,381,3
1.812,382,5
1.812,383,7
1.812,384,9
1.830,385,11
1.830,386,12
1.830,387,14
1.830,388,17
1.830,389,20
1.852,390,25
1.852,391,31
1.852,392,38
1.852,393,45
1.852,394,50
1.873,395,54
1.873,396,55
1.873,397,54
1.873,398,51
1.873,399,46
1.889,400,41
1.889,401,36
1.889,402,31
1.889,403,25
1.889,404,19
1.920,405,13
1.920,406,9
1.920,407,5
1.920,408,1
1.920,409,-2
1.920,410,-5
1.941,411,-8
1.941,412,-9
1.941,413,-11
1.941,414,-12
1.960,415,-14
1.960,416,-15
1.960,417,-17
1.960,418,-20
1.981,419,-26
1.981,420,-36
1.981,421,-51
1.981,422,-67
2.000,423,-75
2.000,424,-65
2.000,425,-26
2.000,426,27
2.000,427,98
2.020,428,164
2.020,429,221
2.020,430,267
2.020,431,283
2.040,432,268
2.040,433,219
2.040,434,152
2.040,435,84
2.059,436,32
2.059,437,-1
2.059,438,-21
2.059,439,-31
2.080,440,-38
2.080,441,-41
2.080,442,-46
2.080,443,-48
2.100,444,-49
2.100,445,-49
2.100,446,-49
2.100,447,-49
2.122,448,-49
2.122,449,-48
2.122,450,-47
2.122,451,-46
2.152,452,-44
2.152,453,-43
2.152,454,-41
2.152,455,-39
2.173,456,-37
2.173,457,-34
2.173,458,-32
2.173,459,-30
2.190,460,-28
2.190,461,-25
2.190,462,-23
2.190,463,-20
2.210,464,-17
2.210,465,-15
2.210,466,-11
2.210,467,-8
2.210,468,-3
2.233,469,0
2.233,470,3
2.234,471,6
2.234,472,9
2.234,473,11
2.234,474,14
2.250,475,16
2.250,476,18
2.250,477,19
2.250,478,21
2.250,479,23
2.270,480,24
2.270,481,25
2.270,482,25
2.270,483,25
2.270,484,25
2.294,485,24
2.294,486,23
2.294,487,22
2.294,488,21
2.294,489,20
2.310,490,18
2.310,491,16
2.310,492,13
2.310,493,11
2.310,494,9
2.340,495,7
2.340,496,4
2.340,497,2
2.340,498,1
2.340,499,0
2.340,500,0
2.340,501,-1
2.350,502,-3
2.350,503,-3
2.350,504,-4
2.350,505,-5
2.350,506,-5
2.380,507,-5
2.380,508,-4
2.380,509,-3
2.380,510,-2
2.380,511,-2
2.400,512,-1
2.400,513,-1
2.400,514,-1
2.400,515,-1
2.400,516,0
2.431,517,0
2.431,518,1
2.431,519,2
2.431,520,3
2.431,521,4
2.431,522,4
2.431,523,5
2.439,524,5
2.439,525,5
2.439,526,6
2.439,527,6
2.439,528,7
2.439,529,7
2.460,530,6
2.461,531,6
2.461,532,7
2.461,533,8
2.461,534,9
2.461,535,10
2.484,536,10
2.484,537,9
2.484,538,9
2.484,539,8
2.484,540,7
2.484,541,7
2.484,542,6
2.504,543,6
2.504,544,6
2.504,545,5
2.504,546,5
2.504,547,5
2.504,548,4
2.504,549,4
2.532,550,3
2.532,551,2
2.532,552,2
2.532,553,2
2.532,554,1
2.532,555,1
2.560,556,1
2.560,557,2
2.560,558,3
2.560,559,4
2.560,560,4
2.560,561,4
2.560,562,4
2.580,563,3
2.580,564,3
2.580,565,3
2.580,566,3
2.580,567,2
2.580,568,2
2.580,569,2
2.614,570,2
2.614,571,2
2.614,572,2
2.614,573,1
2.614,574,1
2.614,575,1
2.640,576,1
2.640,577,2
2.640,578,3
2.640,579,4
2.640,580,4
2.641,581,4
2.641,582,3
2.661,583,4
2.661,584,4
2.661,585,5
2.661,586,5
2.661,587,6
2.661,588,7
2.661,589,8
2.690,590,9
2.690,591,11
2.690,592,13
2.690,593,15
2.690,594,17
2.712,595,19
2.712,596,23
2.712,597,29
2.712,598,37
2.712,599,44
2.729,600,50
2.729,601,55
2.729,602,58
2.729,603,60
2.729,604,60
2.750,605,58
2.750,606,54
2.750,607,48
2.750,608,42
2.750,609,36
2.771,610,30
2.771,611,24
2.771,612,18
2.771,613,12
2.771,614,8
2.789,615,3
2.789,616,0
2.789,617,-4
2.789,618,-7
2.789,619,-9
2.810,620,-12
2.810,621,-14
2.810,622,-16
2.810,623,-17
2.832,624,-19
2.832,625,-22
2.832,626,-27
2.832,627,-38
2.850,628,-54
2.850,629,-71
2.850,630,-83
2.850,631,-79
2.880,632,-46
2.880,633,4
2.880,634,72
2.880,635,140
2.880,636,200
2.901,637,251
2.901,638,288
2.901,639,290
2.901,640,258
2.919,641,192
2.919,642,112
2.919,643,39
2.919,644,-13
2.952,645,-45
2.952,646,-60
2.952,647,-66
2.952,648,-68
2.961,649,-71
2.961,650,-74
2.961,651,-77
2.961,652,-78
2.980,653,-77
2.980,654,-76
2.980,655,-74
2.980,656,-72
3.002,657,-70
3.002,658,-66
3.002,659,-63
3.002,660,-59
3.021,661,-56
3.021,662,-53
3.021,663,-50
3.021,664,-48
3.039,665,-45
3.039,666,-43
3.039,667,-40
3.039,668,-38
3.067,669,-34
3.067,670,-31
3.067,671,-28
3.067,672,-25
3.079,673,-23
3.079,674,-20
3.079,675,-18
3.079,676,-15
3.109,677,-12
3.109,678,-9
3.109,679,-6
3.109,680,-3
3.109,681,-1
3.129,682,1
3.129,683,4
3.129,684,7
3.129,685,10
3.129,686,12
3.129,687,14
3.150,688,15
3.150,689,16
3.150,690,16
3.150,691,17
3.150,692,18
3.169,693,19
3.169,694,19
3.169,695,18
3.169,696,17
3.169,697,16
3.193,698,14
3.193,699,13
3.193,700,11
3.193,701,9
3.193,702,7
3.193,703,5
3.209,704,3
3.209,705,0
3.209,706,-1
3.209,707,-3
3.209,708,-5
3.229,709,-6
3.229,710,-7
3.229,711,-9
3.229,712,-10
3.229,713,-11
3.254,714,-12
3.254,715,-14
3.254,716,-14
3.254,717,-15
3.269,718,-16
3.269,719,-16
3.269,720,-16
3.270,721,-15
3.289,722,-14
3.289,723,-13
3.289,724,-11
3.289,725,-10
3.312,726,-9
3.312,727,-8
3.312,728,-7
3.312,729,-6
3.312,730,-5
3.340,731,-4
3.340,732,-3
3.340,733,-3
3.340,734,-3
3.340,735,-2
3.362,736,-2
3.362,737,-2
3.362,738,-2
3.362,739,-3
3.362,740,-2
3.379,741,-2
3.379,742,-3
3.379,743,-3
3.379,744,-3
3.379,745,-3
3.400,746,-2
3.400,747,-2
3.400,748,-2
3.400,749,-1
3.400,750,-2
3.419,751,-2
3.419,752,-2
3.420,753,-2
3.420,754,-1
3.420,755,-1
3.439,756,-2
3.439,757,-1
3.439,758,-2
3.439,759,-1
3.439,760,-2
3.460,761,-2
3.460,762,-2
3.460,763,-2
3.460,764,-2
3.460,765,-3
3.485,766,-4
3.485,767,-4
3.485,768,-5
3.485,769,-5
3.485,770,-6
3.499,771,-6
3.499,772,-5
3.499,773,-5
3.499,774,-5
3.499,775,-5
3.523,776,-5
3.523,777,-5
3.523,778,-5
3.523,779,-6
3.523,780,-6
3.542,781,-6
3.542,782,-6
3.542,783,-6
3.542,784,-7
3.542,785,-7
3.569,786,-7
3.569,787,-7
3.569,788,-7
3.569,789,-7
3.569,790,-7
3.590,791,-7
3.590,792,-7
3.590,793,-6
3.590,794,-6
3.590,795,-6
3.612,796,-5
3.612,797,-4
3.612,798,-3
3.612,799,-1
3.612,800,0
3.629,801,2
3.629,802,4
3.629,803,7
3.629,804,11
3.629,805,17
3.629,806,24
3.651,807,31
3.651,808,38
3.651,809,42
3.651,810,45
3.651,811,46
3.673,812,45
3.673,813,42
3.673,814,38
3.673,815,32
3.673,816,26
3.694,817,21
3.694,818,15
3.694,819,10
3.694,820,5
3.694,821,0
3.712,822,-3
3.712,823,-7
3.712,824,-11
3.712,825,-15
3.732,826,-18
3.732,827,-20
3.732,828,-21
3.732,829,-22
3.750,830,-24
3.750,831,-25
3.750,832,-26
3.750,833,-31
3.784,834,-41
3.784,835,-56
3.784,836,-74
3.784,837,-87
3.804,838,-84
3.804,839,-44
3.804,840,-1
3.804,841,36
3.804,842,35
3.819,843,-8
3.819,844,-71
3.819,845,-124
3.819,846,-152
3.844,847,-159
3.844,848,-152
3.844,849,-143
3.862,850,-136
3.862,851,-130
3.862,852,-125
3.882,853,-119
3.882,854,-112
3.882,855,-106
3.882,856,-100
3.900,857,-94
3.901,858,-87
3.901,859,-81
3.901,860,-76
3.919,861,-72
3.919,862,-68
3.919,863,-64
3.919,864,-60
3.940,865,-56
3.940,866,-52
3.940,867,-48
3.940,868,-44
3.961,869,-41
3.961,870,-38
3.962,871,-34
3.962,872,-31
3.979,873,-27
3.979,874,-24
3.979,875,-22
3.979,876,-18
4.012,877,-15
4.012,878,-11
4.012,879,-7
4.012,880,-3
4.012,881,0
4.032,882,3
4.032,883,6
4.032,884,8
4.032,885,10
4.032,886,12
4.050,887,14
4.050,888,16
4.050,889,17
4.050,890,17
4.050,891,18
4.072,892,18
4.072,893,17
4.072,894,16
4.072,895,14
4.072,896,13
4.092,897,11
4.092,898,10
4.092,899,8
4.092,900,5
4.092,901,3
4.092,902,0
4.112,903,-1
4.112,904,-3
4.112,905,-5
4.112,906,-7
4.112,907,-8
4.130,908,-9
4.130,909,-11
4.130,910,-12
4.130,911,-14
4.153,912,-14
4.153,913,-14
4.153,914,-15
4.153,915,-15
4.170,916,-15
4.170,917,-15
4.170,918,-14
4.170,919,-14
4.190,920,-13
4.190,921,-13
4.190,922,-12
4.190,923,-10
4.190,924,-8
4.213,925,-6
4.213,926,-4
4.213,927,-3
4.213,928,-2
4.213,929,-1
4.242,930,0
4.242,931,0
4.242,932,1
4.242,933,1
4.242,934,2
4.242,935,2
4.261,936,2
4.261,937,3
4.261,938,3
4.261,939,3
4.261,940,4
4.261,941,4
4.261,942,4
4.279,943,3
4.279,944,3
4.279,945,4
4.279,946,4
4.279,947,4
4.279,948,4
4.279,949,4
4.314,950,3
4.314,951,3
4.314,952,4
4.314,953,4
4.314,954,4
4.314,955,4
4.321,956,4
4.321,957,5
4.321,958,5
4.321,959,6
4.321,960,5
4.321,961,5
4.321,962,5
4.339,963,5
4.339,964,6
4.339,965,6
4.339,966,6
4.339,967,6
4.339,968,5
4.339,969,5
4.372,970,5
4.373,971,5
4.373,972,6
4.373,973,6
4.373,974,6
4.373,975,6
4.393,976,6
4.393,977,6
4.393,978,7
4.393,979,8
4.393,980,8
4.393,981,8
4.393,982,8
4.419,983,8
4.419,984,8
4.419,985,8
4.419,986,8
4.419,987,8
4.419,988,8
4.419,989,8
4.439,990,9
4.440,991,9
4.440,992,10
4.440,993,10
4.440,994,11
4.460,995,11
4.460,996,12
4.460,997,15
4.460,998,16
4.460,999,19
4.501,1000,20
4.501,1001,21
4.501,1002,24
4.501,1003,27
4.501,1004,33
4.512,1005,39
4.512,1006,46
4.512,1007,52
4.512,1008,57
4.512,1009,62
4.530,1010,64
4.530,1011,64
4.530,1012,61
4.530,1013,56
4.530,1014,51
4.550,1015,45
4.550,1016,39
4.550,1017,33
4.550,1018,26
4.550,1019,21
4.573,1020,16
4.574,1021,11
4.574,1022,6
4.574,1023,2
4.574,1024,0
4.574,1025,-3
4.590,1026,-6
4.590,1027,-8
4.590,1028,-11
4.590,1029,-13
4.620,1030,-14
4.620,1031,-16
4.620,1032,-19
4.620,1033,-23
4.633,1034,-29
4.633,1035,-41
4.633,1036,-57
4.633,1037,-75
4.652,1038,-86
4.652,1039,-78
4.652,1040,-39
4.652,1041,15
4.652,1042,86
4.672,1043,154
4.672,1044,213
4.672,1045,264
4.672,1046,300
4.703,1047,297
4.703,1048,259
4.703,1049,185
4.703,1050,98
4.719,1051,26
4.719,1052,-21
4.719,1053,-44
4.719,1054,-53
4.739,1055,-57
4.739,1056,-62
4.739,1057,-68
4.739,1058,-74
4.764,1059,-77
4.764,1060,-77
4.764,1061,-76
4.764,1062,-74
4.780,1063,-73
4.780,1064,-72
4.780,1065,-69
4.780,1066,-67
4.799,1067,-64
4.799,1068,-62
4.799,1069,-59
4.799,1070,-57
4.819,1071,-55
4.819,1072,-53
4.819,1073,-50
4.819,1074,-48
4.842,1075,-45
4.842,1076,-43
4.842,1077,-40
4.842,1078,-38
4.862,1079,-36
4.862,1080,-33
4.862,1081,-30
4.862,1082,-27
4.880,1083,-25
4.880,1084,-21
4.880,1085,-18
4.880,1086,-15
4.913,1087,-11
4.913,1088,-8
4.913,1089,-5
4.913,1090,-2
4.914,1091,0
4.940,1092,1
4.940,1093,3
4.940,1094,4
4.940,1095,6
4.940,1096,7
4.940,1097,9
4.940,1098,10
4.952,1099,10
4.952,1100,10
4.952,1101,9
4.952,1102,9
4.952,1103,9
4.952,1104,8
4.972,1105,8
4.972,1106,6
4.972,1107,4
4.972,1108,2
4.972,1109,0
4.972,1110,-1
4.992,1111,-3
4.992,1112,-5
4.992,1113,-8
4.992,1114,-11
5.010,1115,-13
5.010,1116,-16
5.010,1117,-18
5.010,1118,-21
5.029,1119,-22
5.029,1120,-23
5.029,1121,-23
5.029,1122,-24
5.050,1123,-25
5.050,1124,-25
5.050,1125,-25
5.050,1126,-26
5.070,1127,-26
5.070,1128,-26
5.070,1129,-27
5.070,1130,-26
5.092,1131,-25
5.092,1132,-23
5.092,1133,-21
5.092,1134,-20
5.117,1135,-16
5.117,1136,-15
5.117,1137,-13
5.117,1138,-13
5.142,1139,-12
5.142,1140,-9
5.142,1141,-8
5.142,1142,-6
5.142,1143,-6
5.160,1144,-6
5.160,1145,-6
5.160,1146,-7
5.160,1147,-8
5.160,1148,-8
5.182,1149,-8
5.182,1150,-9
5.182,1151,-9
5.182,1152,-9
5.182,1153,-9
5.200,1154,-8
5.200,1155,-8
5.200,1156,-8
5.200,1157,-8
5.200,1158,-8
5.220,1159,-8
5.220,1160,-8
5.220,1161,-7
5.220,1162,-7
5.220,1163,-6
5.243,1164,-6
5.243,1165,-6
5.243,1166,-6
5.243,1167,-6
5.243,1168,-5
5.260,1169,-5
5.260,1170,-4
5.260,1171,-4
5.260,1172,-4
5.260,1173,-3
5.279,1174,-3
5.279,1175,-3
5.280,1176,-3
5.280,1177,-2
5.280,1178,-2
5.307,1179,-1
5.307,1180,0
5.307,1181,0
5.307,1182,0
5.307,1183,0
5.307,1184,0
5.307,1185,0
5.319,1186,0
5.319,1187,-1
5.319,1188,-1
5.319,1189,-2
5.319,1190,-2
5.340,1191,-1
5.340,1192,-1
5.340,1193,-1
5.340,1194,-1
5.340,1195,-1
5.369,1196,-1
5.369,1197,0
5.369,1198,0
5.369,1199,0
5.369,1200,2
5.369,1201,3
5.369,1202,6
5.390,1203,7
5.390,1204,9
5.390,1205,11
5.390,1206,15
5.390,1207,20
5.412,1208,27
5.412,1209,34
5.412,1210,41
5.412,1211,46
5.412,1212,51
5.431,1213,53
5.431,1214,52
5.431,1215,50
5.431,1216,45
5.431,1217,41
5.449,1218,35
5.449,1219,30
5.449,1220,24
5.450,1221,18
5.450,1222,12
5.473,1223,8
5.473,1224,3
5.473,1225,0
5.473,1226,-3
5.473,1227,-6
5.473,1228,-9
5.489,1229,-11
5.489,1230,-13
5.489,1231,-15
5.489,1232,-17
5.510,1233,-18
5.510,1234,-19
5.510,1235,-21
5.510,1236,-25
5.533,1237,-32
5.533,1238,-44
5.533,1239,-59
5.533,1240,-75
5.552,1241,-80
5.552,1242,-42
5.552,1243,1
5.552,1244,79
5.569,1245,148
5.570,1246,208
5.570,1247,257
5.570,1248,278
5.605,1249,251
5.605,1250,207
5.605,1251,126
5.605,1252,60
5.605,1253,10
5.620,1254,-21
5.620,1255,-36
5.620,1256,-45
5.620,1257,-46
5.640,1258,-49
5.640,1259,-51
5.640,1260,-52
5.640,1261,-52
5.663,1262,-52
5.663,1263,-51
5.663,1264,-48
5.663,1265,-47
5.680,1266,-45
5.680,1267,-44
5.680,1268,-44
5.680,1269,-42
5.700,1270,-41
5.700,1271,-39
5.700,1272,-37
5.700,1273,-35
5.723,1274,-33
5.723,1275,-30
5.723,1276,-27
5.723,1277,-25
5.739,1278,-23
5.739,1279,-21
5.739,1280,-18
5.739,1281,-15
5.760,1282,-12
5.760,1283,-8
5.760,1284,-4
5.760,1285,-1
5.760,1286,2
5.783,1287,5
5.783,1288,8
5.783,1289,11
5.783,1290,13
5.783,1291,16
5.810,1292,17
5.810,1293,19
5.810,1294,21
5.810,1295,22
5.810,1296,23
5.831,1297,24
5.831,1298,25
5.831,1299,25
5.831,1300,25
5.831,1301,25
5.849,1302,24
5.849,1303,23
5.849,1304,22
5.849,1305,20
5.849,1306,19
5.871,1307,17
5.871,1308,18
5.871,1309,15
5.871,1310,15
5.871,1311,11
5.871,1312,7
5.890,1313,7
5.890,1314,4
5.890,1315,4
5.890,1316,1
5.890,1317,-1
5.890,1318,0
5.914,1319,-1
5.914,1320,0
5.914,1321,-1
5.914,1322,-2
5.914,1323,-1
5.930,1324,-2
5.930,1325,-1
5.930,1326,-2
5.930,1327,-3
5.930,1328,0
5.930,1329,0
5.951,1330,2
5.951,1331,2
5.951,1332,2
5.951,1333,5
5.951,1334,6
5.951,1335,9
5.970,1336,10
5.970,1337,10
5.970,1338,13
5.970,1339,13
5.970,1340,16
5.990,1341,15
5.990,1342,15
5.990,1343,17
5.990,1344,17
5.990,1345,19
6.009,1346,17
6.009,1347,16
6.009,1348,18
6.009,1349,17
6.009,1350,19
6.042,1351,17
6.042,1352,15
6.042,1353,17
6.042,1354,16
6.042,1355,18
6.069,1356,16
6.069,1357,15
6.069,1358,16
6.069,1359,15
6.069,1360,16
6.084,1361,15
6.084,1362,13
6.084,1363,13
6.084,1364,12
6.084,1365,12
6.100,1366,11
6.100,1367,10
6.100,1368,9
6.100,1369,8
6.100,1370,8
6.100,1371,8
6.120,1372,7
6.120,1373,11
6.120,1374,10
6.120,1375,12
6.120,1376,11
6.120,1377,9
6.145,1378,8
6.145,1379,7
6.145,1380,8
6.145,1381,8
6.145,1382,8
6.145,1383,7
6.160,1384,7
6.160,1385,6
6.160,1386,6
6.160,1387,6
6.160,1388,6
6.160,1389,6
6.160,1390,6
6.180,1391,6
6.180,1392,6
6.180,1393,6
6.180,1394,5
6.180,1395,5
6.180,1396,5
6.180,1397,5
6.204,1398,6
6.204,1399,6
6.204,1400,7
6.207,1401,8
6.207,1402,8
6.207,1403,10
6.220,1404,11
6.220,1405,13
6.220,1406,14
6.220,1407,16
6.220,1408,19
6.250,1409,23
6.250,1410,30
6.250,1411,37
6.250,1412,44
6.250,1413,49
6.279,1414,53
6.280,1415,56
6.280,1416,57
6.280,1417,56
6.280,1418,55
6.290,1419,50
6.290,1420,46
6.290,1421,39
6.290,1422,33
6.290,1423,27
6.310,1424,22
6.310,1425,18
6.310,1426,14
6.310,1427,9
6.310,1428,8
6.310,1429,4
6.334,1430,3
6.334,1431,0
6.334,1432,-3
6.334,1433,-2
6.334,1434,-4
6.350,1435,-4
6.350,1436,-7
6.350,1437,-10
6.350,1438,-10
6.371,1439,-18
6.371,1440,-27
6.371,1441,-44
6.371,1442,-62
6.396,1443,-69
6.396,1444,-60
6.396,1445,-19
6.396,1446,33
6.396,1447,102
6.422,1448,167
6.422,1449,223
6.422,1450,272
6.422,1451,297
6.442,1452,290
6.442,1453,250
6.442,1454,180
6.442,1455,103
6.461,1456,33
6.461,1457,-18
6.461,1458,-50
6.461,1459,-67
6.480,1460,-73
6.480,1461,-75
6.480,1462,-76
6.480,1463,-79
6.500,1464,-81
6.500,1465,-81
6.500,1466,-80
6.500,1467,-78
6.522,1468,-75
6.522,1469,-72
6.522,1470,-69
6.522,1471,-65
6.540,1472,-62
6.540,1473,-56
6.540,1474,-54
6.540,1475,-49
6.562,1476,-47
6.562,1477,-45
6.562,1478,-43
6.562,1479,-40
6.583,1480,-37
6.583,1481,-35
6.583,1482,-33
6.583,1483,-31
6.600,1484,-29
6.600,1485,-26
6.600,1486,-23
6.600,1487,-20
6.625,1488,-17
6.625,1489,-15
6.625,1490,-11
6.625,1491,-8
6.652,1492,-4
6.652,1493,0
6.652,1494,2
6.652,1495,6
6.652,1496,9
6.652,1497,11
6.672,1498,14
6.672,1499,16
6.672,1500,18
6.672,1501,20
6.672,1502,21
6.691,1503,22
6.691,1504,22
6.691,1505,23
6.691,1506,23
6.691,1507,23
6.710,1508,22
6.710,1509,21
6.710,1510,20
6.710,1511,17
6.710,1512,15
6.730,1513,13
6.730,1514,11
6.730,1515,9
6.730,1516,6
6.730,1517,4
6.730,1518,3
6.754,1519,1
6.754,1520,0
6.754,1521,-2
6.754,1522,-3
6.754,1523,-4
6.754,1524,-5
6.770,1525,-6
6.770,1526,-7
6.770,1527,-8
6.770,1528,-8
6.770,1529,-8
6.791,1530,-8
6.791,1531,-9
6.791,1532,-9
6.791,1533,-9
6.791,1534,-9
6.811,1535,-8
6.811,1536,-8
6.811,1537,-8
6.811,1538,-7
6.811,1539,-7
6.842,1540,-6
6.842,1541,-6
6.842,1542,-5
6.842,1543,-4
6.842,1544,-2
6.850,1545,-1
6.850,1546,-1
6.850,1547,0
6.850,1548,0
6.850,1549,0
6.850,1550,0
6.884,1551,0
6.884,1552,0
6.884,1553,0
6.884,1554,0
6.884,1555,1
6.884,1556,1
6.902,1557,0
6.902,1558,0
6.902,1559,-2
6.902,1560,-3
6.902,1561,-4
6.902,1562,-5
6.920,1563,-5
6.920,1564,-5
6.920,1565,-5
6.920,1566,-6
6.920,1567,-6
6.941,1568,-7
6.941,1569,-7
6.941,1570,-7
6.942,1571,-7
6.942,1572,-7
6.963,1573,-7
6.963,1574,-7
6.963,1575,-7
6.963,1576,-7
6.963,1577,-7
6.982,1578,-7
6.982,1579,-6
6.982,1580,-6
6.982,1581,-6
6.982,1582,-6
7.004,1583,-6
7.004,1584,-6
7.004,1585,-6
7.004,1586,-6
7.004,1587,-6
7.019,1588,-6
7.019,1589,-6
7.019,1590,-6
7.019,1591,-5
7.019,1592,-5
7.043,1593,-5
7.043,1594,-5
7.043,1595,-5
7.043,1596,-5
7.043,1597,-5
7.064,1598,-5
7.064,1599,-6
7.064,1600,-6
7.064,1601,-5
7.064,1602,-5
7.090,1603,-5
7.090,1604,-5
7.090,1605,-5
7.090,1606,-5
7.090,1607,-5
7.112,1608,-5
7.112,1609,-5
7.112,1610,-5
7.112,1611,-4
7.112,1612,-4
7.131,1613,-3
7.131,1614,-2
7.131,1615,0
7.131,1616,0
7.131,1617,2
7.131,1618,3
7.152,1619,5
7.152,1620,8
7.153,1621,13
7.153,1622,20
7.153,1623,27
7.170,1624,34
7.170,1625,40
7.170,1626,44
7.170,1627,46
7.170,1628,46
7.189,1629,45
7.190,1630,41
7.190,1631,36
7.190,1632,31
7.190,1633,26
7.212,1634,20
7.212,1635,15
7.212,1636,9
7.212,1637,4
7.212,1638,1
7.212,1639,-2
7.231,1640,-5
7.231,1641,-9
7.231,1642,-11
7.231,1643,-14
7.250,1644,-16
7.250,1645,-17
7.250,1646,-20
7.250,1647,-21
7.272,1648,-22
7.272,1649,-23
7.272,1650,-26
7.272,1651,-34
7.290,1652,-47
7.290,1653,-63
7.290,1654,-78
7.290,1655,-82
7.330,1656,-63
7.330,1657,-17
7.330,1658,41
7.330,1659,113
7.340,1660,163
7.340,1661,174
7.340,1662,147
7.340,1663,83
7.340,1664,9
7.363,1665,-49
7.363,1666,-85
7.363,1667,-99
7.363,1668,-103
7.382,1669,-101
7.382,1670,-101
7.382,1671,-100
7.400,1672,-99
7.400,1673,-97
7.400,1674,-94
7.400,1675,-90
7.423,1676,-87
7.423,1677,-84
7.423,1678,-80
7.423,1679,-76
7.440,1680,-72
7.440,1681,-68
7.440,1682,-64
7.440,1683,-61
7.460,1684,-58
7.460,1685,-54
7.460,1686,-51
7.460,1687,-48
7.484,1688,-45
7.484,1689,-41
7.484,1690,-38
7.484,1691,-35
7.500,1692,-33
7.500,1693,-30
7.500,1694,-27
7.500,1695,-23
7.520,1696,-19
7.520,1697,-16
7.520,1698,-11
7.520,1699,-8
7.520,1700,-2
7.550,1701,3
7.550,1702,5
7.550,1703,10
7.550,1704,11
7.550,1705,12
7.572,1706,17
7.572,1707,18
7.572,1708,22
7.572,1709,25
7.572,1710,24
7.592,1711,26
7.592,1712,25
7.592,1713,23
7.592,1714,22
7.592,1715,21
7.610,1716,20
7.610,1717,17
7.610,1718,15
7.610,1719,12
7.610,1720,8
7.610,1721,6
7.630,1722,3
7.630,1723,0
7.630,1724,-1
7.630,1725,-4
7.630,1726,-6
7.651,1727,-8
7.651,1728,-10
7.651,1729,-11
7.651,1730,-13
7.670,1731,-14
7.670,1732,-15
7.670,1733,-16
7.670,1734,-17
7.697,1735,-18
7.698,1736,-18
7.698,1737,-18
7.698,1738,-17
7.710,1739,-17
7.710,1740,-15
7.710,1741,-14
7.710,1742,-14
7.733,1743,-12
7.733,1744,-11
7.733,1745,-10
7.733,1746,-8
7.733,1747,-7
7.750,1748,-6
7.750,1749,-5
7.750,1750,-3
7.750,1751,-2
7.750,1752,-1
7.786,1753,-1
7.786,1754,0
7.786,1755,0
7.786,1756,0
7.786,1757,0
7.786,1758,0
7.800,1759,1
7.800,1760,1
7.800,1761,1
7.800,1762,2
7.800,1763,2
7.800,1764,2
7.800,1765,1
7.820,1766,1
7.820,1767,1
7.820,1768,1
7.820,1769,5
7.820,1770,4
7.820,1771,7
7.844,1772,6
7.844,1773,5
7.844,1774,8
7.844,1775,8
7.844,1776,10
7.844,1777,9
7.844,1778,8
7.861,1779,10
7.862,1780,9
7.862,1781,11
7.862,1782,10
7.862,1783,9
7.880,1784,12
7.880,1785,11
7.880,1786,12
7.880,1787,10
7.880,1788,8
7.903,1789,10
7.903,1790,9
7.903,1791,11
7.903,1792,9
7.903,1793,8
7.903,1794,10
7.922,1795,9
7.922,1796,11
7.922,1797,10
7.922,1798,9
7.922,1799,11
7.922,1800,10
7.942,1801,11
7.942,1802,9
7.942,1803,7
7.942,1804,8
7.942,1805,7
7.942,1806,8
7.969,1807,7
7.970,1808,6
7.970,1809,8
7.970,1810,7
7.970,1811,8
7.970,1812,6
7.970,1813,5
7.990,1814,5
7.990,1815,4
7.990,1816,4
7.990,1817,4
7.990,1818,3
7.990,1819,2
8.022,1820,1
8.022,1821,0
8.022,1822,0
8.022,1823,1
8.022,1824,3
8.022,1825,4
8.022,1826,5
8.040,1827,6
8.040,1828,8
8.040,1829,14
8.040,1830,17
8.040,1831,25
8.059,1832,30
8.059,1833,36
8.059,1834,45
8.059,1835,50
8.059,1836,56
8.093,1837,57
8.093,1838,56
8.093,1839,56
8.093,1840,51
8.093,1841,48
8.109,1842,41
8.109,1843,34
8.109,1844,26
8.109,1845,19
8.109,1846,12
8.109,1847,6
8.132,1848,1
8.132,1849,-2
8.132,1850,-6
8.132,1851,-9
8.132,1852,-12
8.151,1853,-15
8.151,1854,-18
8.151,1855,-20
8.151,1856,-22
8.172,1857,-24
8.172,1858,-25
8.172,1859,-27
8.172,1860,-31
8.191,1861,-38
8.191,1862,-50
8.191,1863,-65
8.191,1864,-80
8.212,1865,-87
8.212,1866,-76
8.212,1867,-34
8.212,1868,21
8.229,1869,94
8.229,1870,160
8.230,1871,217
8.230,1872,266
8.250,1873,288
8.250,1874,277
8.250,1875,229
8.250,1876,153
8.285,1877,71
8.285,1878,1
8.285,1879,-48
8.285,1880,-79
8.285,1881,-94
8.299,1882,-99
8.299,1883,-99
8.299,1884,-99
8.319,1885,-101
8.319,1886,-102
8.319,1887,-102
8.319,1888,-99
8.340,1889,-94
8.340,1890,-87
8.340,1891,-85
8.340,1892,-81
8.361,1893,-79
8.361,1894,-76
8.361,1895,-70
8.361,1896,-67
8.382,1897,-62
8.382,1898,-61
8.382,1899,-60
8.382,1900,-58
8.403,1901,-55
8.403,1902,-52
8.403,1903,-49
8.403,1904,-48
8.419,1905,-46
8.419,1906,-44
8.419,1907,-42
8.419,1908,-39
8.442,1909,-36
8.442,1910,-32
8.442,1911,-28
8.442,1912,-24
8.459,1913,-19
8.459,1914,-15
8.459,1915,-11
8.459,1916,-8
8.479,1917,-6
8.479,1918,-5
8.479,1919,-4
8.479,1920,-3
8.479,1921,-1
8.479,1922,0
8.511,1923,2
8.511,1924,3
8.511,1925,3
8.511,1926,3
8.511,1927,2
8.511,1928,0
8.530,1929,0
8.530,1930,-1
8.530,1931,-2
8.530,1932,-4
8.530,1933,-7
8.549,1934,-11
8.550,1935,-15
8.550,1936,-18
8.550,1937,-19
8.571,1938,-20
8.571,1939,-21
8.571,1940,-22
8.572,1941,-24
8.589,1942,-27
8.589,1943,-30
8.589,1944,-32
8.589,1945,-34
8.610,1946,-34
8.610,1947,-35
8.610,1948,-36
8.610,1949,-35
8.630,1950,-35
8.630,1951,-31
8.630,1952,-31
8.630,1953,-27
8.649,1954,-26
8.649,1955,-25
8.649,1956,-23
8.649,1957,-21
8.670,1958,-19
8.670,1959,-18
8.670,1960,-17
8.670,1961,-15
8.692,1962,-14
8.692,1963,-12
8.692,1964,-10
8.692,1965,-7
8.692,1966,-6
8.722,1967,-6
8.722,1968,-7
8.722,1969,-8
8.722,1970,-8
8.722,1971,-8
8.742,1972,-7
8.742,1973,-7
8.742,1974,-7
8.742,1975,-7
8.742,1976,-6
8.761,1977,-6
8.761,1978,-5
8.761,1979,-5
8.761,1980,-4
8.761,1981,-2
8.780,1982,-1
8.780,1983,0
8.780,1984,0
8.780,1985,0
8.780,1986,0
8.780,1987,0
8.800,1988,0
8.800,1989,-1
8.800,1990,-1
8.800,1991,0
8.800,1992,1
8.800,1993,2
8.820,1994,2
8.821,1995,0
8.821,1996,0
8.821,1997,0
8.821,1998,1
8.821,1999,1
8.821,2000,1
8.839,2001,1
8.839,2002,1
8.839,2003,0
8.839,2004,0
8.839,2005,0
8.839,2006,0
8.864,2007,2
8.864,2008,3
8.864,2009,5
8.864,2010,7
8.864,2011,10
8.864,2012,13
8.880,2013,15
8.880,2014,17
8.880,2015,21
8.880,2016,27
8.880,2017,34
8.899,2018,41
8.899,2019,48
8.899,2020,54
8.900,2021,58
8.900,2022,59
8.920,2023,57
8.920,2024,53
8.920,2025,48
8.920,2026,43
8.920,2027,36
8.954,2028,29
8.954,2029,21
8.954,2030,13
8.954,2031,7
8.954,2032,1
8.954,2033,-3
8.977,2034,-8
8.977,2035,-13
8.978,2036,-18
8.978,2037,-22
8.995,2038,-25
8.995,2039,-26
8.995,2040,-27
8.995,2041,-29
9.014,2042,-31
9.014,2043,-34
9.014,2044,-38
9.014,2045,-42
9.034,2046,-50
9.034,2047,-60
9.034,2048,-73
9.034,2049,-79
9.052,2050,-70
9.053,2051,-35
9.053,2052,18
9.053,2053,84
9.073,2054,152
9.073,2055,211
9.073,2056,249
9.073,2057,257
9.092,2058,239
9.092,2059,195
9.092,2060,141
9.092,2061,83
9.092,2062,22
9.110,2063,-38
9.110,2064,-89
9.110,2065,-124
9.134,2066,-141
9.134,2067,-146
9.134,2068,-143
9.134,2069,-138
9.163,2070,-131
9.163,2071,-123
9.163,2072,-117
9.181,2073,-111
9.181,2074,-107
9.181,2075,-100
9.199,2076,-95
9.199,2077,-86
9.199,2078,-81
9.199,2079,-75
9.220,2080,-69
9.220,2081,-65
9.220,2082,-62
9.220,2083,-61
9.240,2084,-60
9.240,2085,-59
9.240,2086,-58
9.240,2087,-56
9.259,2088,-54
9.259,2089,-52
9.259,2090,-50
9.260,2091,-47
9.281,2092,-44
9.281,2093,-42
9.281,2094,-39
9.281,2095,-35
9.300,2096,-33
9.300,2097,-31
9.300,2098,-28
9.300,2099,-26
9.321,2100,-22
9.321,2101,-19
9.321,2102,-16
9.321,2103,-12
9.321,2104,-9
9.341,2105,-8
9.341,2106,-9
9.341,2107,-10
9.341,2108,-11
9.362,2109,-13
9.362,2110,-15
9.362,2111,-15
9.362,2112,-16
9.394,2113,-15
9.394,2114,-17
9.394,2115,-20
9.394,2116,-22
9.420,2117,-23
9.420,2118,-23
9.420,2119,-23
9.420,2120,-24
9.430,2121,-26
9.430,2122,-28
9.430,2123,-29
9.430,2124,-30
9.450,2125,-29
9.450,2126,-28
9.450,2127,-27
9.450,2128,-27
9.472,2129,-28
9.472,2130,-26
9.472,2131,-23
9.472,2132,-19
9.490,2133,-18
9.490,2134,-19
9.490,2135,-22
9.490,2136,-25
9.510,2137,-25
9.510,2138,-22
9.510,2139,-19
9.510,2140,-16
9.540,2141,-14
9.540,2142,-15
9.540,2143,-15
9.540,2144,-16
9.551,2145,-16
9.551,2146,-14
9.551,2147,-10
9.551,2148,-9
9.570,2149,-9
9.570,2150,-10
9.570,2151,-10
9.570,2152,-9
9.570,2153,-7
9.592,2154,-3
9.592,2155,0
9.592,2156,7
9.592,2157,13
9.592,2158,23
9.619,2159,28
9.619,2160,34
9.619,2161,38
9.619,2162,42
9.619,2163,51
9.640,2164,60
9.640,2165,71
9.640,2166,78
9.640,2167,82
9.640,2168,87
9.661,2169,87
9.661,2170,88
9.662,2171,86
9.662,2172,81
9.662,2173,76
9.680,2174,68
9.680,2175,60
9.680,2176,49
9.680,2177,39
9.680,2178,32
9.702,2179,25
9.702,2180,21
9.702,2181,15
9.702,2182,8
9.702,2183,4
9.702,2184,0
9.721,2185,-1
9.721,2186,-3
9.721,2187,-5
9.721,2188,-7
9.721,2189,-8
9.740,2190,-6
9.740,2191,-9
9.740,2192,-13
9.740,2193,-23
9.760,2194,-33
9.760,2195,-37
9.760,2196,-33
9.760,2197,-9
9.760,2198,33
9.781,2199,88
9.781,2200,153
9.781,2201,212
9.781,2202,249
9.804,2203,260
9.804,2204,253
9.804,2205,216
9.804,2206,169
9.832,2207,110
9.832,2208,47
9.832,2209,-7
9.832,2210,-41
9.855,2211,-56
9.855,2212,-56
9.855,2213,-49
9.855,2214,-45
9.870,2215,-42
9.870,2216,-40
9.870,2217,-37
9.870,2218,-30
9.890,2219,-24
9.890,2220,-19
9.891,2221,-14
9.891,2222,-10
9.891,2223,-6
9.913,2224,-2
9.913,2225,1
9.913,2226,4
9.913,2227,8
9.913,2228,12
9.932,2229,16
9.932,2230,20
9.932,2231,23
9.932,2232,25
9.932,2233,27
9.950,2234,29
9.950,2235,31
9.950,2236,34
9.950,2237,36
9.950,2238,39
9.971,2239,41
9.971,2240,43
9.974,2241,45
9.974,2242,48
9.974,2243,51
9.992,2244,54
9.992,2245,56
9.992,2246,58
9.992,2247,59
9.992,2248,60
10.010,2249,60
10.010,2250,61
10.010,2251,62
10.010,2252,65
10.010,2253,65
10.034,2254,68
10.034,2255,69
10.034,2256,70
10.034,2257,74
10.034,2258,76
10.063,2259,80
10.063,2260,81
10.063,2261,81
10.063,2262,83
10.063,2263,82
10.081,2264,84
10.081,2265,83
10.081,2266,82
10.081,2267,81
10.081,2268,80
10.106,2269,80
10.106,2270,80
10.106,2271,81
10.106,2272,80
10.106,2273,78
10.123,2274,77
10.123,2275,75
10.123,2276,75
10.123,2277,74
10.123,2278,74
10.140,2279,73
10.140,2280,73
10.140,2281,74
10.140,2282,74
10.140,2283,77
10.160,2284,77
10.160,2285,80
10.160,2286,79
10.160,2287,78
10.160,2288,77
10.180,2289,75
10.180,2290,75
10.180,2291,73
10.180,2292,71
10.180,2293,73
10.202,2294,72
10.202,2295,73
10.202,2296,72
10.202,2297,71
10.202,2298,70
10.219,2299,70
10.219,2300,70
10.219,2301,69
10.219,2302,67
10.219,2303,66
10.240,2304,65
10.240,2305,64
10.240,2306,63
10.240,2307,61
10.240,2308,60
10.262,2309,59
10.262,2310,59
10.262,2311,58
10.262,2312,58
10.262,2313,56
10.290,2314,58
10.290,2315,57
10.290,2316,59
10.290,2317,58
10.290,2318,56
10.313,2319,57
10.313,2320,56
10.313,2321,57
10.313,2322,56
10.313,2323,55
10.334,2324,57
10.334,2325,55
10.334,2326,55
10.334,2327,52
10.334,2328,50
10.350,2329,49
10.350,2330,48
10.350,2331,46
10.350,2332,44
10.350,2333,42
10.370,2334,42
10.370,2335,43
10.370,2336,44
10.370,2337,46
10.370,2338,48
10.395,2339,49
10.395,2340,50
10.395,2341,52
10.395,2342,55
10.395,2343,60
10.409,2344,66
10.409,2345,75
10.409,2346,80
10.409,2347,87
10.409,2348,89
10.433,2349,91
10.433,2350,94
10.433,2351,93
10.433,2352,92
10.433,2353,86
10.453,2354,77
10.453,2355,71
10.453,2356,60
10.453,2357,52
10.453,2358,41
10.469,2359,30
10.469,2360,21
10.469,2361,13
10.469,2362,7
10.469,2363,1
10.469,2364,-4
10.490,2365,-9
10.490,2366,-13
10.490,2367,-17
10.490,2368,-21
10.519,2369,-24
10.519,2370,-27
10.519,2371,-31
10.519,2372,-37
10.539,2373,-39
10.539,2374,-32
10.539,2375,-2
10.539,2376,43
10.560,2377,102
10.560,2378,163
10.560,2379,216
10.560,2380,262
10.582,2381,294
10.582,2382,295
10.582,2383,262
10.582,2384,194
10.599,2385,106
10.599,2386,19
10.599,2387,-29
10.599,2388,-69
10.599,2389,-76
10.620,2390,-82
10.620,2391,-88
10.620,2392,-92
10.620,2393,-93
10.644,2394,-93
10.644,2395,-92
10.644,2396,-91
10.644,2397,-91
10.659,2398,-89
10.659,2399,-90
10.659,2400,-87
10.659,2401,-86
10.681,2402,-84
10.681,2403,-83
10.681,2404,-81
10.681,2405,-80
10.704,2406,-79
10.704,2407,-76
10.704,2408,-73
10.704,2409,-72
10.732,2410,-71
10.732,2411,-70
10.732,2412,-68
10.732,2413,-66
10.750,2414,-64
10.750,2415,-61
10.750,2416,-58
10.750,2417,-54
10.769,2418,-51
10.769,2419,-49
10.769,2420,-47
10.769,2421,-46
10.790,2422,-43
10.790,2423,-41
10.790,2424,-39
10.790,2425,-37
10.810,2426,-36
10.810,2427,-35
10.810,2428,-34
10.810,2429,-33
10.829,2430,-34
10.829,2431,-34
10.829,2432,-34
10.829,2433,-35
10.850,2434,-35
10.850,2435,-35
10.850,2436,-36
10.850,2437,-38
10.870,2438,-40
10.870,2439,-42
10.870,2440,-45
10.870,2441,-47
10.889,2442,-50
10.889,2443,-52
10.889,2444,-54
10.889,2445,-56
10.910,2446,-58
10.910,2447,-58
10.910,2448,-58
10.910,2449,-58
10.931,2450,-59
10.931,2451,-56
10.931,2452,-56
10.931,2453,-52
10.959,2454,-51
10.959,2455,-51
10.959,2456,-48
10.959,2457,-48
10.980,2458,-45
10.980,2459,-45
10.980,2460,-44
10.980,2461,-42
11.001,2462,-41
11.001,2463,-39
11.001,2464,-37
11.001,2465,-36
11.019,2466,-34
11.019,2467,-34
11.019,2468,-35
11.019,2469,-37
11.039,2470,-37
11.039,2471,-37
11.039,2472,-37
11.040,2473,-36
11.065,2474,-37
11.065,2475,-37
11.065,2476,-37
11.065,2477,-36
11.079,2478,-35
11.079,2479,-34
11.079,2480,-34
11.079,2481,-33
11.104,2482,-33
11.104,2483,-32
11.104,2484,-32
11.104,2485,-31
11.120,2486,-32
11.120,2487,-32
11.120,2488,-32
11.120,2489,-32
11.141,2490,-32
11.141,2491,-31
11.141,2492,-30
11.141,2493,-28
11.160,2494,-28
11.160,2495,-27
11.160,2496,-28
11.160,2497,-29
11.192,2498,-26
11.193,2499,-24
11.193,2500,-19
11.193,2501,-16
11.217,2502,-13
11.217,2503,-7
11.217,2504,0
11.217,2505,11
11.217,2506,21
11.234,2507,29
11.234,2508,35
11.234,2509,37
11.234,2510,39
11.234,2511,39
11.254,2512,38
11.254,2513,37
11.254,2514,31
11.254,2515,26
11.254,2516,19
11.272,2517,11
11.272,2518,3
11.272,2519,-3
11.272,2520,-9
11.272,2521,-14
11.291,2522,-19
11.291,2523,-24
11.291,2524,-29
11.291,2525,-34
11.315,2526,-38
11.315,2527,-41
11.315,2528,-43
11.315,2529,-46
11.329,2530,-49
11.329,2531,-51
11.329,2532,-55
11.329,2533,-49
11.350,2534,-28
11.350,2535,16
11.350,2536,73
11.350,2537,140
11.371,2538,198
11.371,2539,249
11.371,2540,291
11.374,2541,299
11.389,2542,276
11.389,2543,215
11.389,2544,131
11.389,2545,51
11.423,2546,-15
11.423,2547,-56
11.423,2548,-79
11.423,2549,-87
11.442,2550,-90
11.442,2551,-90
11.442,2552,-90
11.442,2553,-91
11.462,2554,-89
11.462,2555,-88
11.462,2556,-88
11.462,2557,-86
11.480,2558,-84
11.480,2559,-80
11.480,2560,-76
11.480,2561,-72
11.504,2562,-70
11.504,2563,-68
11.504,2564,-65
11.504,2565,-63
11.519,2566,-61
11.519,2567,-59
11.519,2568,-58
11.519,2569,-55
11.540,2570,-52
11.540,2571,-48
11.540,2572,-44
11.540,2573,-40
11.561,2574,-37
11.561,2575,-33
11.561,2576,-30
11.561,2577,-28
11.580,2578,-25
11.580,2579,-22
11.580,2580,-18
11.580,2581,-14
11.602,2582,-12
11.602,2583,-9
11.602,2584,-6
11.603,2585,-4
11.603,2586,0
11.603,2587,1
11.630,2588,1
11.630,2589,2
11.630,2590,2
11.630,2591,3
11.630,2592,3
11.630,2593,2
11.650,2594,2
11.650,2595,0
11.650,2596,-2
11.650,2597,-5
11.650,2598,-7
11.650,2599,-9
11.682,2600,-12
11.682,2601,-14
11.682,2602,-15
11.682,2603,-17
11.693,2604,-17
11.693,2605,-19
11.693,2606,-21
11.693,2607,-23
11.712,2608,-25
11.712,2609,-26
11.712,2610,-27
11.712,2611,-27
11.735,2612,-28
11.735,2613,-29
11.735,2614,-27
11.735,2615,-26
11.750,2616,-24
11.750,2617,-24
11.750,2618,-24
11.750,2619,-23
11.770,2620,-23
11.770,2621,-22
11.770,2622,-21
11.770,2623,-20
11.793,2624,-19
11.793,2625,-17
11.793,2626,-15
11.793,2627,-13
11.810,2628,-11
11.810,2629,-9
11.810,2630,-8
11.810,2631,-8
11.831,2632,-8
11.831,2633,-7
11.831,2634,-6
11.831,2635,-5
11.831,2636,-3
11.860,2637,-2
11.860,2638,-3
11.860,2639,-3
11.860,2640,-4
11.860,2641,-5
11.880,2642,-5
11.880,2643,-6
11.880,2644,-5
11.880,2645,-5
11.880,2646,-4
11.900,2647,-3
11.900,2648,-3
11.900,2649,-3
11.900,2650,-5
11.900,2651,-6
11.919,2652,-7
11.919,2653,-7
11.919,2654,-8
11.919,2655,-9
11.919,2656,-10
11.939,2657,-12
11.940,2658,-13
11.940,2659,-14
11.940,2660,-14
11.960,2661,-14
11.961,2662,-13
11.961,2663,-12
11.961,2664,-12
11.980,2665,-11
11.980,2666,-11
11.980,2667,-11
11.980,2668,-11
12.000,2669,-12
12.000,2670,-13
12.000,2671,-15
12.000,2672,-15
12.020,2673,-14
12.020,2674,-13
12.020,2675,-12
12.020,2676,-12
12.052,2677,-12
12.052,2678,-11
12.052,2679,-11
12.052,2680,-11
12.059,2681,-11
12.060,2682,-11
12.060,2683,-10
12.060,2684,-9
12.093,2685,-7
12.093,2686,-5
12.093,2687,-5
12.093,2688,-6
12.093,2689,-6
12.112,2690,-6
12.112,2691,-4
12.112,2692,-2
12.112,2693,0
12.112,2694,2
12.112,2695,4
12.130,2696,5
12.130,2697,6
12.130,2698,6
12.130,2699,8
12.130,2700,12
12.131,2701,19
12.155,2702,27
12.155,2703,34
12.155,2704,40
12.155,2705,43
12.155,2706,46
12.170,2707,48
12.170,2708,47
12.170,2709,45
12.170,2710,41
12.170,2711,36
12.189,2712,31
12.189,2713,24
12.189,2714,17
12.189,2715,9
12.189,2716,2
12.189,2717,-2
12.215,2718,-7
12.215,2719,-12
12.215,2720,-17
12.215,2721,-21
12.233,2722,-24
12.233,2723,-28
12.233,2724,-30
12.233,2725,-33
12.250,2726,-35
12.250,2727,-35
12.250,2728,-36
12.250,2729,-38
12.274,2730,-42
12.275,2731,-49
12.275,2732,-47
12.275,2733,-32
12.289,2734,10
12.289,2735,65
12.289,2736,134
12.289,2737,194
12.322,2738,246
12.322,2739,285
12.322,2740,292
12.322,2741,267
12.346,2742,206
12.346,2743,124
12.346,2744,71
12.346,2745,19
12.347,2746,3
12.363,2747,-11
12.363,2748,-25
12.363,2749,-36
12.363,2750,-43
12.384,2751,-48
12.384,2752,-51
12.384,2753,-55
12.384,2754,-58
12.404,2755,-61
12.404,2756,-63
12.404,2757,-63
12.404,2758,-63
12.420,2759,-62
12.420,2760,-62
12.420,2761,-61
12.420,2762,-60
12.444,2763,-58
12.445,2764,-55
12.445,2765,-54
12.445,2766,-52
12.461,2767,-51
12.461,2768,-50
12.461,2769,-48
12.461,2770,-45
12.482,2771,-41
12.482,2772,-37
12.482,2773,-33
12.482,2774,-30
12.500,2775,-27
12.500,2776,-24
12.500,2777,-22
12.500,2778,-19
12.529,2779,-16
12.529,2780,-13
12.529,2781,-10
12.529,2782,-8
12.552,2783,-5
12.552,2784,-3
12.552,2785,-3
12.552,2786,-2
12.552,2787,-1
12.552,2788,0
12.570,2789,0
12.570,2790,0
12.570,2791,1
12.570,2792,2
12.570,2793,2
12.570,2794,3
12.590,2795,2
12.590,2796,0
12.590,2797,0
12.590,2798,-3
12.590,2799,-5
12.590,2800,-7
12.610,2801,-10
12.610,2802,-11
12.610,2803,-13
12.610,2804,-14
12.635,2805,-15
12.635,2806,-17
12.635,2807,-18
12.635,2808,-19
12.649,2809,-19
12.649,2810,-20
12.649,2811,-21
12.649,2812,-22
12.681,2813,-22
12.682,2814,-21
12.682,2815,-21
12.682,2816,-20
12.692,2817,-19
12.692,2818,-17
12.692,2819,-15
12.693,2820,-15
12.710,2821,-13
12.710,2822,-12
12.710,2823,-10
12.710,2824,-8
12.729,2825,-7
12.729,2826,-5
12.729,2827,-3
12.729,2828,-2
12.729,2829,0
12.729,2830,0
12.764,2831,0
12.764,2832,1
12.764,2833,2
12.764,2834,2
12.764,2835,3
12.764,2836,3
12.790,2837,3
12.790,2838,3
12.790,2839,3
12.790,2840,2
12.790,2841,1
12.790,2842,1
12.790,2843,2
12.800,2844,3
12.800,2845,3
12.800,2846,3
12.800,2847,2
12.800,2848,2
12.800,2849,1
12.800,2850,0
12.825,2851,0
12.825,2852,0
12.825,2853,1
12.825,2854,2
12.825,2855,2
12.825,2856,2
12.839,2857,2
12.839,2858,2
12.839,2859,1
12.839,2860,1
12.839,2861,0
12.839,2862,0
12.839,2863,1
12.872,2864,1
12.872,2865,2
12.872,2866,3
12.872,2867,4
12.872,2868,4
12.872,2869,3
12.872,2870,2
12.889,2871,2
12.889,2872,2
12.889,2873,3
12.889,2874,4
12.889,2875,3
12.889,2876,2
12.920,2877,1
12.920,2878,0
12.920,2879,1
12.920,2880,1
12.920,2881,2
12.920,2882,2
12.920,2883,2
12.949,2884,1
12.949,2885,1
12.949,2886,1
12.949,2887,0
12.949,2888,1
12.949,2889,0
12.949,2890,0
12.969,2891,0
12.969,2892,0
12.969,2893,0
12.969,2894,0
12.969,2895,0
12.969,2896,-1
13.000,2897,0
13.000,2898,0
13.000,2899,0
13.000,2900,0
13.001,2901,0
13.001,2902,0
13.001,2903,0
13.024,2904,-1
13.024,2905,-1
13.025,2906,-1
13.025,2907,0
13.025,2908,0
13.050,2909,0
13.050,2910,1
13.050,2911,4
13.050,2912,6
13.050,2913,9
13.050,2914,11
13.069,2915,13
13.069,2916,18
13.069,2917,24
13.069,2918,31
13.069,2919,37
13.092,2920,43
13.092,2921,48
13.092,2922,52
13.092,2923,55
13.092,2924,55
13.110,2925,53
13.110,2926,50
13.110,2927,45
13.110,2928,40
13.110,2929,33
13.135,2930,25
13.135,2931,17
13.135,2932,9
13.135,2933,2
13.135,2934,-3
13.135,2935,-8
13.150,2936,-13
13.150,2937,-17
13.150,2938,-20
13.150,2939,-24
13.182,2940,-27
13.183,2941,-29
13.183,2942,-30
13.183,2943,-31
13.199,2944,-33
13.200,2945,-36
13.200,2946,-41
13.200,2947,-49
13.220,2948,-59
13.220,2949,-71
13.220,2950,-83
13.220,2951,-88
13.243,2952,-77
13.243,2953,-40
13.243,2954,12
13.243,2955,79
13.260,2956,146
13.260,2957,205
13.260,2958,255
13.260,2959,281
13.280,2960,276
13.280,2961,234
13.280,2962,162
13.280,2963,77
13.280,2964,-3
13.305,2965,-69
13.305,2966,-114
13.305,2967,-137
13.320,2968,-143
13.320,2969,-142
13.320,2970,-135
13.344,2971,-129
13.344,2972,-123
13.344,2973,-116
13.344,2974,-111
13.365,2975,-106
13.365,2976,-102
13.365,2977,-98
13.382,2978,-96
13.382,2979,-93
13.382,2980,-88
13.382,2981,-83
13.411,2982,-78
13.411,2983,-73
13.411,2984,-70
13.411,2985,-64
13.430,2986,-60
13.430,2987,-53
13.430,2988,-49
13.430,2989,-46
13.450,2990,-42
13.450,2991,-40
13.450,2992,-37
13.450,2993,-34
13.475,2994,-32
13.475,2995,-29
13.475,2996,-26
13.475,2997,-24
13.492,2998,-22
13.492,2999,-19
13.492,3000,-15
13.493,3001,-12
13.493,3002,-9
13.513,3003,-8
13.513,3004,-6
13.513,3005,-5
13.513,3006,-5
13.513,3007,-4
13.530,3008,-3
13.530,3009,-2
13.530,3010,-2
13.530,3011,-3
13.530,3012,-4
13.552,3013,-6
13.552,3014,-8
13.552,3015,-10
13.552,3016,-12
13.573,3017,-14
13.573,3018,-16
13.573,3019,-19
13.573,3020,-22
13.592,3021,-24
13.592,3022,-26
13.592,3023,-27
13.592,3024,-28
13.614,3025,-29
13.614,3026,-31
13.614,3027,-34
13.614,3028,-35
13.644,3029,-35
13.644,3030,-34
13.644,3031,-35
13.644,3032,-35
13.660,3033,-35
13.660,3034,-34
13.660,3035,-32
13.660,3036,-30
13.679,3037,-28
13.679,3038,-26
13.679,3039,-24
13.679,3040,-21
13.700,3041,-18
13.700,3042,-16
13.700,3043,-14
13.700,3044,-13
13.720,3045,-12
13.720,3046,-12
13.720,3047,-11
13.720,3048,-11
13.740,3049,-10
13.740,3050,-8
13.740,3051,-8
13.740,3052,-6
13.740,3053,-6
13.760,3054,-6
13.760,3055,-5
13.760,3056,-6
13.760,3057,-7
13.760,3058,-8
13.780,3059,-9
13.780,3060,-8
13.780,3061,-9
13.780,3062,-8
13.780,3063,-7
13.800,3064,-7
13.800,3065,-7
13.800,3066,-9
13.800,3067,-12
13.820,3068,-13
13.820,3069,-13
13.820,3070,-13
13.820,3071,-13
13.840,3072,-14
13.840,3073,-14
13.840,3074,-16
13.840,3075,-16
13.872,3076,-16
13.872,3077,-17
13.872,3078,-16
13.872,3079,-17
13.890,3080,-17
13.890,3081,-17
13.890,3082,-16
13.890,3083,-13
13.911,3084,-12
13.911,3085,-12
13.911,3086,-13
13.911,3087,-13
13.931,3088,-12
13.931,3089,-12
13.931,3090,-11
13.932,3091,-11
13.952,3092,-11
13.952,3093,-11
13.952,3094,-9
13.952,3095,-6
13.952,3096,-3
13.972,3097,0
13.972,3098,2
13.972,3099,6
13.972,3100,10
13.972,3101,16
13.972,3102,22
13.990,3103,27
13.990,3104,31
13.990,3105,34
13.990,3106,38
13.990,3107,43
14.009,3108,48
14.009,3109,51
14.009,3110,50
14.010,3111,45
14.010,3112,39
14.030,3113,32
14.030,3114,23
14.030,3115,15
14.030,3116,6
14.030,3117,0
14.049,3118,-6
14.049,3119,-11
14.049,3120,-14
14.049,3121,-18
14.069,3122,-20
14.069,3123,-22
14.069,3124,-26
14.069,3125,-30
14.105,3126,-34
14.105,3127,-35
14.105,3128,-36
14.105,3129,-38
14.121,3130,-42
14.121,3131,-51
14.121,3132,-62
14.121,3133,-25
14.121,3134,6
14.140,3135,83
14.140,3136,148
14.140,3137,183
14.140,3138,188
14.163,3139,159
14.163,3140,106
14.163,3141,40
14.163,3142,-27
14.181,3143,-91
14.181,3144,-140
14.181,3145,-166
14.181,3146,-173
14.201,3147,-169
14.201,3148,-163
14.201,3149,-159
14.223,3150,-156
14.223,3151,-153
14.223,3152,-142
14.242,3153,-134
14.242,3154,-124
14.242,3155,-119
14.242,3156,-118
14.260,3157,-120
14.260,3158,-118
14.260,3159,-113
14.284,3160,-107
14.284,3161,-102
14.284,3162,-99
14.312,3163,-101
14.312,3164,-99
14.312,3165,-93
14.312,3166,-84
14.333,3167,-70
14.333,3168,-62
14.333,3169,-55
14.333,3170,-53
14.351,3171,-51
14.351,3172,-51
14.351,3173,-48
14.351,3174,-45
14.370,3175,-44
14.370,3176,-44
14.370,3177,-47
14.370,3178,-44
14.392,3179,-38
14.392,3180,-28
14.392,3181,-20
14.392,3182,-16
14.410,3183,-16
14.410,3184,-15
14.410,3185,-14
14.410,3186,-12
14.429,3187,-10
14.429,3188,-12
14.429,3189,-13
14.429,3190,-17
14.450,3191,-19
14.450,3192,-18
14.450,3193,-19
14.450,3194,-19
14.469,3195,-25
14.469,3196,-30
14.469,3197,-30
14.469,3198,-28
14.490,3199,-22
14.490,3200,-16
14.490,3201,-14
14.490,3202,-13
14.513,3203,-14
14.513,3204,-16
14.513,3205,-18
14.513,3206,-19
14.541,3207,-26
14.541,3208,-25
14.541,3209,-25
14.541,3210,-20
14.559,3211,-14
14.559,3212,-9
14.559,3213,-7
14.559,3214,-4
14.559,3215,-1
14.559,3216,0
14.584,3217,0
14.584,3218,-2
14.584,3219,-2
14.584,3220,0
14.584,3221,0
14.584,3222,0
14.602,3223,0
14.602,3224,4
14.602,3225,8
14.602,3226,15
14.602,3227,18
14.619,3228,12
14.619,3229,1
14.619,3230,-3
14.619,3231,-2
14.619,3232,7
14.619,3233,17
14.644,3234,20
14.644,3235,16
14.644,3236,8
14.644,3237,4
14.644,3238,2
14.644,3239,3
14.664,3240,6
14.664,3241,9
14.664,3242,11
14.664,3243,10
14.664,3244,8
14.664,3245,8
14.682,3246,9
14.682,3247,13
14.682,3248,13
14.682,3249,10
14.682,3250,8
14.682,3251,7
14.704,3252,9
14.704,3253,12
14.704,3254,12
14.704,3255,11
14.704,3256,5
14.720,3257,2
14.720,3258,1
14.720,3259,3
14.720,3260,8
14.720,3261,9
14.720,3262,12
14.751,3263,14
14.751,3264,16
14.751,3265,22
14.751,3266,27
14.751,3267,33
14.772,3268,37
14.772,3269,42
14.772,3270,48
14.772,3271,52
14.772,3272,60
14.793,3273,64
14.793,3274,64
14.793,3275,63
14.793,3276,57
14.793,3277,51
14.813,3278,44
14.813,3279,36
14.813,3280,29
14.813,3281,21
14.813,3282,15
14.813,3283,9
14.832,3284,3
14.832,3285,-1
14.832,3286,-6
14.832,3287,-9
14.832,3288,-12
14.850,3289,-15
14.850,3290,-15
14.850,3291,-18
14.850,3292,-21
14.872,3293,-24
14.872,3294,-26
14.872,3295,-26
14.872,3296,-30
14.889,3297,-37
14.889,3298,-50
14.889,3299,-65
14.889,3300,-72
14.912,3301,-62
14.912,3302,-25
14.912,3303,28
14.912,3304,97
14.931,3305,165
14.931,3306,224
14.931,3307,267
14.931,3308,283
14.951,3309,276
14.951,3310,243
14.951,3311,183
14.951,3312,122
14.980,3313,54
14.980,3314,1
14.980,3315,-32
14.980,3316,-48
14.980,3317,-52
15.005,3318,-52
15.005,3319,-50
15.005,3320,-49
15.005,3321,-48
15.020,3322,-48
15.020,3323,-48
15.020,3324,-50
15.020,3325,-50
15.040,3326,-49
15.040,3327,-47
15.040,3328,-43
15.040,3329,-40
15.060,3330,-37
15.060,3331,-35
15.060,3332,-31
15.060,3333,-29
15.089,3334,-25
15.089,3335,-24
15.089,3336,-22
15.089,3337,-20
15.101,3338,-18
15.101,3339,-15
15.101,3340,-14
15.101,3341,-13
15.123,3342,-11
15.123,3343,-10
15.123,3344,-4
15.123,3345,0
15.123,3346,5
15.142,3347,11
15.142,3348,14
15.142,3349,18
15.142,3350,20
15.142,3351,21
15.160,3352,25
15.160,3353,27
15.160,3354,31
15.160,3355,33
15.160,3356,35
15.184,3357,38
15.184,3358,40
15.184,3359,43
15.184,3360,45
15.184,3361,46
15.209,3362,48
15.209,3363,48
15.209,3364,50
15.210,3365,50
15.210,3366,50
15.232,3367,52
15.232,3368,51
15.232,3369,51
15.232,3370,49
15.233,3371,47
15.250,3372,46
15.250,3373,43
15.250,3374,44
15.250,3375,43
15.250,3376,42
15.271,3377,43
15.271,3378,41
15.271,3379,41
15.271,3380,40
15.272,3381,41
15.290,3382,43
15.290,3383,43
15.290,3384,44
15.290,3385,43
15.290,3386,42
15.309,3387,43
15.309,3388,43
15.309,3389,44
15.309,3390,43
15.309,3391,43
15.332,3392,45
15.332,3393,46
15.332,3394,48
15.332,3395,48
15.332,3396,47
15.352,3397,48
15.352,3398,47
15.352,3399,48
15.352,3400,49
15.352,3401,51
15.377,3402,54
15.377,3403,54
15.377,3404,55
15.377,3405,53
15.377,3406,52
15.390,3407,53
15.390,3408,51
15.390,3409,51
15.390,3410,49
15.390,3411,48
15.410,3412,48
15.410,3413,47
15.410,3414,49
15.410,3415,49
15.410,3416,49
15.439,3417,48
15.440,3418,47
15.440,3419,47
15.440,3420,46
15.440,3421,46
15.462,3422,46
15.462,3423,45
15.462,3424,46
15.462,3425,46
15.462,3426,47
15.483,3427,49
15.483,3428,50
15.483,3429,53
15.483,3430,54
15.483,3431,56
15.501,3432,60
15.502,3433,61
15.502,3434,64
15.502,3435,66
15.502,3436,69
15.520,3437,76
15.520,3438,82
15.520,3439,90
15.520,3440,95
15.543,3441,100
15.543,3442,106
15.543,3443,110
15.543,3444,114
15.559,3445,114
15.560,3446,112
15.560,3447,106
15.560,3448,99
15.560,3449,91
15.580,3450,83
15.580,3451,77
15.580,3452,70
15.580,3453,64
15.580,3454,57
15.601,3455,50
15.601,3456,44
15.601,3457,39
15.601,3458,35
15.601,3459,30
15.624,3460,27
15.624,3461,24
15.624,3462,20
15.624,3463,16
15.624,3464,12
15.652,3465,3
15.652,3466,-7
15.652,3467,-18
15.652,3468,-24
15.670,3469,-13
15.670,3470,21
15.670,3471,70
15.670,3472,133
15.670,3473,192
15.697,3474,244
15.697,3475,288
15.697,3476,315
15.697,3477,314
15.713,3478,276
15.713,3479,213
15.713,3480,133
15.713,3481,60
15.729,3482,3
15.729,3483,-35
15.729,3484,-54
15.729,3485,-60
15.754,3486,-57
15.755,3487,-53
15.755,3488,-48
15.755,3489,-45
15.770,3490,-39
15.770,3491,-36
15.770,3492,-33
15.770,3493,-29
15.789,3494,-27
15.789,3495,-23
15.789,3496,-22
15.789,3497,-20
15.813,3498,-18
15.813,3499,-17
15.813,3500,-15
15.813,3501,-15
15.829,3502,-13
15.829,3503,-12
15.829,3504,-11
15.829,3505,-10
15.829,3506,-8
15.849,3507,-7
15.849,3508,-6
15.849,3509,-5
15.849,3510,-4
15.849,3511,-3
15.879,3512,-2
15.879,3513,0
15.879,3514,0
15.879,3515,1
15.879,3516,3
15.879,3517,3
15.902,3518,4
15.902,3519,5
15.902,3520,6
15.902,3521,6
15.902,3522,7
15.902,3523,8
15.930,3524,10
15.930,3525,10
15.930,3526,11
15.930,3527,11
15.930,3528,12
15.940,3529,12
15.940,3530,12
15.940,3531,12
15.940,3532,12
15.940,3533,11
15.963,3534,11
15.963,3535,11
15.963,3536,10
15.963,3537,9
15.963,3538,8
15.963,3539,7
15.984,3540,6
15.984,3541,5
15.984,3542,3
15.984,3543,1
15.984,3544,-1
15.984,3545,-3
16.000,3546,-4
16.000,3547,-6
16.000,3548,-7
16.000,3549,-9
16.000,3550,-10
16.032,3551,-12
16.032,3552,-14
16.032,3553,-14
16.032,3554,-15
16.040,3555,-15
16.040,3556,-15
16.040,3557,-16
16.040,3558,-16
16.060,3559,-16
16.060,3560,-15
16.060,3561,-15
16.060,3562,-14
16.081,3563,-12
16.081,3564,-11
16.081,3565,-9
16.081,3566,-6
16.112,3567,-4
16.112,3568,-2
16.112,3569,-2
16.112,3570,-2
16.112,3571,-2
16.133,3572,-2
16.133,3573,-2
16.133,3574,-2
16.133,3575,-3
16.133,3576,-3
16.149,3577,-3
16.149,3578,-3
16.149,3579,-5
16.149,3580,-6
16.149,3581,-6
16.173,3582,-7
16.173,3583,-7
16.173,3584,-8
16.173,3585,-9
16.173,3586,-9
16.192,3587,-10
16.192,3588,-10
16.192,3589,-11
16.192,3590,-13
16.210,3591,-14
16.210,3592,-16
16.210,3593,-16
16.210,3594,-17
16.240,3595,-19
16.240,3596,-20
16.240,3597,-21
16.240,3598,-22
16.249,3599,-22
16.249,3600,-23
16.249,3601,-23
16.250,3602,-23
16.269,3603,-24
16.269,3604,-23
16.269,3605,-21
16.269,3606,-18
16.292,3607,-15
16.292,3608,-12
16.292,3609,-9
16.292,3610,-5
16.292,3611,-2
16.311,3612,2
16.311,3613,8
16.311,3614,15
16.311,3615,22
16.311,3616,28
16.340,3617,32
16.340,3618,34
16.340,3619,34
16.340,3620,32
16.340,3621,28
16.362,3622,22
16.362,3623,15
16.362,3624,7
16.362,3625,0
16.362,3626,-8
16.362,3627,-15
16.383,3628,-21
16.383,3629,-26
16.383,3630,-31
16.383,3631,-34
16.399,3632,-37
16.399,3633,-40
16.399,3634,-43
16.399,3635,-45
16.432,3636,-47
16.432,3637,-49
16.432,3638,-49
16.432,3639,-51
16.440,3640,-59
16.440,3641,-68
16.440,3642,-80
16.440,3643,-86
16.459,3644,-76
16.459,3645,-39
16.459,3646,8
16.459,3647,54
16.480,3648,67
16.480,3649,41
16.480,3650,-16
16.480,3651,-82
16.500,3652,-138
16.500,3653,-174
16.500,3654,-189
16.500,3655,-187
16.524,3656,-177
16.524,3657,-166
16.524,3658,-156
16.552,3659,-147
16.552,3660,-137
16.552,3661,-128
16.573,3662,-118
16.573,3663,-111
16.573,3664,-103
16.573,3665,-97
16.590,3666,-90
16.590,3667,-84
16.590,3668,-77
16.590,3669,-70
16.610,3670,-63
16.610,3671,-57
16.610,3672,-50
16.610,3673,-45
16.630,3674,-39
16.630,3675,-34
16.630,3676,-29
16.630,3677,-25
16.649,3678,-21
16.649,3679,-18
16.649,3680,-14
16.649,3681,-11
16.670,3682,-8
16.670,3683,-6
16.670,3684,-3
16.670,3685,0
16.670,3686,2
16.670,3687,6
16.693,3688,7
16.693,3689,10
16.693,3690,11
16.693,3691,13
16.693,3692,16
16.713,3693,17
16.713,3694,19
16.713,3695,20
16.713,3696,21
16.713,3697,23
16.729,3698,23
16.729,3699,23
16.729,3700,22
16.729,3701,21
16.729,3702,21
16.755,3703,20
16.755,3704,19
16.755,3705,17
16.755,3706,15
16.755,3707,13
16.782,3708,10
16.782,3709,9
16.782,3710,5
16.782,3711,3
16.782,3712,1
16.782,3713,0
16.800,3714,-1
16.800,3715,-4
16.800,3716,-7
16.800,3717,-8
16.800,3718,-9
16.819,3719,-9
16.819,3720,-9
16.819,3721,-10
16.819,3722,-9
16.819,3723,-9
16.843,3724,-8
16.843,3725,-8
16.843,3726,-8
16.843,3727,-7
16.843,3728,-7
16.861,3729,-7
16.861,3730,-7
16.861,3731,-7
16.861,3732,-5
16.861,3733,-5
16.880,3734,-4
16.880,3735,-3
16.880,3736,-3
16.880,3737,-1
16.880,3738,-2
16.904,3739,-1
16.904,3740,-2
16.904,3741,-2
16.904,3742,-1
16.904,3743,-1
16.920,3744,0
16.920,3745,1
16.920,3746,1
16.920,3747,1
16.920,3748,0
16.920,3749,-1
16.942,3750,-2
16.942,3751,-3
16.942,3752,-3
16.942,3753,-4
16.942,3754,-4
16.961,3755,-6
16.961,3756,-8
16.961,3757,-8
16.961,3758,-11
16.961,3759,-11
16.981,3760,-12
16.981,3761,-13
16.981,3762,-12
16.981,3763,-13
17.010,3764,-12
17.010,3765,-13
17.010,3766,-14
17.010,3767,-15
17.030,3768,-16
17.030,3769,-17
17.030,3770,-18
17.030,3771,-17
17.055,3772,-16
17.055,3773,-15
17.055,3774,-13
17.055,3775,-14
17.074,3776,-13
17.074,3777,-14
17.074,3778,-15
17.074,3779,-16
17.090,3780,-17
17.090,3781,-17
17.090,3782,-18
17.090,3783,-18
17.114,3784,-18
17.114,3785,-18
17.114,3786,-16
17.114,3787,-14
17.132,3788,-11
17.132,3789,-9
17.132,3790,-7
17.132,3791,-1
17.132,3792,3
17.152,3793,11
17.152,3794,17
17.152,3795,21
17.152,3796,24
17.152,3797,26
17.175,3798,26
17.175,3799,23
17.175,3800,18
17.175,3801,13
17.175,3802,6
17.189,3803,0
17.189,3804,-6
17.189,3805,-14
17.189,3806,-21
17.189,3807,-28
17.210,3808,-34
17.210,3809,-38
17.210,3810,-41
17.210,3811,-43
17.239,3812,-45
17.239,3813,-48
17.239,3814,-50
17.239,3815,-52
17.264,3816,-54
17.264,3817,-56
17.264,3818,-60
17.264,3819,-67
17.279,3820,-70
17.279,3821,-62
17.279,3822,-29
17.280,3823,21
17.299,3824,87
17.299,3825,154
17.300,3826,212
17.300,3827,263
17.319,3828,295
17.319,3829,292
17.319,3830,252
17.319,3831,176
17.341,3832,85
17.341,3833,27
17.341,3834,-24
17.341,3835,-37
17.361,3836,-50
17.361,3837,-60
17.361,3838,-68
17.361,3839,-74
17.389,3840,-79
17.389,3841,-82
17.389,3842,-85
17.389,3843,-87
17.400,3844,-88
17.400,3845,-89
17.400,3846,-88
17.400,3847,-87
17.421,3848,-85
17.421,3849,-83
17.421,3850,-82
17.421,3851,-79
17.450,3852,-78
17.450,3853,-76
17.450,3854,-75
17.450,3855,-72
17.474,3856,-69
17.474,3857,-66
17.474,3858,-64
17.474,3859,-62
17.489,3860,-61
17.490,3861,-58
17.490,3862,-56
17.490,3863,-53
17.512,3864,-50
17.512,3865,-47
17.512,3866,-43
17.512,3867,-40
17.533,3868,-38
17.534,3869,-36
17.534,3870,-35
17.534,3871,-34
17.550,3872,-32
17.550,3873,-30
17.550,3874,-28
17.550,3875,-25
17.570,3876,-24
17.570,3877,-22
17.570,3878,-20
17.570,3879,-20
17.593,3880,-20
17.594,3881,-21
17.594,3882,-21
17.594,3883,-20
17.617,3884,-21
17.617,3885,-21
17.617,3886,-23
17.617,3887,-25
17.634,3888,-27
17.634,3889,-29
17.635,3890,-32
17.635,3891,-34
17.654,3892,-36
17.654,3893,-39
17.654,3894,-42
17.654,3895,-45
17.682,3896,-47
17.682,3897,-49
17.682,3898,-47
17.682,3899,-44
17.700,3900,-40
17.700,3901,-35
17.700,3902,-32
17.700,3903,-29
17.721,3904,-25
17.721,3905,-22
17.721,3906,-19
17.721,3907,-15
17.742,3908,-13
17.742,3909,-11
17.742,3910,-7
17.742,3911,-5
17.742,3912,-2
17.761,3913,-1
17.761,3914,0
17.761,3915,0
17.761,3916,0
17.761,3917,0
17.761,3918,0
17.761,3919,0
17.785,3920,1
17.785,3921,1
17.785,3922,0
17.785,3923,0
17.785,3924,-1
17.785,3925,-1
17.800,3926,-2
17.800,3927,-2
17.800,3928,-3
17.800,3929,-3
17.800,3930,-3
17.823,3931,-4
17.823,3932,-3
17.823,3933,-2
17.823,3934,-2
17.823,3935,-2
17.842,3936,-4
17.842,3937,-4
17.842,3938,-5
17.842,3939,-5
17.842,3940,-4
17.865,3941,-5
17.865,3942,-5
17.865,3943,-5
17.865,3944,-5
17.865,3945,-5
17.881,3946,-5
17.881,3947,-5
17.881,3948,-5
17.881,3949,-4
17.881,3950,-2
17.909,3951,-2
17.909,3952,-1
17.909,3953,0
17.909,3954,0
17.909,3955,2
17.909,3956,5
17.932,3957,8
17.932,3958,11
17.932,3959,14
17.932,3960,19
17.932,3961,23
17.953,3962,30
17.953,3963,38
17.953,3964,46
17.953,3965,54
17.953,3966,60
17.969,3967,65
17.969,3968,68
17.969,3969,68
17.969,3970,68
17.969,3971,65
17.993,3972,61
17.993,3973,55
17.993,3974,48
17.993,3975,41
17.993,3976,33
18.012,3977,26
18.012,3978,19
18.012,3979,14
18.012,3980,10
18.012,3981,5
18.029,3982,1
18.029,3983,-1
18.029,3984,-4
18.029,3985,-6
18.029,3986,-8
18.049,3987,-10
18.049,3988,-12
18.050,3989,-14
18.050,3990,-15
18.072,3991,-18
18.072,3992,-24
18.072,3993,-35
18.072,3994,-49
18.089,3995,-60
18.089,3996,-62
18.089,3997,-42
18.089,3998,3
18.089,3999,61
18.110,4000,131
18.110,4001,193
18.110,4002,248
18.110,4003,288
18.142,4004,301
18.142,4005,288
18.142,4006,242
18.142,4007,183
18.160,4008,128
18.160,4009,86
18.160,4010,60
18.160,4011,43
18.160,4012,30
18.180,4013,17
18.180,4014,5
18.180,4015,-5
18.180,4016,-12
18.205,4017,-17
18.205,4018,-20
18.205,4019,-23
18.205,4020,-26
18.220,4021,-27
18.220,4022,-28
18.220,4023,-28
18.220,4024,-27
18.240,4025,-26
18.240,4026,-26
18.240,4027,-26
18.240,4028,-25
18.264,4029,-23
18.264,4030,-21
18.265,4031,-20
18.265,4032,-17
18.280,4033,-16
18.280,4034,-14
18.280,4035,-12
18.280,4036,-9
18.280,4037,-7
18.300,4038,-5
18.300,4039,-4
18.300,4040,-3
18.300,4041,-2
18.300,4042,-1
18.322,4043,-1
18.322,4044,0
18.322,4045,0
18.322,4046,0
18.322,4047,0
18.322,4048,0
18.350,4049,0
18.350,4050,0
18.350,4051,0
18.350,4052,0
18.350,4053,0
18.350,4054,1
18.350,4055,1
18.370,4056,1
18.370,4057,2
18.370,4058,2
18.370,4059,3
18.370,4060,4
18.371,4061,4
18.371,4062,4
18.390,4063,4
18.390,4064,4
18.390,4065,3
18.390,4066,2
18.390,4067,0
18.390,4068,0
18.409,4069,-1
18.410,4070,-1
18.410,4071,-2
18.410,4072,-3
18.410,4073,-5
18.431,4074,-5
18.431,4075,-6
18.431,4076,-6
18.431,4077,-7
18.431,4078,-8
18.450,4079,-7
18.450,4080,-7
18.450,4081,-7
18.450,4082,-6
18.450,4083,-6
18.472,4084,-5
18.472,4085,-4
18.472,4086,-3
18.472,4087,-2
18.472,4088,-2
18.490,4089,-2
18.490,4090,-1
18.490,4091,-1
18.490,4092,-1
18.490,4093,0
18.490,4094,0
18.511,4095,1
18.511,4096,2
18.511,4097,3
18.511,4098,3
18.511,4099,3
18.511,4100,3
18.530,4101,3
18.530,4102,3
18.530,4103,2
18.530,4104,2
18.530,4105,2
18.530,4106,1
18.530,4107,1
18.561,4108,0
18.561,4109,0
18.561,4110,0
18.561,4111,0
18.561,4112,0
18.561,4113,0
18.561,4114,0
18.594,4115,0
18.594,4116,0
18.594,4117,0
18.594,4118,0
18.594,4119,0
18.594,4120,0
18.610,4121,0
18.610,4122,0
18.610,4123,1
18.610,4124,2
18.610,4125,2
18.610,4126,2
18.610,4127,2
18.640,4128,2
18.640,4129,2
18.640,4130,2
18.640,4131,2
18.640,4132,2
18.640,4133,1
18.640,4134,2
18.671,4135,2
18.671,4136,3
18.671,4137,4
18.671,4138,4
18.671,4139,4
18.671,4140,5
18.695,4141,5
18.695,4142,6
18.695,4143,8
18.695,4144,10
18.695,4145,12
18.695,4146,15
18.709,4147,17
18.709,4148,20
18.709,4149,23
18.709,4150,27
18.709,4151,32
18.732,4152,38
18.732,4153,45
18.732,4154,52
18.732,4155,59
18.732,4156,64
18.755,4157,68
18.755,4158,70
18.755,4159,70
18.755,4160,68
18.755,4161,64
18.782,4162,58
18.782,4163,51
18.782,4164,43
18.782,4165,34
18.782,4166,25
18.803,4167,16
18.803,4168,8
18.803,4169,2
18.803,4170,-2
18.803,4171,-7
18.822,4172,-11
18.822,4173,-15
18.822,4174,-19
18.822,4175,-21
18.851,4176,-24
18.851,4177,-25
18.851,4178,-27
18.851,4179,-29
18.860,4180,-31
18.860,4181,-35
18.860,4182,-42
18.860,4183,-54
18.882,4184,-67
18.882,4185,-79
18.882,4186,-79
18.882,4187,-56
18.902,4188,-8
18.902,4189,52
18.902,4190,123
18.902,4191,185
18.902,4192,239
18.922,4193,286
18.922,4194,315
18.922,4195,305
18.922,4196,257
18.941,4197,174
18.941,4198,78
18.941,4199,1
18.941,4200,-49
18.962,4201,-73
18.962,4202,-80
18.962,4203,-82
18.962,4204,-84
18.982,4205,-88
18.982,4206,-91
18.982,4207,-93
18.982,4208,-92
19.014,4209,-91
19.014,4210,-90
19.014,4211,-88
19.014,4212,-86
19.030,4213,-84
19.030,4214,-82
19.030,4215,-79
19.030,4216,-76
19.053,4217,-73
19.053,4218,-70
19.053,4219,-66
19.053,4220,-62
19.070,4221,-58
19.070,4222,-56
19.070,4223,-53
19.070,4224,-51
19.090,4225,-48
19.090,4226,-46
19.090,4227,-44
19.090,4228,-42
19.110,4229,-41
19.110,4230,-40
19.114,4231,-39
19.114,4232,-38
19.130,4233,-36
19.130,4234,-35
19.130,4235,-34
19.130,4236,-33
19.150,4237,-31
19.150,4238,-30
19.150,4239,-30
19.150,4240,-30
19.171,4241,-30
19.171,4242,-30
19.171,4243,-29
19.171,4244,-27
19.190,4245,-25
19.190,4246,-23
19.190,4247,-21
19.190,4248,-20
19.210,4249,-19
19.210,4250,-17
19.210,4251,-16
19.210,4252,-15
19.242,4253,-16
19.242,4254,-16
19.242,4255,-15
19.242,4256,-15
19.260,4257,-15
19.260,4258,-16
19.260,4259,-16
19.260,4260,-15
19.280,4261,-15
19.280,4262,-15
19.280,4263,-15
19.280,4264,-15
19.299,4265,-14
19.299,4266,-12
19.299,4267,-11
19.299,4268,-11
19.322,4269,-10
19.322,4270,-9
19.322,4271,-8
19.322,4272,-7
19.322,4273,-6
19.339,4274,-5
19.339,4275,-5
19.339,4276,-5
19.339,4277,-5
19.339,4278,-4
19.360,4279,-4
19.360,4280,-4
19.360,4281,-4
19.360,4282,-4
19.360,4283,-5
19.380,4284,-5
19.380,4285,-5
19.380,4286,-5
19.380,4287,-5
19.380,4288,-5
19.400,4289,-5
19.400,4290,-5
19.400,4291,-5
19.400,4292,-6
19.400,4293,-6
19.419,4294,-7
19.419,4295,-7
19.419,4296,-8
19.419,4297,-8
19.419,4298,-8
19.450,4299,-8
19.450,4300,-8
19.450,4301,-8
19.450,4302,-8
19.450,4303,-8
19.474,4304,-7
19.474,4305,-7
19.474,4306,-6
19.474,4307,-6
19.474,4308,-6
19.490,4309,-6
19.490,4310,-5
19.490,4311,-5
19.490,4312,-5
19.490,4313,-5
19.512,4314,-5
19.512,4315,-4
19.512,4316,-4
19.512,4317,-4
19.512,4318,-4
19.535,4319,-4
19.535,4320,-3
19.535,4321,-1
19.535,4322,0
19.535,4323,2
19.535,4324,4
19.550,4325,7
19.550,4326,10
19.550,4327,13
19.550,4328,16
19.550,4329,21
19.570,4330,29
19.570,4331,37
19.570,4332,45
19.570,4333,52
19.570,4334,57
19.591,4335,62
19.591,4336,65
19.591,4337,66
19.591,4338,65
19.591,4339,61
19.610,4340,56
19.610,4341,50
19.610,4342,42
19.610,4343,33
19.610,4344,23
19.635,4345,15
19.635,4346,8
19.635,4347,1
19.635,4348,-4
19.635,4349,-9
19.654,4350,-14
19.654,4351,-18
19.654,4352,-22
19.654,4353,-26
19.680,4354,-29
19.680,4355,-31
19.680,4356,-32
19.680,4357,-34
19.706,4358,-37
19.706,4359,-42
19.706,4360,-52
19.706,4361,-67
19.719,4362,-82
19.719,4363,-90
19.719,4364,-51
19.719,4365,-10
19.719,4366,69
19.742,4367,137
19.742,4368,178
19.742,4369,179
19.742,4370,137
19.760,4371,63
19.760,4372,-15
19.761,4373,-75
19.761,4374,-108
19.782,4375,-118
19.782,4376,-118
19.782,4377,-112
19.810,4378,-107
19.810,4379,-102
19.810,4380,-97
19.810,4381,-92
19.820,4382,-88
19.820,4383,-83
19.820,4384,-79
19.820,4385,-76
19.839,4386,-72
19.839,4387,-69
19.839,4388,-65
19.839,4389,-61
19.862,4390,-55
19.862,4391,-50
19.862,4392,-46
19.862,4393,-43
19.882,4394,-41
19.882,4395,-40
19.882,4396,-37
19.882,4397,-35
19.914,4398,-33
19.915,4399,-32
19.915,4400,-30
19.915,4401,-28
19.929,4402,-27
19.930,4403,-25
19.930,4404,-24
19.930,4405,-23
19.955,4406,-22
19.955,4407,-21
19.955,4408,-20
19.955,4409,-19
19.969,4410,-19
19.969,4411,-18
19.969,4412,-18
19.969,4413,-17
19.990,4414,-15
19.990,4415,-14
19.990,4416,-11
19.990,4417,-9
20.014,4418,-6
20.015,4419,-4
20.015,4420,-2
20.015,4421,-1
20.015,4422,0
20.029,4423,0
20.030,4424,0
20.030,4425,0
20.030,4426,0
20.030,4427,0
20.030,4428,1
20.030,4429,1
20.050,4430,2
20.050,4431,2
20.050,4432,2
20.050,4433,3
20.050,4434,3
20.050,4435,4
20.050,4436,4
20.075,4437,4
20.075,4438,5
20.075,4439,5
20.075,4440,5
20.075,4441,6
20.075,4442,7
20.092,4443,8
20.093,4444,9
20.093,4445,10
20.093,4446,10
20.093,4447,10
20.093,4448,11
20.120,4449,12
20.120,4450,12
20.120,4451,12
20.120,4452,12
20.120,4453,13
20.142,4454,14
20.142,4455,15
20.142,4456,15
20.142,4457,14
20.142,4458,14
20.160,4459,15
20.160,4460,15
20.160,4461,16
20.160,4462,15
20.160,4463,15
20.182,4464,15
20.182,4465,14
20.182,4466,13
20.182,4467,13
20.182,4468,12
20.201,4469,12
20.201,4470,12
20.202,4471,12
20.202,4472,11
20.202,4473,11
20.222,4474,10
20.222,4475,10
20.222,4476,10
20.222,4477,9
20.222,4478,9
20.240,4479,8
20.240,4480,8
20.240,4481,8
20.240,4482,8
20.240,4483,8
20.240,4484,8
20.240,4485,9
20.264,4486,9
20.264,4487,9
20.264,4488,9
20.264,4489,9
20.264,4490,9
20.264,4491,9
20.264,4492,9
20.282,4493,9
20.282,4494,8
20.282,4495,8
20.282,4496,8
20.282,4497,7
20.282,4498,7
20.313,4499,7
20.313,4500,7
20.313,4501,8
20.313,4502,8
20.313,4503,10
20.313,4504,12
20.332,4505,15
20.332,4506,17
20.332,4507,20
20.332,4508,24
20.332,4509,27
20.352,4510,32
20.352,4511,38
20.352,4512,46
20.352,4513,54
20.352,4514,62
20.369,4515,69
20.369,4516,73
20.369,4517,76
20.369,4518,78
20.369,4519,77
20.389,4520,74
20.389,4521,68
20.389,4522,61
20.389,4523,54
20.389,4524,45
20.410,4525,36
20.410,4526,27
20.410,4527,18
20.410,4528,11
20.410,4529,5
20.410,4530,0
20.440,4531,-4
20.440,4532,-8
20.440,4533,-12
20.440,4534,-14
20.462,4535,-17
20.462,4536,-19
20.462,4537,-22
20.462,4538,-23
20.479,4539,-24
20.479,4540,-27
20.480,4541,-34
20.480,4542,-47
20.505,4543,-63
20.505,4544,-79
20.505,4545,-84
20.505,4546,-67
20.529,4547,-21
20.529,4548,38
20.529,4549,111
20.529,4550,175
20.540,4551,231
20.540,4552,280
20.540,4553,310
20.540,4554,304
20.562,4555,261
20.562,4556,182
20.562,4557,93
20.562,4558,18
20.562,4559,-30
20.579,4560,-54
20.579,4561,-62
20.579,4562,-63
20.579,4563,-65
20.600,4564,-68
20.600,4565,-72
20.600,4566,-74
20.600,4567,-74
20.619,4568,-73
20.619,4569,-72
20.619,4570,-70
20.620,4571,-67
20.649,4572,-64
20.649,4573,-62
20.649,4574,-59
20.649,4575,-57
20.670,4576,-54
20.670,4577,-51
20.670,4578,-48
20.670,4579,-45
20.694,4580,-43
20.694,4581,-41
20.694,4582,-39
20.694,4583,-37
20.709,4584,-35
20.709,4585,-33
20.709,4586,-31
20.709,4587,-29
20.733,4588,-28
20.733,4589,-27
20.733,4590,-27
20.733,4591,-27
20.750,4592,-27
20.750,4593,-27
20.750,4594,-27
20.750,4595,-27
20.770,4596,-28
20.770,4597,-28
20.770,4598,-28
20.770,4599,-27
20.792,4600,-26
20.793,4601,-26
20.793,4602,-24
20.793,4603,-22
20.811,4604,-19
20.811,4605,-16
20.811,4606,-13
20.811,4607,-10
20.833,4608,-8
20.833,4609,-6
20.833,4610,-4
20.833,4611,-3
20.833,4612,-2
20.855,4613,-1
20.855,4614,0
20.855,4615,0
20.855,4616,0
20.855,4617,0
20.855,4618,2
20.880,4619,3
20.880,4620,3
20.880,4621,3
20.880,4622,3
20.880,4623,3
20.880,4624,3
20.880,4625,3
20.902,4626,3
20.902,4627,3
20.902,4628,4
20.902,4629,4
20.902,4630,5
20.902,4631,4
20.921,4632,5
20.921,4633,6
20.921,4634,7
20.921,4635,7
20.921,4636,7
20.921,4637,7
20.921,4638,8
20.941,4639,8
20.941,4640,8
20.941,4641,7
20.941,4642,7
20.941,4643,6
20.941,4644,5
20.941,4645,5
20.960,4646,5
20.960,4647,4
20.960,4648,4
20.960,4649,3
20.960,4650,2
20.960,4651,1
20.980,4652,1
20.980,4653,0
20.980,4654,0
20.980,4655,1
20.980,4656,1
20.980,4657,1
20.980,4658,1
21.011,4659,1
21.011,4660,0
21.011,4661,0
21.011,4662,0
21.011,4663,0
21.011,4664,0
21.011,4665,0
21.040,4666,0
21.040,4667,0
21.040,4668,0
21.040,4669,0
21.040,4670,0
21.040,4671,0
21.062,4672,0
21.062,4673,0
21.062,4674,1
21.062,4675,1
21.062,4676,1
21.062,4677,0
21.062,4678,0
21.092,4679,0
21.092,4680,1
21.092,4681,0
21.092,4682,0
21.092,4683,0
21.092,4684,0
21.092,4685,0
21.125,4686,1
21.125,4687,1
21.125,4688,2
21.125,4689,2
21.125,4690,2
21.125,4691,2
21.139,4692,3
21.139,4693,5
21.139,4694,7
21.139,4695,10
21.139,4696,13
21.139,4697,15
21.162,4698,18
21.162,4699,21
21.162,4700,26
21.162,4701,32
21.162,4702,39
21.185,4703,46
21.185,4704,54
21.185,4705,60
21.185,4706,66
21.185,4707,70
21.214,4708,72
21.214,4709,73
21.214,4710,71
21.214,4711,66
21.214,4712,61
21.230,4713,54
21.230,4714,46
21.230,4715,38
21.230,4716,30
21.230,4717,22
21.251,4718,15
21.251,4719,9
21.251,4720,3
21.251,4721,-2
21.251,4722,-7
21.269,4723,-11
21.269,4724,-14
21.269,4725,-17
21.269,4726,-21
21.290,4727,-23
21.290,4728,-25
21.290,4729,-28
21.290,4730,-32
21.309,4731,-39
21.309,4732,-51
21.309,4733,-68
21.309,4734,-85
21.331,4735,-93
21.331,4736,-79
21.331,4737,-35
21.331,4738,22
21.331,4739,97
21.350,4740,162
21.351,4741,220
21.351,4742,269
21.351,4743,297
21.369,4744,291
21.369,4745,247
21.369,4746,171
21.369,4747,87
21.390,4748,15
21.390,4749,-34
21.390,4750,-61
21.390,4751,-73
21.422,4752,-76
21.422,4753,-77
21.422,4754,-79
21.422,4755,-83
21.439,4756,-86
21.439,4757,-86
21.439,4758,-86
21.439,4759,-82
21.460,4760,-79
21.460,4761,-76
21.460,4762,-73
21.460,4763,-71
21.484,4764,-68
21.484,4765,-65
21.484,4766,-62
21.484,4767,-60
21.500,4768,-58
21.500,4769,-56
21.500,4770,-54
21.500,4771,-52
21.522,4772,-49
21.522,4773,-47
21.522,4774,-45
21.522,4775,-44
21.543,4776,-42
21.543,4777,-41
21.543,4778,-40
21.543,4779,-39
21.560,4780,-39
21.560,4781,-38
21.560,4782,-38
21.560,4783,-37
21.589,4784,-37
21.589,4785,-36
21.589,4786,-36
21.589,4787,-35
21.603,4788,-35
21.603,4789,-34
21.603,4790,-33
21.603,4791,-33
21.620,4792,-31
21.620,4793,-29
21.620,4794,-27
21.620,4795,-25
21.650,4796,-21
21.650,4797,-18
21.650,4798,-15
21.650,4799,-13
21.672,4800,-12
21.672,4801,-12
21.672,4802,-11
21.672,4803,-10
21.690,4804,-8
21.690,4805,-8
21.690,4806,-7
21.690,4807,-6
21.690,4808,-5
21.713,4809,-5
21.713,4810,-4
21.713,4811,-3
21.713,4812,-3
21.713,4813,-3
21.730,4814,-3
21.730,4815,-2
21.730,4816,-1
21.730,4817,0
21.730,4818,0
21.730,4819,0
21.750,4820,0
21.750,4821,0
21.750,4822,0
21.750,4823,0
21.750,4824,0
21.750,4825,0
21.750,4826,0
21.773,4827,0
21.773,4828,0
21.773,4829,0
21.773,4830,0
21.774,4831,0
21.774,4832,0
21.792,4833,-1
21.792,4834,-2
21.792,4835,-2
21.792,4836,-2
21.792,4837,-2
21.810,4838,-2
21.810,4839,-2
21.810,4840,-2
21.810,4841,-2
21.810,4842,-1
21.832,4843,-2
21.832,4844,-3
21.832,4845,-2
21.833,4846,-2
21.833,4847,-1
21.849,4848,-2
21.849,4849,-2
21.849,4850,-3
21.849,4851,-3
21.849,4852,-3
21.880,4853,-3
21.880,4854,-2
21.880,4855,-2
21.880,4856,-1
21.880,4857,-1
21.900,4858,-2
21.900,4859,-2
21.900,4860,-2
21.900,4861,-2
21.900,4862,-1
21.920,4863,-2
21.920,4864,-2
21.920,4865,-2
21.920,4866,-1
21.920,4867,0
21.920,4868,0
21.940,4869,0
21.940,4870,0
21.940,4871,0
21.940,4872,0
21.940,4873,0
21.940,4874,0
21.964,4875,0
21.964,4876,0
21.964,4877,0
21.964,4878,1
21.965,4879,3
21.965,4880,6
21.965,4881,9
21.984,4882,12
21.984,4883,14
21.984,4884,17
21.984,4885,22
21.984,4886,27
22.000,4887,35
22.000,4888,43
22.000,4889,50
22.000,4890,56
22.001,4891,61
22.023,4892,65
22.023,4893,67
22.023,4894,68
22.023,4895,65
22.023,4896,61
22.039,4897,55
22.039,4898,48
22.039,4899,40
22.039,4900,32
22.040,4901,23
22.060,4902,16
22.060,4903,10
22.060,4904,4
22.060,4905,0
22.060,4906,-4
22.089,4907,-8
22.089,4908,-11
22.089,4909,-15
22.089,4910,-17
22.112,4911,-20
22.112,4912,-21
22.112,4913,-23
22.112,4914,-25
22.130,4915,-30
22.130,4916,-39
22.131,4917,-53
22.131,4918,-70
22.149,4919,-82
22.149,4920,-78
22.149,4921,-46
22.149,4922,5
22.149,4923,73
22.170,4924,142
22.170,4925,202
22.170,4926,254
22.170,4927,288
22.191,4928,290
22.191,4929,259
22.191,4930,195
22.191,4931,116
22.212,4932,60
22.212,4933,16
22.212,4934,1
22.212,4935,-8
22.212,4936,-16
22.232,4937,-25
22.232,4938,-33
22.233,4939,-39
22.233,4940,-43
22.250,4941,-45
22.250,4942,-45
22.250,4943,-46
22.250,4944,-46
22.271,4945,-46
22.271,4946,-45
22.271,4947,-44
22.271,4948,-43
22.290,4949,-42
22.290,4950,-41
22.290,4951,-40
22.290,4952,-39
22.323,4953,-38
22.323,4954,-37
22.323,4955,-35
22.323,4956,-33
22.339,4957,-31
22.339,4958,-29
22.339,4959,-28
22.339,4960,-28
22.363,4961,-26
22.363,4962,-26
22.363,4963,-25
22.363,4964,-24
22.383,4965,-24
22.383,4966,-23
22.383,4967,-23
22.384,4968,-23
22.399,4969,-23
22.399,4970,-23
22.399,4971,-22
22.399,4972,-22
22.422,4973,-21
22.422,4974,-19
22.422,4975,-17
22.422,4976,-15
22.443,4977,-13
22.443,4978,-9
22.443,4979,-6
22.443,4980,-3
22.443,4981,0
22.462,4982,0
22.462,4983,1
22.462,4984,3
22.462,4985,4
22.462,4986,5
22.462,4987,6
22.462,4988,7
22.480,4989,7
22.480,4990,7
22.480,4991,8
22.480,4992,8
22.480,4993,8
22.480,4994,8
22.480,4995,8
22.502,4996,9
22.502,4997,9
22.502,4998,9
22.502,4999,9
22.502,5000,9
22.502,5001,10
22.530,5002,10
22.530,5003,10
22.530,5004,9
22.530,5005,9
22.530,5006,10
22.550,5007,10
22.550,5008,10
22.550,5009,9
22.550,5010,10
22.550,5011,10
22.550,5012,10
22.570,5013,10
22.570,5014,10
22.570,5015,10
22.570,5016,9
22.570,5017,8
22.592,5018,8
22.592,5019,8
22.592,5020,8
22.592,5021,8
22.592,5022,7
22.592,5023,7
22.592,5024,6
22.611,5025,6
22.611,5026,6
22.611,5027,6
22.611,5028,6
22.611,5029,6
22.611,5030,6
22.611,5031,6
22.650,5032,6
22.650,5033,5
22.650,5034,5
22.650,5035,5
22.650,5036,4
22.650,5037,4
22.672,5038,3
22.672,5039,4
22.672,5040,4
22.672,5041,4
22.672,5042,4
22.672,5043,4
22.672,5044,4
22.690,5045,4
22.690,5046,4
22.690,5047,3
22.690,5048,4
22.690,5049,4
22.690,5050,4
22.690,5051,4
22.724,5052,5
22.724,5053,7
22.724,5054,9
22.724,5055,12
22.724,5056,15
22.749,5057,18
22.749,5058,21
22.749,5059,24
22.749,5060,29
22.749,5061,36
22.760,5062,43
22.760,5063,50
22.760,5064,58
22.760,5065,64
22.760,5066,70
22.780,5067,74
22.780,5068,77
22.780,5069,77
22.780,5070,74
22.780,5071,69
22.808,5072,61
22.808,5073,53
22.808,5074,45
22.808,5075,37
22.808,5076,29
22.819,5077,21
22.819,5078,15
22.819,5079,9
22.819,5080,4
22.819,5081,0
22.819,5082,-3
22.840,5083,-6
22.840,5084,-10
22.841,5085,-12
22.841,5086,-14
22.861,5087,-16
22.861,5088,-18
22.861,5089,-21
22.861,5090,-27
22.890,5091,-38
22.890,5092,-53
22.890,5093,-70
22.890,5094,-81
22.912,5095,-72
22.912,5096,-33
22.912,5097,20
22.912,5098,91
22.912,5099,156
22.931,5100,214
22.931,5101,263
22.931,5102,288
22.931,5103,282
22.951,5104,241
22.951,5105,170
22.951,5106,91
22.951,5107,22
22.969,5108,-26
22.969,5109,-53
22.969,5110,-64
22.969,5111,-67
22.994,5112,-68
22.994,5113,-70
22.994,5114,-73
22.994,5115,-76
23.011,5116,-76
23.011,5117,-75
23.011,5118,-72
23.011,5119,-69
23.029,5120,-67
23.029,5121,-64
23.029,5122,-61
23.029,5123,-59
23.051,5124,-55
23.051,5125,-52
23.051,5126,-49
23.051,5127,-47
23.069,5128,-44
23.069,5129,-41
23.069,5130,-38
23.069,5131,-35
23.102,5132,-33
23.102,5133,-31
23.102,5134,-29
23.102,5135,-28
23.119,5136,-26
23.119,5137,-25
23.119,5138,-24
23.119,5139,-23
23.141,5140,-23
23.141,5141,-23
23.141,5142,-23
23.141,5143,-22
23.171,5144,-21
23.171,5145,-20
23.171,5146,-18
23.171,5147,-18
23.179,5148,-15
23.179,5149,-14
23.179,5150,-12
23.179,5151,-11
23.199,5152,-9
23.199,5153,-7
23.199,5154,-5
23.199,5155,-3
23.199,5156,0
23.199,5157,1
23.222,5158,2
23.222,5159,3
23.222,5160,3
23.222,5161,2
23.222,5162,1
23.222,5163,1
23.239,5164,0
23.239,5165,0
23.239,5166,1
23.239,5167,1
23.239,5168,1
23.239,5169,1
23.239,5170,1
23.260,5171,2
23.260,5172,2
23.260,5173,1
23.260,5174,1
23.260,5175,1
23.260,5176,1
23.260,5177,1
23.279,5178,0
23.279,5179,0
23.279,5180,0
23.280,5181,1
23.280,5182,1
23.280,5183,2
23.310,5184,2
23.310,5185,3
23.310,5186,4
23.310,5187,4
23.310,5188,5
23.310,5189,5
23.310,5190,5
23.340,5191,5
23.340,5192,5
23.340,5193,5
23.340,5194,4
23.340,5195,4
23.340,5196,2
23.340,5197,1
23.359,5198,0
23.359,5199,0
23.359,5200,0
23.359,5201,0
23.359,5202,-1
23.359,5203,-1
23.382,5204,-2
23.382,5205,-3
23.382,5206,-3
23.382,5207,-4
23.382,5208,-4
23.400,5209,-4
23.400,5210,-4
23.400,5211,-4
23.400,5212,-4
23.400,5213,-5
23.434,5214,-6
23.434,5215,-6
23.434,5216,-6
23.434,5217,-7
23.434,5218,-7
23.450,5219,-7
23.450,5220,-7
23.450,5221,-6
23.450,5222,-4
23.450,5223,-2
23.470,5224,0
23.470,5225,2
23.470,5226,5
23.470,5227,7
23.470,5228,9
23.470,5229,12
23.489,5230,16
23.489,5231,23
23.489,5232,29
23.489,5233,37
23.489,5234,43
23.510,5235,48
23.510,5236,52
23.510,5237,54
23.510,5238,55
23.510,5239,52
23.531,5240,48
23.532,5241,41
23.532,5242,34
23.532,5243,26
23.532,5244,19
23.550,5245,11
23.550,5246,4
23.550,5247,-1
23.550,5248,-7
23.550,5249,-12
23.570,5250,-17
23.570,5251,-21
23.570,5252,-25
23.570,5253,-28
23.594,5254,-31
23.594,5255,-33
23.594,5256,-35
23.594,5257,-37
23.623,5258,-39
23.623,5259,-44
23.623,5260,-53
23.623,5261,-68
23.642,5262,-87
23.642,5263,-100
23.642,5264,-98
23.642,5265,-69
23.662,5266,-17
23.662,5267,50
23.662,5268,120
23.662,5269,182
23.680,5270,235
23.680,5271,261
23.680,5272,257
23.680,5273,218
23.700,5274,155
23.700,5275,84
23.700,5276,19
23.700,5277,-31
23.720,5278,-64
23.720,5279,-80
23.720,5280,-87
23.720,5281,-87
23.740,5282,-88
23.740,5283,-89
23.740,5284,-88
23.740,5285,-85
23.763,5286,-82
23.763,5287,-79
23.763,5288,-76
23.763,5289,-73
23.780,5290,-70
23.780,5291,-65
23.780,5292,-63
23.780,5293,-59
23.800,5294,-57
23.800,5295,-55
23.800,5296,-52
23.800,5297,-50
23.820,5298,-48
23.820,5299,-45
23.820,5300,-43
23.820,5301,-39
23.854,5302,-37
23.855,5303,-35
23.855,5304,-34
23.855,5305,-33
23.873,5306,-30
23.873,5307,-29
23.873,5308,-27
23.873,5309,-26
23.890,5310,-25
23.890,5311,-22
23.890,5312,-20
23.890,5313,-17
23.912,5314,-15
23.912,5315,-13
23.912,5316,-10
23.912,5317,-8
23.912,5318,-5
23.931,5319,-3
23.931,5320,-2
23.931,5321,1
23.931,5322,2
23.931,5323,4
23.931,5324,4
23.955,5325,3
23.955,5326,4
23.955,5327,3
23.955,5328,3
23.955,5329,2
23.955,5330,0
23.969,5331,0
23.969,5332,0
23.969,5333,-1
23.969,5334,-3
23.969,5335,-5
23.969,5336,-6
23.990,5337,-7
23.990,5338,-8
23.990,5339,-9
23.990,5340,-10
24.014,5341,-10
24.014,5342,-10
24.014,5343,-10
24.014,5344,-11
24.034,5345,-11
24.034,5346,-12
24.034,5347,-12
24.034,5348,-12
24.054,5349,-12
24.054,5350,-11
24.054,5351,-11
24.054,5352,-10
24.081,5353,-10
24.081,5354,-9
24.081,5355,-9
24.081,5356,-9
24.081,5357,-8
24.102,5358,-8
24.102,5359,-9
24.102,5360,-9
24.102,5361,-7
24.102,5362,-7
24.123,5363,-5
24.123,5364,-7
24.123,5365,-9
24.123,5366,-11
24.123,5367,-12
24.141,5368,-12
24.141,5369,-11
24.141,5370,-12
24.141,5371,-12
24.161,5372,-13
24.161,5373,-13
24.161,5374,-13
24.161,5375,-12
24.181,5376,-12
24.181,5377,-12
24.181,5378,-13
24.181,5379,-12
24.199,5380,-11
24.199,5381,-8
24.199,5382,-7
24.200,5383,-4
24.224,5384,-3
24.224,5385,-1
24.224,5386,2
24.224,5387,7
24.224,5388,14
24.224,5389,24
24.239,5390,31
24.240,5391,38
24.240,5392,42
24.240,5393,46
24.240,5394,50
24.259,5395,50
24.259,5396,49
24.259,5397,44
24.259,5398,38
24.259,5399,32
24.290,5400,23
24.291,5401,16
24.291,5402,7
24.291,5403,0
24.291,5404,-5
24.311,5405,-11
24.311,5406,-15
24.311,5407,-20
24.311,5408,-24
24.330,5409,-26
24.330,5410,-30
24.330,5411,-31
24.330,5412,-34
24.350,5413,-36
24.350,5414,-38
24.350,5415,-40
24.350,5416,-45
24.374,5417,-44
24.374,5418,-32
24.374,5419,7
24.374,5420,58
24.374,5421,126
24.391,5422,188
24.391,5423,242
24.391,5424,274
24.391,5425,278
24.409,5426,251
24.409,5427,196
24.409,5428,128
24.409,5429,60
24.434,5430,21
24.434,5431,-17
24.435,5432,-28
24.435,5433,-38
24.451,5434,-46
24.451,5435,-52
24.451,5436,-55
24.451,5437,-56
24.470,5438,-57
24.470,5439,-57
24.470,5440,-57
24.470,5441,-57
24.494,5442,-57
24.494,5443,-56
24.494,5444,-56
24.494,5445,-56
24.521,5446,-55
24.521,5447,-53
24.521,5448,-52
24.521,5449,-50
24.540,5450,-48
24.541,5451,-44
24.541,5452,-42
24.541,5453,-39
24.559,5454,-38
24.559,5455,-38
24.559,5456,-37
24.559,5457,-36
24.580,5458,-33
24.580,5459,-31
24.580,5460,-30
24.580,5461,-28
24.604,5462,-27
24.604,5463,-25
24.604,5464,-23
24.604,5465,-21
24.622,5466,-20
24.622,5467,-19
24.622,5468,-17
24.622,5469,-16
24.640,5470,-13
24.640,5471,-8
24.640,5472,-6
24.640,5473,-2
24.640,5474,-2
24.660,5475,-2
24.660,5476,0
24.660,5477,0
24.660,5478,0
24.660,5479,-2
24.660,5480,-4
24.680,5481,-4
24.680,5482,-7
24.680,5483,-7
24.680,5484,-10
24.700,5485,-12
24.700,5486,-13
24.700,5487,-14
24.700,5488,-14
24.721,5489,-15
24.721,5490,-15
24.721,5491,-15
24.721,5492,-16
24.754,5493,-16
24.754,5494,-17
24.754,5495,-17
24.754,5496,-17
24.769,5497,-18
24.769,5498,-19
24.769,5499,-20
24.769,5500,-18
24.795,5501,-19
24.795,5502,-18
24.795,5503,-18
24.795,5504,-18
24.810,5505,-18
24.810,5506,-17
24.810,5507,-18
24.810,5508,-19
24.840,5509,-20
24.840,5510,-21
24.840,5511,-21
24.840,5512,-22
24.850,5513,-21
24.850,5514,-21
24.850,5515,-22
24.850,5516,-21
24.874,5517,-21
24.874,5518,-19
24.874,5519,-19
24.874,5520,-18
24.890,5521,-17
24.890,5522,-16
24.890,5523,-11
24.890,5524,-6
24.890,5525,2
24.911,5526,10
24.911,5527,17
24.911,5528,24
24.912,5529,29
24.912,5530,32
24.942,5531,31
24.942,5532,28
24.942,5533,22
24.942,5534,17
24.942,5535,11
24.952,5536,5
24.952,5537,0
24.952,5538,-6
24.952,5539,-13
24.952,5540,-18
24.982,5541,-22
24.982,5542,-26
24.982,5543,-30
24.982,5544,-33
24.999,5545,-35
24.999,5546,-37
24.999,5547,-37
24.999,5548,-37
25.021,5549,-39
25.021,5550,-41
25.021,5551,-44
25.022,5552,-51
25.051,5553,-42
25.051,5554,-18
25.051,5555,29
25.051,5556,92
25.059,5557,159
25.059,5558,217
25.059,5559,264
25.059,5560,274
25.081,5561,263
25.081,5562,221
25.081,5563,167
25.081,5564,114
25.081,5565,58
25.099,5566,31
25.100,5567,-1
25.100,5568,-4
25.100,5569,-12
25.119,5570,-18
25.119,5571,-26
25.119,5572,-33
25.119,5573,-36
25.150,5574,-38
25.150,5575,-38
25.150,5576,-37
25.150,5577,-37
25.160,5578,-37
25.160,5579,-36
25.160,5580,-34
25.160,5581,-32
25.190,5582,-29
25.190,5583,-27
25.190,5584,-26
25.190,5585,-24
25.209,5586,-21
25.209,5587,-19
25.209,5588,-16
25.209,5589,-14
25.235,5590,-12
25.235,5591,-10
25.235,5592,-8
25.235,5593,-6
25.235,5594,-4
25.249,5595,-2
25.249,5596,2
25.249,5597,3
25.249,5598,7
25.249,5599,8
25.249,5600,8
25.272,5601,12
25.272,5602,12
25.272,5603,15
25.272,5604,15
25.272,5605,15
25.297,5606,19
25.297,5607,20
25.297,5608,24
25.297,5609,24
25.297,5610,25
25.310,5611,29
25.310,5612,30
25.310,5613,33
25.310,5614,34
25.310,5615,33
25.330,5616,35
25.330,5617,34
25.330,5618,35
25.330,5619,33
25.330,5620,31
25.354,5621,31
25.354,5622,29
25.354,5623,30
25.354,5624,27
25.354,5625,24
25.370,5626,25
25.370,5627,22
25.370,5628,23
25.370,5629,21
25.370,5630,19
25.390,5631,20
25.390,5632,19
25.390,5633,21
25.390,5634,20
25.390,5635,19
25.421,5636,21
25.421,5637,20
25.421,5638,21
25.421,5639,19
25.421,5640,17
25.440,5641,15
25.440,5642,14
25.440,5643,13
25.440,5644,12
25.440,5645,11
25.463,5646,9
25.463,5647,9
25.463,5648,8
25.463,5649,7
25.463,5650,7
25.464,5651,8
25.464,5652,11
25.479,5653,10
25.479,5654,12
25.479,5655,10
25.479,5656,8
25.479,5657,10
25.500,5658,9
25.500,5659,10
25.500,5660,8
25.500,5661,6
25.500,5662,9
25.500,5663,8
25.522,5664,10
25.522,5665,9
25.522,5666,8
25.522,5667,10
25.522,5668,10
25.522,5669,12
25.542,5670,12
25.542,5671,13
25.542,5672,17
25.542,5673,18
25.542,5674,22
25.570,5675,23
25.570,5676,24
25.570,5677,32
25.570,5678,37
25.570,5679,47
25.583,5680,53
25.583,5681,58
25.583,5682,66
25.583,5683,70
25.583,5684,74
25.599,5685,73
25.599,5686,69
25.599,5687,63
25.599,5688,56
25.599,5689,49
25.622,5690,40
25.622,5691,32
25.622,5692,26
25.622,5693,17
25.622,5694,12
25.651,5695,5
25.651,5696,0
25.651,5697,-2
25.651,5698,-7
25.651,5699,-8
25.669,5700,-13
25.670,5701,-16
25.670,5702,-16
25.670,5703,-18
25.690,5704,-17
25.690,5705,-21
25.690,5706,-27
25.690,5707,-36
25.715,5708,-51
25.715,5709,-67
25.715,5710,-78
25.715,5711,-73
25.734,5712,-33
25.734,5713,16
25.734,5714,91
25.734,5715,156
25.755,5716,213
25.755,5717,256
25.755,5718,269
25.755,5719,251
25.774,5720,195
25.774,5721,149
25.774,5722,96
25.774,5723,77
25.774,5724,60
25.791,5725,43
25.791,5726,26
25.791,5727,12
25.791,5728,0
25.791,5729,-7
25.812,5730,-14
25.812,5731,-19
25.812,5732,-24
25.812,5733,-27
25.835,5734,-29
25.835,5735,-31
25.835,5736,-32
25.835,5737,-34
25.849,5738,-34
25.849,5739,-35
25.849,5740,-36
25.849,5741,-36
25.881,5742,-36
25.881,5743,-33
25.881,5744,-33
25.881,5745,-30
25.902,5746,-30
25.902,5747,-31
25.902,5748,-30
25.902,5749,-29
25.923,5750,-28
25.924,5751,-27
25.924,5752,-27
25.924,5753,-26
25.940,5754,-25
25.940,5755,-24
25.940,5756,-23
25.940,5757,-23
25.959,5758,-24
25.959,5759,-24
25.959,5760,-24
25.959,5761,-23
25.982,5762,-21
25.982,5763,-16
25.982,5764,-15
25.982,5765,-11
25.999,5766,-11
26.000,5767,-10
26.000,5768,-9
26.000,5769,-8
26.000,5770,-8
26.020,5771,-7
26.020,5772,-7
26.020,5773,-5
26.020,5774,-6
26.020,5775,-4
26.040,5776,-7
26.040,5777,-9
26.040,5778,-11
26.040,5779,-9
26.060,5780,-11
26.060,5781,-10
26.060,5782,-12
26.060,5783,-14
26.093,5784,-11
26.093,5785,-12
26.093,5786,-9
26.093,5787,-10
26.093,5788,-11
26.111,5789,-11
26.111,5790,-11
26.111,5791,-11
26.111,5792,-12
26.136,5793,-11
26.136,5794,-11
26.136,5795,-10
26.136,5796,-9
26.149,5797,-8
26.149,5798,-8
26.149,5799,-5
26.149,5800,-6
26.150,5801,-4
26.172,5802,-5
26.172,5803,-6
26.172,5804,-7
26.172,5805,-8
26.172,5806,-9
26.202,5807,-7
26.202,5808,-8
26.202,5809,-7
26.202,5810,-8
26.202,5811,-10
26.211,5812,-8
26.211,5813,-10
26.211,5814,-8
26.211,5815,-9
26.230,5816,-11
26.230,5817,-9
26.230,5818,-9
26.230,5819,-5
26.230,5820,-5
26.253,5821,-4
26.253,5822,-3
26.253,5823,-1
26.253,5824,1
26.253,5825,5
26.253,5826,10
26.272,5827,15
26.272,5828,22
26.272,5829,30
26.272,5830,36
26.273,5831,41
26.291,5832,45
26.291,5833,46
26.291,5834,45
26.291,5835,41
26.291,5836,35
26.321,5837,28
26.321,5838,20
26.321,5839,13
26.321,5840,6
26.321,5841,0
26.342,5842,-7
26.342,5843,-14
26.342,5844,-20
26.342,5845,-26
26.361,5846,-30
26.361,5847,-34
26.361,5848,-37
26.361,5849,-39
26.382,5850,-41
26.382,5851,-42
26.382,5852,-43
26.382,5853,-46
26.402,5854,-55
26.402,5855,-68
26.402,5856,-63
26.402,5857,-46
26.402,5858,4
26.424,5859,65
26.424,5860,133
26.424,5861,192
26.424,5862,243
26.444,5863,218
26.444,5864,195
26.444,5865,109
26.444,5866,43
26.460,5867,0
26.460,5868,-24
26.460,5869,-36
26.460,5870,-43
26.480,5871,-51
26.480,5872,-58
26.480,5873,-64
26.480,5874,-69
26.502,5875,-72
26.502,5876,-73
26.502,5877,-73
26.502,5878,-73
26.523,5879,-72
26.523,5880,-72
26.524,5881,-68
26.524,5882,-68
26.549,5883,-62
26.549,5884,-58
26.549,5885,-56
26.549,5886,-52
26.569,5887,-52
26.569,5888,-52
26.569,5889,-50
26.569,5890,-48
26.593,5891,-46
26.593,5892,-44
26.593,5893,-41
26.593,5894,-38
26.615,5895,-35
26.615,5896,-33
26.615,5897,-29
26.615,5898,-28
26.629,5899,-24
26.629,5900,-24
26.629,5901,-24
26.629,5902,-23
26.649,5903,-22
26.649,5904,-21
26.649,5905,-21
26.649,5906,-20
26.673,5907,-19
26.673,5908,-19
26.673,5909,-18
26.673,5910,-17
26.692,5911,-14
26.692,5912,-13
26.692,5913,-12
26.692,5914,-9
26.692,5915,-10
26.713,5916,-9
26.713,5917,-11
26.713,5918,-13
26.713,5919,-13
26.731,5920,-15
26.731,5921,-14
26.731,5922,-15
26.731,5923,-17
26.761,5924,-15
26.761,5925,-16
26.761,5926,-15
26.761,5927,-16
26.780,5928,-16
26.780,5929,-16
26.780,5930,-16
26.780,5931,-15
26.803,5932,-12
26.803,5933,-13
26.803,5934,-10
26.803,5935,-10
26.823,5936,-9
26.823,5937,-8
26.823,5938,-7
26.823,5939,-3
26.823,5940,-3
26.844,5941,-1
26.844,5942,-2
26.844,5943,-3
26.844,5944,-3
26.844,5945,0
26.865,5946,0
26.865,5947,1
26.865,5948,0
26.865,5949,-1
26.865,5950,0
26.865,5951,0
26.865,5952,1
26.883,5953,0
26.883,5954,0
26.883,5955,1
26.883,5956,1
26.883,5957,5
26.883,5958,5
26.900,5959,7
26.900,5960,12
26.900,5961,13
26.900,5962,18
26.900,5963,19
26.926,5964,22
26.926,5965,32
26.926,5966,39
26.926,5967,50
26.926,5968,58
26.941,5969,64
26.941,5970,73
26.941,5971,77
26.941,5972,82
26.941,5973,79
26.960,5974,74
26.960,5975,70
26.960,5976,61
26.960,5977,55
26.960,5978,46
26.991,5979,37
26.991,5980,32
26.991,5981,24
26.991,5982,20
26.991,5983,12
26.991,5984,6
27.009,5985,4
27.009,5986,0
27.009,5987,-2
27.009,5988,-7
27.009,5989,-11
27.032,5990,-14
27.032,5991,-17
27.032,5992,-20
27.032,5993,-25
27.052,5994,-34
27.052,5995,-46
27.052,5996,-61
27.052,5997,-75
27.075,5998,-77
27.075,5999,-59
27.075,6000,-12
27.075,6001,45
27.090,6002,116
27.090,6003,177
27.090,6004,231
27.090,6005,267
27.114,6006,267
27.114,6007,242
27.114,6008,181
27.114,6009,111
27.132,6010,41
27.132,6011,-19
27.132,6012,-64
27.132,6013,-84
27.150,6014,-95
27.150,6015,-92
27.150,6016,-91
27.150,6017,-91
27.175,6018,-89
27.175,6019,-85
27.175,6020,-81
27.175,6021,-75
27.190,6022,-71
27.190,6023,-67
27.190,6024,-63
27.190,6025,-60
27.220,6026,-56
27.220,6027,-53
27.220,6028,-50
27.220,6029,-47
27.239,6030,-44
27.239,6031,-41
27.239,6032,-38
27.239,6033,-35
27.261,6034,-32
27.261,6035,-30
27.261,6036,-27
27.261,6037,-25
27.280,6038,-22
27.280,6039,-20
27.280,6040,-18
27.280,6041,-16
27.301,6042,-15
27.301,6043,-14
27.301,6044,-13
27.301,6045,-13
27.323,6046,-12
27.323,6047,-11
27.323,6048,-11
27.323,6049,-11
27.341,6050,-10
27.341,6051,-9
27.341,6052,-7
27.341,6053,-6
27.341,6054,-5
27.359,6055,-5
27.359,6056,-4
27.359,6057,-4
27.359,6058,-3
27.359,6059,-3
27.387,6060,-3
27.387,6061,-4
27.387,6062,-5
27.387,6063,-6
27.387,6064,-7
27.400,6065,-7
27.400,6066,-8
27.400,6067,-9
27.400,6068,-10
27.400,6069,-11
27.429,6070,-11
27.430,6071,-11
27.430,6072,-11
27.430,6073,-12
27.452,6074,-11
27.452,6075,-11
27.452,6076,-10
27.452,6077,-10
27.474,6078,-9
27.474,6079,-9
27.474,6080,-9
27.474,6081,-8
27.474,6082,-7
27.489,6083,-6
27.489,6084,-5
27.489,6085,-2
27.489,6086,-3
27.489,6087,-1
27.512,6088,-2
27.512,6089,-3
27.512,6090,-3
27.512,6091,-4
27.512,6092,-4
27.535,6093,-4
27.535,6094,-5
27.535,6095,-6
27.535,6096,-6
27.535,6097,-6
27.554,6098,-7
27.554,6099,-7
27.554,6100,-7
27.555,6101,-8
27.555,6102,-8
27.569,6103,-8
27.569,6104,-9
27.569,6105,-9
27.569,6106,-10
27.592,6107,-10
27.592,6108,-11
27.592,6109,-11
27.592,6110,-12
27.610,6111,-12
27.610,6112,-11
27.610,6113,-10
27.610,6114,-8
27.610,6115,-6
27.635,6116,-4
27.635,6117,-2
27.635,6118,0
27.635,6119,5
27.635,6120,11
27.660,6121,20
27.660,6122,28
27.660,6123,35
27.660,6124,40
27.660,6125,43
27.682,6126,44
27.682,6127,42
27.682,6128,37
27.682,6129,31
27.682,6130,24
27.701,6131,17
27.701,6132,9
27.701,6133,2
27.701,6134,-5
27.701,6135,-11
27.721,6136,-17
27.721,6137,-21
27.721,6138,-25
27.721,6139,-29
27.743,6140,-33
27.743,6141,-36
27.743,6142,-38
27.743,6143,-40
27.759,6144,-42
27.759,6145,-44
27.759,6146,-49
27.759,6147,-58
27.784,6148,-71
27.784,6149,-34
27.784,6150,-5
27.784,6151,71
27.784,6152,139
27.801,6153,199
27.801,6154,240
27.801,6155,251
27.801,6156,228
27.820,6157,171
27.820,6158,98
27.820,6159,25
27.820,6160,-33
27.843,6161,-74
27.843,6162,-96
27.843,6163,-106
27.843,6164,-106
27.860,6165,-104
27.860,6166,-102
27.860,6167,-98
27.893,6168,-94
27.893,6169,-90
27.893,6170,-86
27.893,6171,-83
27.909,6172,-81
27.909,6173,-79
27.909,6174,-75
27.909,6175,-72
27.932,6176,-68
27.932,6177,-64
27.932,6178,-59
27.932,6179,-55
27.961,6180,-51
27.962,6181,-48
27.962,6182,-46
27.962,6183,-43
27.969,6184,-41
27.969,6185,-37
27.969,6186,-35
27.969,6187,-34
27.992,6188,-32
27.992,6189,-30
27.992,6190,-28
27.992,6191,-26
28.010,6192,-25
28.010,6193,-24
28.010,6194,-22
28.010,6195,-21
28.031,6196,-19
28.031,6197,-18
28.031,6198,-16
28.031,6199,-17
28.052,6200,-12
28.052,6201,-12
28.052,6202,-9
28.052,6203,-9
28.052,6204,-9
28.070,6205,-9
28.070,6206,-10
28.070,6207,-11
28.070,6208,-11
28.089,6209,-12
28.089,6210,-13
28.089,6211,-15
28.089,6212,-17
28.122,6213,-19
28.122,6214,-21
28.122,6215,-22
28.122,6216,-22
28.143,6217,-23
28.143,6218,-24
28.143,6219,-25
28.143,6220,-25
28.169,6221,-25
28.169,6222,-25
28.169,6223,-25
28.169,6224,-24
28.182,6225,-23
28.182,6226,-22
28.182,6227,-21
28.182,6228,-20
28.200,6229,-20
28.200,6230,-19
28.200,6231,-19
28.200,6232,-18
28.220,6233,-18
28.220,6234,-17
28.220,6235,-16
28.220,6236,-15
28.239,6237,-13
28.239,6238,-12
28.239,6239,-12
28.239,6240,-12
28.261,6241,-12
28.261,6242,-12
28.261,6243,-12
28.261,6244,-13
28.280,6245,-14
28.280,6246,-15
28.280,6247,-16
28.280,6248,-18
28.302,6249,-19
28.302,6250,-18
28.302,6251,-19
28.302,6252,-17
28.324,6253,-17
28.324,6254,-16
28.324,6255,-16
28.324,6256,-16
28.352,6257,-17
28.352,6258,-16
28.352,6259,-15
28.352,6260,-13
28.385,6261,-11
28.385,6262,-9
28.385,6263,-7
28.385,6264,-5
28.385,6265,1
28.390,6266,6
28.390,6267,15
28.390,6268,22
28.390,6269,26
28.390,6270,27
28.413,6271,24
28.413,6272,20
28.413,6273,16
28.413,6274,11
28.413,6275,5
28.413,6276,0
28.430,6277,-5
28.430,6278,-10
28.430,6279,-15
28.430,6280,-19
28.452,6281,-23
28.452,6282,-27
28.452,6283,-30
28.452,6284,-32
28.470,6285,-34
28.470,6286,-36
28.470,6287,-37
28.470,6288,-39
28.491,6289,-43
28.491,6290,-50
28.491,6291,-61
28.491,6292,-73
28.510,6293,-83
28.510,6294,-45
28.510,6295,-8
28.510,6296,71
28.530,6297,140
28.530,6298,196
28.530,6299,223
28.530,6300,222
28.550,6301,187
28.550,6302,132
28.550,6303,68
28.550,6304,7
28.550,6305,-44
28.592,6306,-83
28.592,6307,-105
28.592,6308,-115
28.601,6309,-114
28.601,6310,-111
28.601,6311,-106
28.601,6312,-100
28.619,6313,-94
28.619,6314,-88
28.619,6315,-83
28.619,6316,-77
28.642,6317,-72
28.642,6318,-67
28.642,6319,-63
28.642,6320,-57
28.660,6321,-53
28.660,6322,-48
28.660,6323,-43
28.660,6324,-39
28.692,6325,-35
28.692,6326,-31
28.692,6327,-27
28.692,6328,-24
28.700,6329,-22
28.700,6330,-19
28.700,6331,-16
28.700,6332,-11
28.720,6333,-5
28.720,6334,-2
28.720,6335,2
28.720,6336,4
28.720,6337,5
28.720,6338,6
28.743,6339,8
28.743,6340,9
28.743,6341,10
28.743,6342,10
28.743,6343,12
28.764,6344,12
28.764,6345,14
28.764,6346,14
28.764,6347,14
28.764,6348,18
28.790,6349,18
28.790,6350,21
28.790,6351,20
28.790,6352,20
28.790,6353,22
28.809,6354,22
28.809,6355,25
28.809,6356,24
28.809,6357,22
28.809,6358,24
28.830,6359,23
28.830,6360,24
28.830,6361,22
28.830,6362,20
28.830,6363,20
28.852,6364,19
28.852,6365,20
28.852,6366,19
28.852,6367,17
28.852,6368,18
28.869,6369,16
28.869,6370,18
28.869,6371,17
28.869,6372,16
28.869,6373,16
28.892,6374,15
28.892,6375,15
28.892,6376,15
28.892,6377,16
28.892,6378,18
28.910,6379,18
28.910,6380,21
28.911,6381,21
28.911,6382,21
28.911,6383,21
28.929,6384,21
28.929,6385,24
28.929,6386,24
28.929,6387,26
28.929,6388,25
28.949,6389,24
28.949,6390,26
28.949,6391,25
28.949,6392,27
28.949,6393,26
28.973,6394,25
28.973,6395,26
28.973,6396,25
28.973,6397,27
28.973,6398,26
29.001,6399,25
29.001,6400,25
29.001,6401,24
29.001,6402,23
29.001,6403,22
29.023,6404,21
29.023,6405,20
29.023,6406,19
29.023,6407,19
29.023,6408,19
29.043,6409,19
29.043,6410,18
29.043,6411,17
29.043,6412,17
29.043,6413,16
29.062,6414,16
29.062,6415,17
29.062,6416,20
29.062,6417,20
29.062,6418,22
29.080,6419,22
29.080,6420,21
29.080,6421,23
29.080,6422,23
29.080,6423,24
29.106,6424,23
29.106,6425,21
29.106,6426,23
29.106,6427,23
29.106,6428,25
29.119,6429,24
29.119,6430,24
29.119,6431,23
29.119,6432,23
29.119,6433,22
29.140,6434,21
29.140,6435,21
29.140,6436,22
29.140,6437,23
29.140,6438,24
29.165,6439,26
29.165,6440,29
29.165,6441,31
29.165,6442,33
29.165,6443,35
29.181,6444,39
29.181,6445,45
29.181,6446,51
29.181,6447,60
29.181,6448,65
29.202,6449,72
29.202,6450,74
29.202,6451,76
29.202,6452,77
29.202,6453,73
29.223,6454,69
29.223,6455,63
29.223,6456,56
29.223,6457,50
29.223,6458,42
29.249,6459,36
29.249,6460,30
29.249,6461,23
29.249,6462,17
29.249,6463,12
29.249,6464,6
29.274,6465,2
29.274,6466,-1
29.274,6467,-4
29.274,6468,-7
29.274,6469,-9
29.291,6470,-12
29.291,6471,-17
29.291,6472,-26
29.291,6473,-39
29.310,6474,-52
29.310,6475,-61
29.310,6476,-58
29.310,6477,-17
29.331,6478,28
29.331,6479,101
29.331,6480,166
29.331,6481,220
29.350,6482,249
29.350,6483,227
29.350,6484,186
29.350,6485,107
29.371,6486,42
29.371,6487,-6
29.371,6488,-35
29.371,6489,-50
29.392,6490,-57
29.392,6491,-59
29.392,6492,-61
29.392,6493,-61
29.410,6494,-61
29.410,6495,-58
29.410,6496,-57
29.410,6497,-54
29.431,6498,-52
29.431,6499,-50
29.431,6500,-46
29.431,6501,-44
29.460,6502,-41
29.460,6503,-40
29.460,6504,-36
29.460,6505,-34
29.482,6506,-30
29.482,6507,-29
29.482,6508,-28
29.482,6509,-25
29.501,6510,-24
29.501,6511,-20
29.501,6512,-18
29.501,6513,-16
29.524,6514,-12
29.524,6515,-11
29.524,6516,-7
29.524,6517,-6
29.524,6518,-4
29.541,6519,-3
29.541,6520,-2
29.542,6521,-1
29.542,6522,0
29.542,6523,0
29.542,6524,1
29.560,6525,2
29.561,6526,2
29.561,6527,1
29.561,6528,1
29.561,6529,1
29.561,6530,2
29.561,6531,3
29.583,6532,3
29.583,6533,3
29.583,6534,3
29.583,6535,3
29.583,6536,3
29.583,6537,3
29.600,6538,3
29.600,6539,3
29.600,6540,3
29.600,6541,2
29.600,6542,0
29.600,6543,-2
29.620,6544,-4
29.620,6545,-6
29.620,6546,-8
29.620,6547,-10
29.620,6548,-11
29.643,6549,-11
29.643,6550,-12
29.643,6551,-13
29.643,6552,-14
29.663,6553,-15
29.664,6554,-15
29.664,6555,-15
29.664,6556,-14
29.692,6557,-14
29.692,6558,-14
29.692,6559,-12
29.692,6560,-11
29.710,6561,-10
29.710,6562,-10
29.710,6563,-9
29.710,6564,-8
29.731,6565,-7
29.731,6566,-5
29.731,6567,-4
29.731,6568,-3
29.731,6569,-1
29.731,6570,0
29.751,6571,2
29.751,6572,3
29.751,6573,4
29.751,6574,4
29.751,6575,4
29.751,6576,5
29.770,6577,5
29.770,6578,5
29.770,6579,5
29.770,6580,5
29.770,6581,5
29.770,6582,5
29.770,6583,4
29.792,6584,4
29.792,6585,3
29.792,6586,2
29.792,6587,1
29.792,6588,0
29.792,6589,0
29.792,6590,0
29.815,6591,0
29.815,6592,0
29.815,6593,0
29.815,6594,-1
29.815,6595,-1
29.839,6596,-2
29.839,6597,-3
29.839,6598,-3
29.839,6599,-3
29.839,6600,-4
29.850,6601,-3
29.850,6602,-4
29.850,6603,-3
29.850,6604,-3
29.850,6605,-2
29.870,6606,-2
29.870,6607,-1
29.870,6608,-1
29.870,6609,-1
29.870,6610,-1
29.901,6611,-1
29.901,6612,-2
29.901,6613,-3
29.901,6614,-3
29.901,6615,-3
29.922,6616,-2
29.922,6617,-2
29.922,6618,-3
29.922,6619,-3
29.922,6620,-3
29.940,6621,-3
29.940,6622,-3
29.940,6623,-3
29.940,6624,-3
29.940,6625,-3
29.959,6626,-3
29.959,6627,-3
29.959,6628,-4
29.959,6629,-4
29.959,6630,-3
29.980,6631,-3
29.980,6632,-3
29.980,6633,-3
29.980,6634,-2
29.980,6635,-1
30.003,6636,-1
30.003,6637,-1
30.003,6638,-1
30.003,6639,-1
30.003,6640,-1
30.022,6641,-1
30.022,6642,-1
30.022,6643,0
30.022,6644,1
30.022,6645,4
30.022,6646,6
30.022,6647,9
30.042,6648,11
30.042,6649,14
30.042,6650,18
30.042,6651,25
30.042,6652,32
30.060,6653,39
30.060,6654,47
30.060,6655,52
30.060,6656,56
30.060,6657,57
30.079,6658,57
30.079,6659,56
30.079,6660,53
30.079,6661,48
30.079,6662,41
30.110,6663,35
30.110,6664,28
30.110,6665,21
30.110,6666,14
30.110,6667,8
30.131,6668,2
30.131,6669,-1
30.131,6670,-5
30.131,6671,-9
30.131,6672,-13
30.153,6673,-17
30.153,6674,-19
30.153,6675,-21
30.153,6676,-22
30.170,6677,-24
30.170,6678,-28
30.170,6679,-34
30.170,6680,-43
30.192,6681,-55
30.192,6682,-68
30.192,6683,-79
30.192,6684,-77
30.209,6685,-52
30.209,6686,-4
30.209,6687,57
30.209,6688,127
30.230,6689,188
30.230,6690,241
30.230,6691,276
30.230,6692,280
30.255,6693,250
30.255,6694,188
30.255,6695,137
30.255,6696,84
30.255,6697,61
30.271,6698,40
30.271,6699,22
30.271,6700,5
30.271,6701,-6
30.271,6702,-17
30.292,6703,-25
30.292,6704,-30
30.292,6705,-35
30.292,6706,-39
30.310,6707,-42
30.310,6708,-46
30.310,6709,-47
30.310,6710,-50
30.340,6711,-51
30.340,6712,-52
30.340,6713,-53
30.340,6714,-52
30.362,6715,-52
30.362,6716,-50
30.362,6717,-49
30.362,6718,-48
30.384,6719,-47
30.384,6720,-46
30.384,6721,-44
30.384,6722,-43
30.402,6723,-40
30.402,6724,-38
30.402,6725,-36
30.402,6726,-34
30.422,6727,-33
30.422,6728,-32
30.422,6729,-30
30.422,6730,-29
30.444,6731,-26
30.444,6732,-25
30.444,6733,-24
30.444,6734,-23
30.459,6735,-22
30.459,6736,-20
30.459,6737,-20
30.459,6738,-19
30.481,6739,-19
30.481,6740,-18
30.482,6741,-17
30.482,6742,-17
30.503,6743,-16
30.503,6744,-17
30.503,6745,-18
30.503,6746,-18
30.521,6747,-20
30.521,6748,-21
30.521,6749,-23
30.521,6750,-24
30.540,6751,-25
30.540,6752,-26
30.540,6753,-27
30.540,6754,-28
30.580,6755,-30
30.580,6756,-30
30.580,6757,-31
30.580,6758,-32
30.590,6759,-33
30.590,6760,-33
30.590,6761,-32
30.590,6762,-31
30.611,6763,-28
30.611,6764,-27
30.611,6765,-25
30.611,6766,-23
30.630,6767,-21
30.630,6768,-18
30.630,6769,-16
30.630,6770,-14
30.653,6771,-11
30.653,6772,-10
30.653,6773,-7
30.653,6774,-6
30.669,6775,-4
30.669,6776,-3
30.669,6777,-3
30.669,6778,-3
30.669,6779,-4
30.689,6780,-4
30.689,6781,-4
30.689,6782,-4
30.689,6783,-5
30.689,6784,-5
30.710,6785,-6
30.710,6786,-7
30.710,6787,-8
30.710,6788,-8
30.710,6789,-9
30.730,6790,-9
30.731,6791,-9
30.731,6792,-9
30.731,6793,-9
30.731,6794,-9
30.749,6795,-10
30.749,6796,-11
30.749,6797,-11
30.749,6798,-12
30.774,6799,-11
30.774,6800,-10
30.774,6801,-10
30.774,6802,-9
30.801,6803,-8
30.802,6804,-8
30.802,6805,-8
30.802,6806,-9
30.802,6807,-9
30.820,6808,-9
30.820,6809,-8
30.820,6810,-8
30.820,6811,-8
30.820,6812,-8
30.843,6813,-7
30.843,6814,-7
30.843,6815,-7
30.843,6816,-6
30.843,6817,-6
30.864,6818,-6
30.864,6819,-6
30.864,6820,-6
30.864,6821,-6
30.864,6822,-6
30.880,6823,-5
30.880,6824,-5
30.880,6825,-5
30.880,6826,-4
30.880,6827,-4
30.900,6828,-4
30.900,6829,-3
30.900,6830,-3
30.900,6831,-3
30.900,6832,-3
30.923,6833,-3
30.923,6834,-2
30.923,6835,-2
30.923,6836,-2
30.923,6837,-3
30.942,6838,-3
30.942,6839,-3
30.942,6840,-2
30.942,6841,-1
30.942,6842,-1
30.960,6843,-1
30.960,6844,-2
30.960,6845,-2
30.960,6846,-2
30.960,6847,-2
30.983,6848,-1
30.983,6849,-1
30.983,6850,0
30.983,6851,0
30.983,6852,0
30.983,6853,2
30.983,6854,4
31.002,6855,7
31.002,6856,9
31.002,6857,11
31.002,6858,14
31.002,6859,18
31.030,6860,24
31.031,6861,31
31.031,6862,37
31.031,6863,43
31.031,6864,49
31.051,6865,52
31.051,6866,54
31.051,6867,55
31.051,6868,53
31.051,6869,49
31.073,6870,44
31.073,6871,38
31.073,6872,31
31.073,6873,24
31.073,6874,18
31.090,6875,13
31.090,6876,7
31.090,6877,2
31.090,6878,-1
31.090,6879,-5
31.090,6880,-8
31.111,6881,-11
31.111,6882,-14
31.111,6883,-17
31.111,6884,-19
31.134,6885,-21
31.134,6886,-22
31.134,6887,-24
31.134,6888,-28
31.150,6889,-35
31.150,6890,-46
31.150,6891,-47
31.150,6892,-34
31.172,6893,8
31.172,6894,62
31.172,6895,131
31.172,6896,192
31.194,6897,245
31.194,6898,222
31.194,6899,199
31.194,6900,112
31.210,6901,38
31.210,6902,-17
31.210,6903,-52
31.210,6904,-70
31.239,6905,-77
31.239,6906,-78
31.239,6907,-80
31.239,6908,-82
31.261,6909,-85
31.261,6910,-87
31.261,6911,-85
31.261,6912,-83
31.285,6913,-79
31.285,6914,-76
31.285,6915,-72
31.285,6916,-68
31.299,6917,-64
31.299,6918,-61
31.299,6919,-58
31.299,6920,-56
31.321,6921,-54
31.321,6922,-52
31.321,6923,-50
31.321,6924,-48
31.344,6925,-46
31.344,6926,-43
31.344,6927,-40
31.345,6928,-38
31.359,6929,-34
31.359,6930,-32
31.360,6931,-27
31.360,6932,-25
31.380,6933,-20
31.380,6934,-18
31.380,6935,-17
31.380,6936,-15
31.402,6937,-13
31.402,6938,-10
31.402,6939,-9
31.402,6940,-7
31.402,6941,-6
31.420,6942,-5
31.420,6943,-4
31.420,6944,-4
31.420,6945,-3
31.420,6946,-2
31.442,6947,-1
31.442,6948,0
31.442,6949,0
31.442,6950,-1
31.442,6951,0
31.442,6952,-1
31.474,6953,-1
31.474,6954,-1
31.474,6955,-3
31.474,6956,-3
31.474,6957,-4
31.490,6958,-5
31.490,6959,-7
31.490,6960,-9
31.490,6961,-10
31.510,6962,-11
31.510,6963,-12
31.510,6964,-14
31.510,6965,-15
31.530,6966,-16
31.530,6967,-17
31.530,6968,-16
31.530,6969,-16
31.550,6970,-17
31.550,6971,-17
31.550,6972,-18
31.550,6973,-17
31.571,6974,-16
31.571,6975,-14
31.571,6976,-13
31.571,6977,-12
31.590,6978,-11
31.590,6979,-9
31.590,6980,-7
31.590,6981,-5
31.590,6982,-4
31.611,6983,-3
31.611,6984,-1
31.611,6985,-1
31.611,6986,0
31.611,6987,0
31.611,6988,0
31.632,6989,1
31.632,6990,1
31.633,6991,0
31.633,6992,0
31.633,6993,0
31.633,6994,0
31.633,6995,0
31.651,6996,0
31.651,6997,0
31.651,6998,0
31.651,6999,0
31.651,7000,0
31.651,7001,0
31.651,7002,0
31.669,7003,0
31.669,7004,0
31.669,7005,0
31.669,7006,0
31.669,7007,0
31.669,7008,0
31.701,7009,0
31.701,7010,0
31.701,7011,0
31.701,7012,-1
31.701,7013,-1
31.701,7014,0
31.724,7015,0
31.724,7016,0
31.724,7017,0
31.724,7018,0
31.724,7019,0
31.724,7020,0
31.724,7021,0
31.740,7022,0
31.740,7023,0
31.740,7024,0
31.740,7025,0
31.740,7026,0
31.740,7027,0
31.740,7028,0
31.762,7029,0
31.762,7030,0
31.762,7031,0
31.762,7032,0
31.762,7033,0
31.762,7034,1
31.789,7035,1
31.789,7036,2
31.789,7037,3
31.789,7038,3
31.789,7039,4
31.789,7040,4
31.789,7041,3
31.822,7042,3
31.822,7043,3
31.822,7044,4
31.822,7045,4
31.822,7046,3
31.822,7047,3
31.822,7048,3
31.843,7049,3
31.843,7050,3
31.843,7051,4
31.843,7052,4
31.843,7053,5
31.843,7054,5
31.870,7055,5
31.870,7056,5
31.870,7057,5
31.870,7058,5
31.870,7059,5
31.870,7060,5
31.870,7061,5
31.904,7062,6
31.904,7063,7
31.904,7064,8
31.904,7065,9
31.904,7066,8
31.904,7067,8
31.904,7068,8
31.919,7069,9
31.919,7070,9
31.919,7071,10
31.919,7072,10
31.919,7073,10
31.943,7074,10
31.943,7075,9
31.943,7076,9
31.943,7077,8
31.943,7078,8
31.943,7079,8
31.943,7080,7
31.969,7081,7
31.969,7082,7
31.969,7083,7
31.969,7084,8
31.969,7085,9
31.969,7086,11
31.992,7087,14
31.992,7088,17
31.992,7089,19
31.992,7090,21
31.992,7091,24
32.023,7092,28
32.023,7093,34
32.023,7094,41
32.023,7095,49
32.023,7096,54
32.034,7097,59
32.034,7098,62
32.034,7099,64
32.034,7100,64
32.034,7101,62
32.053,7102,59
32.053,7103,54
32.053,7104,47
32.053,7105,40
32.053,7106,32
32.083,7107,25
32.083,7108,18
32.083,7109,13
32.083,7110,8
32.084,7111,4
32.084,7112,0
32.100,7113,-4
32.100,7114,-8
32.100,7115,-11
32.100,7116,-14
32.121,7117,-17
32.121,7118,-20
32.121,7119,-22
32.121,7120,-24
32.141,7121,-29
32.141,7122,-36
32.141,7123,-47
32.141,7124,-60
32.170,7125,-71
32.170,7126,-69
32.170,7127,-46
32.170,7128,1
32.170,7129,61
32.179,7130,130
32.179,7131,191
32.179,7132,244
32.179,7133,288
32.204,7134,300
32.204,7135,279
32.204,7136,221
32.204,7137,139
32.219,7138,57
32.219,7139,-6
32.219,7140,-48
32.219,7141,-71
32.239,7142,-80
32.239,7143,-83
32.239,7144,-85
32.239,7145,-87
32.264,7146,-89
32.265,7147,-91
32.265,7148,-91
32.265,7149,-89
32.290,7150,-87
32.290,7151,-84
32.290,7152,-81
32.290,7153,-78
32.310,7154,-76
32.310,7155,-74
32.310,7156,-70
32.310,7157,-67
32.329,7158,-63
32.329,7159,-59
32.329,7160,-56
32.329,7161,-52
32.350,7162,-49
32.350,7163,-45
32.350,7164,-42
32.350,7165,-40
32.370,7166,-36
32.370,7167,-34
32.370,7168,-31
32.370,7169,-28
32.394,7170,-26
32.394,7171,-23
32.394,7172,-21
32.394,7173,-20
32.413,7174,-18
32.413,7175,-16
32.413,7176,-15
32.413,7177,-13
32.434,7178,-12
32.434,7179,-11
32.434,7180,-10
32.435,7181,-9
32.450,7182,-8
32.450,7183,-7
32.450,7184,-7
32.450,7185,-6
32.450,7186,-6
32.472,7187,-7
32.472,7188,-6
32.472,7189,-7
32.472,7190,-6
32.472,7191,-7
32.490,7192,-8
32.490,7193,-8
32.490,7194,-9
32.490,7195,-9
32.490,7196,-10
32.519,7197,-11
32.519,7198,-12
32.519,7199,-13
32.519,7200,-14
32.543,7201,-15
32.543,7202,-16
32.543,7203,-17
32.543,7204,-18
32.560,7205,-18
32.561,7206,-19
32.561,7207,-21
32.561,7208,-20
32.583,7209,-21
32.583,7210,-20
32.583,7211,-19
32.583,7212,-17
32.603,7213,-16
32.603,7214,-14
32.603,7215,-13
32.603,7216,-11
32.621,7217,-10
32.621,7218,-9
32.621,7219,-8
32.621,7220,-7
32.622,7221,-6
32.640,7222,-6
32.640,7223,-5
32.640,7224,-3
32.640,7225,-2
32.640,7226,-1
32.662,7227,-1
32.662,7228,0
32.662,7229,0
32.662,7230,0
32.662,7231,0
32.662,7232,0
32.684,7233,0
32.684,7234,0
32.684,7235,-1
32.684,7236,0
32.684,7237,-1
32.684,7238,-2
32.700,7239,-1
32.700,7240,-2
32.700,7241,-1
32.700,7242,-1
32.700,7243,-2
32.734,7244,-2
32.734,7245,-3
32.734,7246,-3
32.734,7247,-3
32.734,7248,-4
32.750,7249,-2
32.750,7250,-3
32.750,7251,-3
32.750,7252,-4
32.750,7253,-4
32.774,7254,-4
32.774,7255,-6
32.774,7256,-6
32.774,7257,-6
32.774,7258,-6
32.789,7259,-5
32.789,7260,-5
32.790,7261,-4
32.790,7262,-5
32.790,7263,-6
32.809,7264,-5
32.809,7265,-6
32.809,7266,-6
32.809,7267,-6
32.809,7268,-7
32.829,7269,-5
32.829,7270,-5
32.829,7271,-5
32.829,7272,-5
32.829,7273,-6
32.850,7274,-5
32.850,7275,-5
32.850,7276,-4
32.850,7277,-4
32.850,7278,-4
32.870,7279,-2
32.870,7280,-2
32.870,7281,-1
32.870,7282,-2
32.870,7283,-2
32.899,7284,-1
32.899,7285,-1
32.899,7286,0
32.899,7287,0
32.899,7288,-1
32.899,7289,0
32.909,7290,0
32.909,7291,0
32.909,7292,-1
32.909,7293,-2
32.909,7294,-1
32.931,7295,-1
32.931,7296,0
32.931,7297,-1
32.931,7298,-1
32.931,7299,0
32.931,7300,0
32.960,7301,1
32.960,7302,1
32.960,7303,1
32.960,7304,2
32.960,7305,0
32.960,7306,1
32.960,7307,0
32.979,7308,0
32.979,7309,0
32.979,7310,0
32.979,7311,0
32.979,7312,0
32.979,7313,-1
33.000,7314,0
33.000,7315,0
33.000,7316,2
33.000,7317,2
33.000,7318,2
33.000,7319,3
33.000,7320,2
33.021,7321,2
33.021,7322,2
33.021,7323,2
33.021,7324,3
33.021,7325,2
33.021,7326,4
33.039,7327,4
33.039,7328,4
33.039,7329,7
33.039,7330,8
33.039,7331,11
33.039,7332,12
33.059,7333,14
33.059,7334,17
33.059,7335,18
33.059,7336,22
33.059,7337,26
33.079,7338,32
33.079,7339,40
33.079,7340,46
33.079,7341,53
33.079,7342,56
33.099,7343,58
33.099,7344,60
33.099,7345,58
33.099,7346,56
33.099,7347,51
33.121,7348,44
33.121,7349,39
33.121,7350,31
33.121,7351,25
33.121,7352,18
33.144,7353,11
33.144,7354,7
33.144,7355,2
33.144,7356,-1
33.144,7357,-5
33.144,7358,-9
33.171,7359,-10
33.171,7360,-13
33.171,7361,-15
33.171,7362,-17
33.190,7363,-19
33.190,7364,-20
33.191,7365,-23
33.191,7366,-28
33.209,7367,-37
33.209,7368,-50
33.209,7369,-62
33.209,7370,-70
33.231,7371,-60
33.231,7372,-25
33.231,7373,26
33.231,7374,93
33.250,7375,159
33.250,7376,217
33.250,7377,267
33.250,7378,301
33.270,7379,300
33.270,7380,263
33.270,7381,190
33.270,7382,103
33.297,7383,25
33.297,7384,-27
33.297,7385,-59
33.297,7386,-72
33.310,7387,-77
33.310,7388,-79
33.310,7389,-80
33.310,7390,-80
33.330,7391,-79
33.330,7392,-78
33.330,7393,-77
33.330,7394,-77
33.354,7395,-75
33.354,7396,-73
33.354,7397,-71
33.354,7398,-68
33.380,7399,-66
33.380,7400,-63
33.380,7401,-61
33.380,7402,-59
33.399,7403,-57
33.399,7404,-54
33.399,7405,-52
33.399,7406,-49
33.419,7407,-46
33.419,7408,-43
33.419,7409,-41
33.419,7410,-39
33.441,7411,-36
33.441,7412,-33
33.441,7413,-30
33.441,7414,-28
33.461,7415,-26
33.461,7416,-22
33.461,7417,-19
33.461,7418,-16
33.483,7419,-14
33.484,7420,-13
33.484,7421,-9
33.484,7422,-7
33.484,7423,-4
33.503,7424,-2
33.503,7425,-1
33.503,7426,0
33.503,7427,0
33.503,7428,0
33.503,7429,0
33.519,7430,0
33.519,7431,0
33.519,7432,-1
33.519,7433,-1
33.519,7434,-2
33.544,7435,-2
33.544,7436,-3
33.544,7437,-4
33.544,7438,-6
33.544,7439,-8
33.564,7440,-9
33.564,7441,-11
33.564,7442,-12
33.564,7443,-13
33.581,7444,-14
33.581,7445,-15
33.581,7446,-16
33.581,7447,-18
33.609,7448,-19
33.609,7449,-20
33.609,7450,-20
33.609,7451,-21
33.629,7452,-21
33.629,7453,-19
33.629,7454,-19
33.629,7455,-17
33.652,7456,-17
33.652,7457,-17
33.652,7458,-16
33.652,7459,-14
33.673,7460,-11
33.673,7461,-9
33.673,7462,-7
33.673,7463,-6
33.673,7464,-5
33.692,7465,-3
33.692,7466,-1
33.692,7467,0
33.692,7468,1
33.692,7469,1
33.692,7470,2
33.692,7471,3
33.713,7472,3
33.713,7473,3
33.713,7474,3
33.713,7475,3
33.713,7476,3
33.713,7477,3
33.732,7478,2
33.732,7479,1
33.732,7480,1
33.732,7481,0
33.732,7482,0
33.732,7483,0
33.732,7484,0
33.749,7485,0
33.749,7486,0
33.749,7487,0
33.749,7488,-1
33.749,7489,-1
33.749,7490,-2
33.770,7491,-2
33.770,7492,-2
33.770,7493,-2
33.770,7494,-3
33.770,7495,-3
33.790,7496,-3
33.790,7497,-3
33.790,7498,-3
33.790,7499,-3
33.790,7500,-3
33.830,7501,-3
33.831,7502,-2
33.831,7503,-2
33.831,7504,-2
33.831,7505,-1
33.839,7506,-1
33.839,7507,-1
33.839,7508,-1
33.839,7509,-1
33.839,7510,-1
33.859,7511,0
33.859,7512,0
33.859,7513,0
33.859,7514,0
33.859,7515,0
33.859,7516,0
33.882,7517,0
33.882,7518,-1
33.882,7519,-1
33.882,7520,-2
33.882,7521,-2
33.903,7522,-2
33.903,7523,-2
33.903,7524,-2
33.903,7525,-2
33.903,7526,-1
33.922,7527,-1
33.922,7528,-1
33.922,7529,0
33.922,7530,0
33.922,7531,1
33.922,7532,1
33.922,7533,1
33.939,7534,1
33.939,7535,2
33.939,7536,3
33.939,7537,3
33.939,7538,3
33.939,7539,4
33.959,7540,5
33.959,7541,6
33.959,7542,6
33.959,7543,7
33.959,7544,7
33.959,7545,7
33.959,7546,7
33.989,7547,7
33.989,7548,8
33.990,7549,8
33.990,7550,9
33.990,7551,9
33.990,7552,8
33.990,7553,8
34.011,7554,9
34.011,7555,10
34.011,7556,11
34.011,7557,11
34.011,7558,10
34.040,7559,10
34.040,7560,10
34.040,7561,9
34.040,7562,9
34.040,7563,8
34.040,7564,8
34.061,7565,9
34.061,7566,10
34.061,7567,10
34.061,7568,11
34.061,7569,12
34.080,7570,12
34.080,7571,12
34.080,7572,12
34.080,7573,13
34.080,7574,13
34.100,7575,13
34.100,7576,13
34.100,7577,12
34.100,7578,12
34.100,7579,12
34.123,7580,12
34.123,7581,13
34.123,7582,15
34.123,7583,17
34.123,7584,19
34.139,7585,21
34.139,7586,24
34.139,7587,25
34.139,7588,28
34.139,7589,32
34.164,7590,38
34.164,7591,45
34.164,7592,52
34.164,7593,58
34.164,7594,63
34.183,7595,66
34.183,7596,68
34.183,7597,67
34.183,7598,65
34.183,7599,61
34.210,7600,56
34.210,7601,51
34.210,7602,44
34.210,7603,37
34.210,7604,30
34.233,7605,24
34.233,7606,18
34.233,7607,13
34.233,7608,9
34.233,7609,5
34.233,7610,3
34.249,7611,0
34.249,7612,-2
34.249,7613,-5
34.249,7614,-7
34.249,7615,-10
34.274,7616,-12
34.274,7617,-15
34.274,7618,-21
34.274,7619,-31
34.295,7620,-45
34.295,7621,-59
34.295,7622,-68
34.295,7623,-63
34.314,7624,-32
34.314,7625,17
34.314,7626,82
34.314,7627,149
34.351,7628,208
34.351,7629,259
34.351,7630,298
34.351,7631,304
34.351,7632,274
34.351,7633,207
34.351,7634,120
34.351,7635,40
34.370,7636,-17
34.370,7637,-52
34.370,7638,-68
34.370,7639,-74
34.390,7640,-77
34.390,7641,-80
34.390,7642,-83
34.390,7643,-85
34.424,7644,-85
34.424,7645,-83
34.424,7646,-81
34.424,7647,-80
34.443,7648,-79
34.443,7649,-78
34.443,7650,-77
34.443,7651,-74
34.459,7652,-71
34.459,7653,-68
34.459,7654,-66
34.459,7655,-63
34.481,7656,-61
34.481,7657,-58
34.481,7658,-54
34.481,7659,-51
34.500,7660,-47
34.501,7661,-45
34.501,7662,-41
34.501,7663,-38
34.524,7664,-36
34.524,7665,-32
34.524,7666,-31
34.524,7667,-28
34.543,7668,-27
34.543,7669,-24
34.543,7670,-22
34.543,7671,-20
34.559,7672,-18
34.559,7673,-16
34.559,7674,-14
34.559,7675,-12
34.579,7676,-10
34.579,7677,-8
34.579,7678,-7
34.579,7679,-6
34.579,7680,-6
34.601,7681,-5
34.601,7682,-5
34.601,7683,-4
34.601,7684,-3
34.601,7685,-2
34.620,7686,-2
34.620,7687,-1
34.620,7688,0
34.620,7689,0
34.620,7690,0
34.620,7691,-1
34.652,7692,-2
34.652,7693,-3
34.652,7694,-4
34.652,7695,-6
34.652,7696,-8
34.669,7697,-9
34.669,7698,-11
34.669,7699,-12
34.669,7700,-12
34.689,7701,-13
34.689,7702,-14
34.689,7703,-15
34.689,7704,-16
34.714,7705,-17
34.714,7706,-17
34.714,7707,-16
34.714,7708,-14
34.734,7709,-14
34.734,7710,-13
34.734,7711,-12
34.734,7712,-11
34.752,7713,-9
34.752,7714,-7
34.752,7715,-6
34.752,7716,-4
34.752,7717,-3
34.770,7718,-1
34.770,7719,0
34.770,7720,0
34.770,7721,1
34.770,7722,2
34.770,7723,3
34.770,7724,3
34.791,7725,4
34.791,7726,4
34.791,7727,4
34.791,7728,4
34.791,7729,4
34.791,7730,3
34.791,7731,2
34.812,7732,2
34.812,7733,2
34.812,7734,1
34.812,7735,0
34.812,7736,0
34.812,7737,0
34.830,7738,0
34.830,7739,0
34.830,7740,0
34.830,7741,0
34.830,7742,0
34.830,7743,0
34.830,7744,0
34.862,7745,-1
34.862,7746,-1
34.862,7747,-1
34.862,7748,-1
34.862,7749,-1
34.884,7750,-1
34.884,7751,-1
34.884,7752,-1
34.884,7753,-2
34.884,7754,-2
34.902,7755,-2
34.902,7756,-2
34.902,7757,-2
34.902,7758,-2
34.902,7759,-2
34.920,7760,-1
34.920,7761,-1
34.920,7762,0
34.920,7763,0
34.920,7764,0
34.920,7765,0
34.940,7766,1
34.940,7767,1
34.940,7768,1
34.940,7769,0
34.940,7770,0
34.940,7771,0
34.940,7772,0
34.962,7773,0
34.962,7774,0
34.962,7775,0
34.962,7776,0
34.962,7777,0
34.962,7778,0
34.994,7779,0
34.994,7780,0
34.994,7781,0
34.994,7782,0
34.994,7783,0
34.994,7784,0
34.994,7785,0
35.022,7786,1
35.022,7787,2
35.022,7788,3
35.022,7789,3
35.022,7790,3
35.022,7791,3
35.022,7792,3
35.040,7793,4
35.040,7794,5
35.040,7795,5
35.040,7796,5
35.040,7797,5
35.040,7798,6
35.072,7799,5
35.072,7800,5
35.072,7801,5
35.072,7802,5
35.072,7803,5
35.072,7804,5
35.072,7805,5
35.100,7806,5
35.100,7807,5
35.100,7808,6
35.100,7809,6
35.100,7810,6
35.100,7811,6
35.100,7812,6
35.119,7813,7
35.119,7814,7
35.119,7815,7
35.119,7816,7
35.119,7817,7
35.119,7818,6
35.153,7819,6
35.153,7820,6
35.153,7821,6
35.153,7822,7
35.153,7823,7
35.153,7824,6
35.153,7825,6
35.182,7826,6
35.182,7827,7
35.182,7828,8
35.182,7829,8
35.182,7830,8
35.182,7831,9
35.202,7832,11
35.202,7833,14
35.202,7834,16
35.202,7835,19
35.202,7836,20
35.220,7837,22
35.220,7838,25
35.220,7839,28
35.220,7840,34
35.220,7841,41
35.241,7842,48
35.241,7843,54
35.241,7844,57
35.241,7845,60
35.241,7846,60
35.259,7847,59
35.259,7848,56
35.259,7849,50
35.259,7850,44
35.259,7851,37
35.279,7852,30
35.279,7853,24
35.279,7854,17
35.279,7855,11
35.279,7856,6
35.279,7857,1
35.300,7858,-2
35.300,7859,-7
35.300,7860,-10
35.300,7861,-13
35.334,7862,-16
35.334,7863,-18
35.334,7864,-21
35.334,7865,-22
35.352,7866,-24
35.352,7867,-27
35.352,7868,-34
35.352,7869,-47
35.369,7870,-61
35.369,7871,-74
35.369,7872,-76
35.369,7873,-57
35.393,7874,-11
35.393,7875,47
35.393,7876,118
35.393,7877,180
35.409,7878,235
35.409,7879,281
35.409,7880,300
35.409,7881,285
35.432,7882,232
35.432,7883,151
35.432,7884,67
35.432,7885,0
35.432,7886,-46
35.452,7887,-69
35.452,7888,-78
35.452,7889,-82
35.452,7890,-84
35.470,7891,-88
35.470,7892,-91
35.470,7893,-92
35.470,7894,-93
35.492,7895,-92
35.492,7896,-90
35.492,7897,-89
35.492,7898,-85
35.509,7899,-83
35.509,7900,-79
35.509,7901,-77
35.509,7902,-75
35.541,7903,-72
35.541,7904,-70
35.541,7905,-68
35.541,7906,-65
35.560,7907,-62
35.560,7908,-59
35.560,7909,-57
35.560,7910,-54
35.580,7911,-52
35.580,7912,-49
35.580,7913,-46
35.580,7914,-44
35.600,7915,-41
35.600,7916,-39
35.600,7917,-35
35.600,7918,-32
35.621,7919,-30
35.621,7920,-28
35.621,7921,-26
35.621,7922,-24
35.640,7923,-22
35.640,7924,-21
35.640,7925,-20
35.640,7926,-19
35.661,7927,-18
35.661,7928,-16
35.661,7929,-15
35.661,7930,-14
35.680,7931,-13
35.680,7932,-12
35.680,7933,-11
35.680,7934,-9
35.702,7935,-9
35.702,7936,-10
35.702,7937,-10
35.702,7938,-11
35.721,7939,-12
35.721,7940,-13
35.721,7941,-14
35.721,7942,-15
35.740,7943,-16
35.740,7944,-17
35.740,7945,-18
35.740,7946,-20
35.770,7947,-22
35.770,7948,-23
35.770,7949,-23
35.770,7950,-23
35.789,7951,-23
35.789,7952,-22
35.789,7953,-21
35.789,7954,-19
35.811,7955,-17
35.811,7956,-16
35.811,7957,-13
35.811,7958,-13
35.831,7959,-12
35.831,7960,-11
35.831,7961,-9
35.831,7962,-7
35.831,7963,-5
35.849,7964,-4
35.849,7965,-4
35.849,7966,-3
35.849,7967,-2
35.849,7968,1
35.849,7969,2
35.869,7970,4
35.869,7971,4
35.869,7972,3
35.869,7973,4
35.869,7974,4
35.869,7975,4
35.889,7976,4
35.889,7977,3
35.889,7978,3
35.889,7979,2
35.889,7980,2
35.889,7981,1
35.889,7982,0
35.913,7983,0
35.913,7984,0
35.913,7985,0
35.913,7986,0
35.913,7987,0
35.913,7988,0
35.913,7989,0
35.935,7990,1
35.937,7991,1
35.937,7992,0
35.937,7993,1
35.937,7994,0
35.937,7995,1
35.961,7996,0
35.961,7997,0
35.961,7998,0
35.961,7999,0
35.961,8000,1
35.961,8001,0
35.961,8002,0
35.979,8003,1
35.979,8004,1
35.979,8005,1
35.979,8006,1
35.979,8007,0
35.979,8008,1
35.979,8009,1
36.010,8010,1
36.011,8011,1
36.011,8012,1
36.011,8013,2
36.011,8014,2
36.011,8015,3
36.039,8016,4
36.039,8017,4
36.039,8018,6
36.039,8019,6
36.040,8020,6
36.040,8021,6
36.040,8022,6
36.060,8023,7
36.060,8024,8
36.060,8025,9
36.060,8026,9
36.060,8027,9
36.060,8028,9
36.060,8029,8
36.090,8030,8
36.090,8031,7
36.090,8032,7
36.090,8033,8
36.090,8034,7
36.090,8035,8
36.110,8036,8
36.110,8037,8
36.110,8038,10
36.110,8039,10
36.110,8040,11
36.110,8041,10
36.139,8042,10
36.139,8043,11
36.139,8044,10
36.140,8045,11
36.140,8046,10
36.165,8047,10
36.165,8048,10
36.165,8049,10
36.165,8050,11
36.165,8051,10
36.183,8052,9
36.183,8053,9
36.183,8054,8
36.183,8055,8
36.183,8056,8
36.183,8057,8
36.215,8058,9
36.215,8059,8
36.215,8060,8
36.215,8061,6
36.215,8062,6
36.215,8063,6
36.215,8064,6
36.230,8065,7
36.230,8066,7
36.230,8067,8
36.230,8068,10
36.230,8069,12
36.230,8070,13
36.249,8071,14
36.249,8072,16
36.249,8073,19
36.249,8074,22
36.249,8075,27
36.270,8076,33
36.270,8077,39
36.270,8078,47
36.270,8079,52
36.270,8080,56
36.295,8081,57
36.295,8082,57
36.295,8083,57
36.295,8084,53
36.295,8085,48
36.320,8086,42
36.320,8087,36
36.320,8088,30
36.320,8089,24
36.320,8090,18
36.347,8091,12
36.347,8092,7
36.347,8093,3
36.347,8094,0
36.347,8095,-3
36.361,8096,-7
36.361,8097,-10
36.361,8098,-12
36.361,8099,-15
36.379,8100,-17
36.380,8101,-20
36.380,8102,-23
36.380,8103,-28
36.399,8104,-39
36.400,8105,-52
36.400,8106,-67
36.400,8107,-76
36.425,8108,-66
36.425,8109,-29
36.425,8110,23
36.426,8111,91
36.426,8112,157
36.441,8113,215
36.441,8114,265
36.441,8115,295
36.441,8116,292
36.459,8117,253
36.459,8118,181
36.459,8119,97
36.459,8120,22
36.485,8121,-32
36.485,8122,-66
36.485,8123,-82
36.485,8124,-88
36.500,8125,-90
36.500,8126,-91
36.500,8127,-93
36.500,8128,-95
36.522,8129,-95
36.522,8130,-94
36.522,8131,-92
36.522,8132,-89
36.554,8133,-86
36.554,8134,-83
36.554,8135,-80
36.554,8136,-77
36.570,8137,-74
36.571,8138,-71
36.571,8139,-69
36.571,8140,-66
36.590,8141,-62
36.590,8142,-59
36.590,8143,-55
36.590,8144,-52
36.614,8145,-49
36.614,8146,-46
36.614,8147,-43
36.614,8148,-40
36.634,8149,-38
36.634,8150,-36
36.634,8151,-35
36.634,8152,-32
36.650,8153,-30
36.650,8154,-27
36.650,8155,-25
36.650,8156,-22
36.669,8157,-19
36.670,8158,-17
36.670,8159,-16
36.670,8160,-15
36.690,8161,-14
36.690,8162,-12
36.690,8163,-12
36.690,8164,-11
36.709,8165,-10
36.709,8166,-10
36.709,8167,-9
36.709,8168,-8
36.709,8169,-7
36.729,8170,-6
36.729,8171,-8
36.729,8172,-9
36.729,8173,-10
36.769,8174,-10
36.769,8175,-10
36.769,8176,-10
36.769,8177,-11
36.782,8178,-13
36.782,8179,-14
36.782,8180,-16
36.782,8181,-17
36.802,8182,-18
36.802,8183,-19
36.802,8184,-20
36.802,8185,-21
36.819,8186,-21
36.819,8187,-20
36.819,8188,-20
36.819,8189,-19
36.841,8190,-18
36.841,8191,-16
36.841,8192,-15
36.841,8193,-13
36.860,8194,-12
36.861,8195,-11
36.861,8196,-10
36.861,8197,-8
36.861,8198,-6
36.882,8199,-4
36.882,8200,-3
36.882,8201,-2
36.882,8202,-1
36.882,8203,-1
36.901,8204,0
36.901,8205,0
36.901,8206,1
36.901,8207,1
36.901,8208,0
36.901,8209,0
36.901,8210,0
36.920,8211,0
36.920,8212,0
36.920,8213,1
36.920,8214,2
36.920,8215,2
36.920,8216,2
36.940,8217,2
36.940,8218,1
36.940,8219,1
36.940,8220,0
36.940,8221,1
36.940,8222,0
36.940,8223,0
36.965,8224,0
36.965,8225,0
36.965,8226,0
36.965,8227,0
36.965,8228,0
36.965,8229,0
36.965,8230,0
36.992,8231,1
36.992,8232,1
36.992,8233,1
36.992,8234,0
36.992,8235,0
36.992,8236,0
37.010,8237,0
37.010,8238,0
37.010,8239,0
37.011,8240,0
37.011,8241,0
37.011,8242,1
37.011,8243,0
37.030,8244,0
37.030,8245,0
37.030,8246,0
37.030,8247,0
37.030,8248,0
37.030,8249,0
37.030,8250,0
37.060,8251,0
37.060,8252,0
37.060,8253,0
37.060,8254,-1
37.060,8255,-1
37.060,8256,0
37.090,8257,0
37.090,8258,1
37.090,8259,1
37.090,8260,2
37.090,8261,2
37.090,8262,2
37.111,8263,1
37.111,8264,0
37.111,8265,0
37.111,8266,1
37.111,8267,2
37.111,8268,1
37.111,8269,1
37.142,8270,0
37.142,8271,-1
37.142,8272,-1
37.142,8273,0
37.142,8274,0
37.142,8275,1
37.160,8276,2
37.160,8277,2
37.160,8278,2
37.160,8279,2
37.160,8280,1
37.160,8281,1
37.160,8282,0
37.192,8283,0
37.192,8284,0
37.192,8285,0
37.192,8286,0
37.192,8287,0
37.192,8288,0
37.220,8289,0
37.220,8290,0
37.220,8291,0
37.220,8292,2
37.220,8293,3
37.220,8294,5
37.220,8295,7
37.240,8296,9
37.240,8297,12
37.240,8298,16
37.240,8299,21
37.240,8300,27
37.264,8301,35
37.264,8302,41
37.264,8303,46
37.264,8304,51
37.264,8305,53
37.280,8306,55
37.280,8307,53
37.280,8308,49
37.280,8309,44
37.280,8310,38
37.303,8311,31
37.303,8312,25
37.303,8313,19
37.303,8314,14
37.303,8315,8
37.303,8316,4
37.325,8317,0
37.325,8318,-4
37.325,8319,-8
37.325,8320,-11
37.342,8321,-13
37.342,8322,-16
37.342,8323,-18
37.342,8324,-20
37.371,8325,-22
37.371,8326,-26
37.371,8327,-32
37.371,8328,-42
37.390,8329,-54
37.390,8330,-67
37.390,8331,-74
37.390,8332,-63
37.410,8333,-25
37.410,8334,28
37.410,8335,96
37.410,8336,162
37.410,8337,219
37.430,8338,267
37.430,8339,287
37.430,8340,278
37.430,8341,236
37.449,8342,171
37.449,8343,98
37.449,8344,30
37.449,8345,-26
37.473,8346,-67
37.473,8347,-91
37.473,8348,-99
37.473,8349,-99
37.494,8350,-97
37.494,8351,-95
37.494,8352,-94
37.494,8353,-92
37.514,8354,-90
37.514,8355,-86
37.514,8356,-81
37.514,8357,-77
37.529,8358,-71
37.529,8359,-68
37.529,8360,-63
37.529,8361,-58
37.549,8362,-55
37.549,8363,-51
37.549,8364,-47
37.549,8365,-43
37.574,8366,-39
37.574,8367,-35
37.574,8368,-32
37.574,8369,-30
37.601,8370,-28
37.601,8371,-26
37.601,8372,-24
37.601,8373,-22
37.626,8374,-20
37.626,8375,-17
37.626,8376,-14
37.626,8377,-12
37.640,8378,-9
37.640,8379,-7
37.640,8380,-3
37.640,8381,0
37.640,8382,2
37.640,8383,5
37.660,8384,6
37.660,8385,7
37.660,8386,8
37.660,8387,9
37.660,8388,11
37.660,8389,12
37.683,8390,13
37.683,8391,15
37.683,8392,15
37.683,8393,16
37.683,8394,17
37.700,8395,18
37.700,8396,18
37.700,8397,18
37.700,8398,19
37.700,8399,18
37.720,8400,18
37.720,8401,17
37.720,8402,15
37.720,8403,14
37.720,8404,12
37.742,8405,11
37.742,8406,10
37.742,8407,9
37.742,8408,9
37.742,8409,8
37.742,8410,7
37.760,8411,6
37.760,8412,5
37.760,8413,4
37.760,8414,4
37.760,8415,3
37.760,8416,3
37.760,8417,3
37.782,8418,3
37.782,8419,3
37.782,8420,3
37.782,8421,4
37.782,8422,5
37.782,8423,5
37.782,8424,6
37.809,8425,6
37.809,8426,6
37.809,8427,6
37.809,8428,6
37.809,8429,6
37.809,8430,7
37.832,8431,7
37.832,8432,7
37.832,8433,7
37.832,8434,8
37.832,8435,9
37.832,8436,10
37.854,8437,11
37.854,8438,12
37.854,8439,12
37.854,8440,12
37.854,8441,12
37.869,8442,11
37.869,8443,11
37.869,8444,11
37.869,8445,10
37.869,8446,10
37.892,8447,10
37.892,8448,9
37.892,8449,7
37.893,8450,6
37.893,8451,6
37.893,8452,6
37.893,8453,5
37.919,8454,5
37.919,8455,5
37.919,8456,4
37.919,8457,3
37.919,8458,2
37.919,8459,1
37.919,8460,1
37.954,8461,1
37.954,8462,2
37.954,8463,2
37.954,8464,1
37.954,8465,1
37.954,8466,1
37.969,8467,0
37.969,8468,1
37.969,8469,1
37.969,8470,2
37.969,8471,3
37.969,8472,2
37.969,8473,1
37.999,8474,0
37.999,8475,1
37.999,8476,1
37.999,8477,1
37.999,8478,0
37.999,8479,0
37.999,8480,0
38.035,8481,0
38.035,8482,1
38.035,8483,1
38.035,8484,0
38.035,8485,0
38.035,8486,0
38.051,8487,0
38.051,8488,0
38.051,8489,1
38.051,8490,2
38.051,8491,3
38.051,8492,3
38.051,8493,2
38.080,8494,1
38.080,8495,1
38.080,8496,1
38.080,8497,0
38.080,8498,0
38.080,8499,0
38.080,8500,0
38.110,8501,0
38.110,8502,1
38.110,8503,2
38.110,8504,2
38.110,8505,2
38.110,8506,2
38.129,8507,2
38.129,8508,3
38.129,8509,2
38.129,8510,2
38.129,8511,2
38.129,8512,2
38.129,8513,3
38.159,8514,4
38.159,8515,6
38.159,8516,8
38.159,8517,10
38.159,8518,12
38.159,8519,14
38.181,8520,17
38.181,8521,21
38.181,8522,26
38.181,8523,33
38.181,8524,39
38.201,8525,45
38.201,8526,50
38.201,8527,54
38.201,8528,58
38.201,8529,61
38.219,8530,61
38.219,8531,59
38.219,8532,53
38.219,8533,47
38.219,8534,40
38.239,8535,34
38.239,8536,27
38.239,8537,21
38.239,8538,14
38.239,8539,8
38.263,8540,2
38.263,8541,-2
38.263,8542,-6
38.263,8543,-10
38.263,8544,-13
38.290,8545,-16
38.290,8546,-20
38.290,8547,-23
38.290,8548,-25
38.299,8549,-27
38.299,8550,-30
38.299,8551,-36
38.299,8552,-46
38.321,8553,-59
38.321,8554,-70
38.321,8555,-72
38.321,8556,-53
38.350,8557,-8
38.350,8558,48
38.350,8559,119
38.350,8560,181
38.372,8561,235
38.372,8562,276
38.372,8563,287
38.372,8564,269
38.391,8565,218
38.392,8566,147
38.392,8567,73
38.392,8568,6
38.392,8569,-47
38.410,8570,-84
38.410,8571,-104
38.410,8572,-110
38.433,8573,-108
38.433,8574,-106
38.433,8575,-103
38.452,8576,-102
38.452,8577,-100
38.452,8578,-97
38.452,8579,-93
38.470,8580,-88
38.470,8581,-83
38.470,8582,-78
38.470,8583,-73
38.494,8584,-70
38.494,8585,-65
38.494,8586,-61
38.494,8587,-56
38.514,8588,-52
38.514,8589,-48
38.514,8590,-45
38.515,8591,-42
38.529,8592,-39
38.529,8593,-35
38.529,8594,-32
38.529,8595,-29
38.553,8596,-27
38.553,8597,-25
38.553,8598,-22
38.553,8599,-19
38.579,8600,-16
38.579,8601,-14
38.579,8602,-13
38.579,8603,-12
38.600,8604,-10
38.600,8605,-8
38.600,8606,-6
38.600,8607,-4
38.600,8608,-3
38.619,8609,-1
38.619,8610,0
38.619,8611,2
38.619,8612,3
38.619,8613,4
38.619,8614,5
38.619,8615,6
38.642,8616,6
38.642,8617,7
38.642,8618,7
38.642,8619,7
38.642,8620,7
38.642,8621,7
38.660,8622,7
38.660,8623,7
38.660,8624,6
38.660,8625,4
38.660,8626,2
38.660,8627,1
38.660,8628,0
38.683,8629,0
38.683,8630,0
38.683,8631,-1
38.683,8632,-1
38.683,8633,-1
38.700,8634,-1
38.700,8635,-2
38.700,8636,-2
38.700,8637,-2
38.700,8638,-2
38.722,8639,-2
38.722,8640,-1
38.722,8641,0
38.723,8642,0
38.723,8643,1
38.723,8644,1
38.723,8645,2
38.740,8646,2
38.740,8647,3
38.740,8648,4
38.740,8649,5
38.740,8650,7
38.740,8651,8
38.769,8652,10
38.770,8653,11
38.770,8654,11
38.770,8655,12
38.770,8656,12
38.792,8657,13
38.792,8658,13
38.792,8659,13
38.792,8660,13
38.792,8661,13
38.815,8662,14
38.815,8663,14
38.815,8664,13
38.815,8665,12
38.815,8666,12
38.829,8667,11
38.829,8668,10
38.829,8669,9
38.829,8670,8
38.829,8671,8
38.829,8672,8
38.853,8673,8
38.853,8674,8
38.853,8675,7
38.853,8676,5
38.853,8677,5
38.853,8678,4
38.853,8679,4
38.881,8680,4
38.881,8681,3
38.881,8682,3
38.881,8683,3
38.881,8684,2
38.881,8685,1
38.881,8686,1
38.899,8687,2
38.899,8688,2
38.899,8689,2
38.899,8690,2
38.899,8691,2
38.899,8692,3
38.935,8693,2
38.935,8694,2
38.935,8695,2
38.935,8696,2
38.935,8697,2
38.935,8698,2
38.935,8699,2
38.960,8700,3
38.960,8701,4
38.960,8702,5
38.960,8703,4
38.960,8704,3
38.960,8705,2
38.960,8706,2
38.980,8707,2
38.980,8708,2
38.980,8709,3
38.980,8710,3
38.980,8711,4
38.980,8712,4
39.010,8713,4
39.010,8714,4
39.010,8715,4
39.010,8716,3
39.010,8717,3
39.010,8718,2
39.010,8719,2
39.041,8720,2
39.041,8721,3
39.041,8722,3
39.041,8723,2
39.041,8724,1
39.041,8725,0
39.041,8726,0
39.061,8727,1
39.061,8728,3
39.061,8729,5
39.061,8730,7
39.061,8731,9
39.061,8732,11
39.081,8733,13
39.081,8734,15
39.081,8735,19
39.081,8736,25
39.081,8737,31
39.115,8738,37
39.115,8739,43
39.115,8740,48
39.115,8741,52
39.115,8742,55
39.132,8743,56
39.132,8744,54
39.132,8745,50
39.132,8746,45
39.132,8747,39
39.154,8748,33
39.154,8749,25
39.154,8750,17
39.154,8751,10
39.154,8752,4
39.171,8753,0
39.171,8754,-4
39.171,8755,-8
39.171,8756,-11
39.171,8757,-14
39.189,8758,-18
39.189,8759,-21
39.189,8760,-24
39.189,8761,-26
39.210,8762,-26
39.210,8763,-28
39.210,8764,-33
39.210,8765,-44
39.233,8766,-57
39.233,8767,-70
39.233,8768,-77
39.233,8769,-67
39.249,8770,-32
39.249,8771,19
39.249,8772,86
39.249,8773,152
39.272,8774,210
39.272,8775,260
39.272,8776,285
39.272,8777,281
39.299,8778,242
39.299,8779,174
39.299,8780,96
39.299,8781,24
39.299,8782,-34
39.324,8783,-76
39.324,8784,-101
39.324,8785,-112
39.344,8786,-114
39.344,8787,-111
39.344,8788,-110
39.362,8789,-106
39.362,8790,-105
39.362,8791,-101
39.362,8792,-97
39.382,8793,-94
39.382,8794,-92
39.382,8795,-88
39.382,8796,-84
39.400,8797,-80
39.400,8798,-77
39.400,8799,-73
39.400,8800,-70
39.420,8801,-66
39.420,8802,-63
39.420,8803,-59
39.420,8804,-55
39.440,8805,-52
39.440,8806,-49
39.440,8807,-46
39.440,8808,-43
39.459,8809,-39
39.459,8810,-36
39.459,8811,-33
39.459,8812,-31
39.482,8813,-28
39.482,8814,-25
39.482,8815,-22
39.482,8816,-19
39.500,8817,-17
39.500,8818,-15
39.500,8819,-13
39.500,8820,-11
39.533,8821,-10
39.533,8822,-8
39.533,8823,-7
39.533,8824,-6
39.533,8825,-5
39.550,8826,-5
39.550,8827,-5
39.550,8828,-4
39.550,8829,-3
39.550,8830,-2
39.572,8831,-1
39.572,8832,-1
39.572,8833,-2
39.572,8834,-3
39.572,8835,-4
39.591,8836,-6
39.591,8837,-7
39.591,8838,-9
39.591,8839,-11
39.609,8840,-12
39.610,8841,-12
39.610,8842,-13
39.610,8843,-14
39.630,8844,-16
39.630,8845,-18
39.630,8846,-18
39.630,8847,-19
39.653,8848,-18
39.653,8849,-18
39.653,8850,-17
39.653,8851,-17
39.672,8852,-17
39.672,8853,-17
39.672,8854,-16
39.672,8855,-16
39.690,8856,-15
39.690,8857,-14
39.690,8858,-13
39.690,8859,-12
39.715,8860,-12
39.715,8861,-11
39.715,8862,-10
39.715,8863,-9
39.715,8864,-8
39.729,8865,-8
39.729,8866,-7
39.729,8867,-7
39.729,8868,-7
39.729,8869,-8
39.760,8870,-9
39.761,8871,-10
39.761,8872,-10
39.761,8873,-10
39.779,8874,-10
39.779,8875,-11
39.779,8876,-12
39.779,8877,-13
39.800,8878,-13
39.800,8879,-13
39.800,8880,-14
39.800,8881,-15
39.821,8882,-15
39.821,8883,-15
39.821,8884,-15
39.821,8885,-14
39.840,8886,-14
39.840,8887,-15
39.840,8888,-15
39.840,8889,-16
39.860,8890,-16
39.860,8891,-16
39.860,8892,-15
39.860,8893,-15
39.880,8894,-15
39.880,8895,-14
39.880,8896,-14
39.880,8897,-13
39.899,8898,-13
39.899,8899,-13
39.899,8900,-13
39.899,8901,-13
39.919,8902,-12
39.919,8903,-12
39.919,8904,-11
39.919,8905,-11
39.944,8906,-11
39.944,8907,-11
39.944,8908,-11
39.944,8909,-11
39.959,8910,-10
39.960,8911,-10
39.960,8912,-9
39.960,8913,-8
39.960,8914,-7
40.000,8915,-6
40.000,8916,-5
40.000,8917,-4
40.000,8918,-2
40.000,8919,0
40.010,8920,2
40.013,8921,4
40.013,8922,7
40.013,8923,10
40.013,8924,13
40.013,8925,18
40.034,8926,25
40.034,8927,32
40.034,8928,40
40.034,8929,47
40.034,8930,53
40.054,8931,57
40.054,8932,61
40.054,8933,62
40.054,8934,61
40.054,8935,57
40.073,8936,52
40.073,8937,45
40.073,8938,38
40.073,8939,31
40.073,8940,24
40.089,8941,18
40.089,8942,12
40.089,8943,7
40.089,8944,2
40.089,8945,-2
40.114,8946,-5
40.114,8947,-8
40.114,8948,-10
40.114,8949,-13
40.131,8950,-16
40.132,8951,-18
40.132,8952,-20
40.132,8953,-22
40.149,8954,-27
40.149,8955,-37
40.149,8956,-48
40.149,8957,-59
40.170,8958,-58
40.170,8959,-35
40.170,8960,11
40.170,8961,71
40.170,8962,139
40.209,8963,195
40.209,8964,218
40.209,8965,207
40.209,8966,158
40.222,8967,86
40.222,8968,33
40.222,8969,-11
40.222,8970,-25
40.240,8971,-33
40.240,8972,-41
40.240,8973,-50
40.240,8974,-57
40.259,8975,-62
40.259,8976,-64
40.259,8977,-65
40.259,8978,-65
40.284,8979,-64
40.284,8980,-63
40.284,8981,-61
40.284,8982,-58
40.304,8983,-56
40.305,8984,-54
40.305,8985,-52
40.305,8986,-50
40.324,8987,-48
40.324,8988,-46
40.324,8989,-44
40.324,8990,-43
40.342,8991,-41
40.342,8992,-40
40.342,8993,-37
40.342,8994,-35
40.361,8995,-32
40.361,8996,-29
40.361,8997,-26
40.361,8998,-24
40.380,8999,-22
40.380,9000,-20
40.380,9001,-18
40.380,9002,-16
40.402,9003,-14
40.402,9004,-13
40.402,9005,-10
40.402,9006,-8
40.402,9007,-6
40.434,9008,-4
40.434,9009,-2
40.434,9010,0
40.434,9011,0
40.434,9012,1
40.434,9013,2
40.452,9014,2
40.452,9015,3
40.452,9016,3
40.452,9017,3
40.452,9018,4
40.452,9019,3
40.470,9020,2
40.470,9021,1
40.470,9022,1
40.470,9023,0
40.470,9024,0
40.470,9025,-1
40.491,9026,-3
40.491,9027,-5
40.491,9028,-7
40.491,9029,-8
40.491,9030,-9
40.519,9031,-11
40.519,9032,-12
40.519,9033,-12
40.519,9034,-13
40.529,9035,-14
40.529,9036,-15
40.529,9037,-16
40.529,9038,-15
40.555,9039,-15
40.555,9040,-14
40.555,9041,-14
40.555,9042,-13
40.570,9043,-11
40.570,9044,-9
40.570,9045,-7
40.570,9046,-6
40.570,9047,-5
40.590,9048,-4
40.590,9049,-4
40.590,9050,-3
40.590,9051,-2
40.590,9052,-1
40.614,9053,0
40.614,9054,1
40.614,9055,2
40.614,9056,3
40.614,9057,4
40.614,9058,5
40.614,9059,5
40.629,9060,5
40.629,9061,5
40.629,9062,6
40.629,9063,7
40.629,9064,7
40.629,9065,7
40.629,9066,7
40.661,9067,6
40.661,9068,6
40.661,9069,6
40.661,9070,6
40.661,9071,5
40.661,9072,4
40.679,9073,4
40.679,9074,4
40.679,9075,4
40.679,9076,3
40.679,9077,2
40.679,9078,3
40.679,9079,3
40.699,9080,4
40.700,9081,3
40.700,9082,2
40.700,9083,1
40.700,9084,0
40.700,9085,0
40.700,9086,0
40.720,9087,0
40.720,9088,0
40.720,9089,0
40.720,9090,0
40.720,9091,0
40.720,9092,1
40.754,9093,1
40.754,9094,1
40.754,9095,1
40.754,9096,2
40.754,9097,2
40.754,9098,2
40.754,9099,1
40.775,9100,0
40.775,9101,0
40.775,9102,1
40.775,9103,1
40.775,9104,1
40.775,9105,1
40.775,9106,0
40.801,9107,0
40.801,9108,0
40.801,9109,0
40.801,9110,0
40.801,9111,0
40.801,9112,0
40.841,9113,0
40.841,9114,1
40.841,9115,2
40.841,9116,2
40.841,9117,2
40.841,9118,2
40.841,9119,2
40.851,9120,3
40.851,9121,4
40.851,9122,6
40.851,9123,8
40.851,9124,11
40.851,9125,13
40.869,9126,16
40.869,9127,18
40.869,9128,20
40.869,9129,23
40.869,9130,28
40.903,9131,34
40.903,9132,41
40.903,9133,48
40.903,9134,53
40.903,9135,57
40.919,9136,59
40.919,9137,60
40.919,9138,59
40.919,9139,56
40.919,9140,51
40.941,9141,44
40.941,9142,37
40.941,9143,30
40.941,9144,22
40.941,9145,16
40.960,9146,10
40.960,9147,5
40.960,9148,0
40.960,9149,-4
40.960,9150,-7
40.982,9151,-11
40.982,9152,-14
40.982,9153,-17
40.982,9154,-19
41.000,9155,-21
41.000,9156,-23
41.000,9157,-24
41.000,9158,-27
41.020,9159,-32
41.021,9160,-41
41.021,9161,-54
41.021,9162,-66
41.042,9163,-73
41.042,9164,-63
41.042,9165,-28
41.042,9166,23
41.042,9167,90
41.060,9168,157
41.060,9169,215
41.060,9170,265
41.060,9171,298
41.079,9172,297
41.079,9173,262
41.079,9174,191
41.079,9175,106
41.110,9176,26
41.110,9177,-33
41.110,9178,-72
41.110,9179,-91
41.134,9180,-97
41.134,9181,-98
41.134,9182,-98
41.134,9183,-100
41.150,9184,-102
41.150,9185,-101
41.150,9186,-100
41.171,9187,-96
41.171,9188,-93
41.171,9189,-90
41.171,9190,-86
41.190,9191,-82
41.190,9192,-79
41.190,9193,-76
41.190,9194,-73
41.212,9195,-70
41.212,9196,-66
41.212,9197,-63
41.212,9198,-59
41.231,9199,-57
41.231,9200,-55
41.231,9201,-52
41.231,9202,-50
41.249,9203,-47
41.249,9204,-45
41.249,9205,-43
41.249,9206,-40
41.272,9207,-37
41.272,9208,-34
41.272,9209,-32
41.272,9210,-29
41.289,9211,-26
41.289,9212,-23
41.289,9213,-21
41.289,9214,-18
41.310,9215,-17
41.310,9216,-14
41.310,9217,-13
41.310,9218,-10
41.344,9219,-8
41.344,9220,-7
41.344,9221,-6
41.344,9222,-6
41.344,9223,-6
41.360,9224,-5
41.360,9225,-5
41.360,9226,-5
41.360,9227,-5
41.360,9228,-5
41.380,9229,-5
41.380,9230,-6
41.380,9231,-6
41.380,9232,-7
41.380,9233,-8
41.402,9234,-8
41.402,9235,-9
41.402,9236,-11
41.402,9237,-12
41.419,9238,-14
41.419,9239,-15
41.419,9240,-16
41.419,9241,-17
41.442,9242,-18
41.442,9243,-19
41.442,9244,-19
41.442,9245,-19
41.461,9246,-19
41.461,9247,-17
41.461,9248,-16
41.461,9249,-14
41.484,9250,-12
41.484,9251,-11
41.484,9252,-10
41.484,9253,-10
41.484,9254,-8
41.500,9255,-6
41.500,9256,-5
41.500,9257,-3
41.500,9258,-3
41.500,9259,-2
41.524,9260,-1
41.524,9261,0
41.524,9262,0
41.524,9263,1
41.524,9264,1
41.524,9265,2
41.539,9266,2
41.539,9267,2
41.539,9268,1
41.539,9269,1
41.539,9270,0
41.539,9271,0
41.539,9272,1
41.572,9273,1
41.572,9274,1
41.572,9275,1
41.572,9276,1
41.572,9277,1
41.572,9278,1
41.593,9279,1
41.593,9280,1
41.593,9281,1
41.593,9282,1
41.593,9283,1
41.593,9284,1
41.593,9285,2
41.610,9286,2
41.610,9287,2
41.610,9288,2
41.610,9289,2
41.610,9290,3
41.610,9291,3
41.610,9292,3
41.642,9293,3
41.642,9294,2
41.642,9295,3
41.642,9296,3
41.642,9297,4
41.642,9298,4
41.660,9299,4
41.660,9300,5
41.660,9301,5
41.660,9302,6
41.660,9303,7
41.660,9304,7
41.660,9305,7
41.690,9306,7
41.690,9307,7
41.690,9308,7
41.690,9309,7
41.690,9310,7
41.690,9311,7
41.690,9312,8
41.710,9313,8
41.710,9314,9
41.710,9315,10
41.710,9316,10
41.710,9317,9
41.710,9318,9
41.742,9319,8
41.742,9320,9
41.742,9321,9
41.742,9322,10
41.742,9323,10
41.742,9324,9
41.761,9325,10
41.761,9326,10
41.761,9327,11
41.761,9328,11
41.761,9329,12
41.779,9330,12
41.779,9331,13
41.779,9332,15
41.779,9333,17
41.779,9334,19
41.801,9335,21
41.801,9336,23
41.801,9337,26
41.801,9338,29
41.801,9339,34
41.820,9340,41
41.820,9341,47
41.820,9342,53
41.820,9343,58
41.820,9344,61
41.844,9345,64
41.844,9346,64
41.844,9347,63
41.844,9348,59
41.844,9349,54
41.870,9350,48
41.871,9351,41
41.871,9352,35
41.871,9353,28
41.871,9354,22
41.895,9355,16
41.895,9356,11
41.895,9357,6
41.895,9358,2
41.895,9359,0
41.910,9360,-3
41.910,9361,-6
41.910,9362,-8
41.910,9363,-11
41.910,9364,-13
41.942,9365,-13
41.942,9366,-14
41.942,9367,-16
41.942,9368,-20
41.953,9369,-27
41.953,9370,-37
41.953,9371,-51
41.953,9372,-62
41.972,9373,-65
41.972,9374,-47
41.972,9375,-2
41.972,9376,55
41.990,9377,125
41.990,9378,187
41.990,9379,242
41.990,9380,289
42.015,9381,313
42.015,9382,301
42.015,9383,254
42.015,9384,174
42.031,9385,88
42.031,9386,16
42.031,9387,-32
42.031,9388,-58
42.031,9389,-70
42.049,9390,-72
42.049,9391,-75
42.049,9392,-78
42.049,9393,-81
42.072,9394,-84
42.072,9395,-83
42.072,9396,-81
42.072,9397,-76
42.105,9398,-72
42.105,9399,-68
42.105,9400,-65
42.105,9401,-62
42.122,9402,-58
42.122,9403,-56
42.122,9404,-53
42.122,9405,-51
42.140,9406,-48
42.140,9407,-45
42.140,9408,-43
42.140,9409,-40
42.162,9410,-38
42.162,9411,-35
42.162,9412,-32
42.162,9413,-29
42.179,9414,-26
42.179,9415,-23
42.179,9416,-20
42.179,9417,-18
42.202,9418,-16
42.202,9419,-14
42.202,9420,-13
42.202,9421,-11
42.222,9422,-9
42.222,9423,-7
42.222,9424,-4
42.222,9425,-1
42.222,9426,0
42.239,9427,3
42.239,9428,4
42.239,9429,5
42.239,9430,6
42.239,9431,6
42.239,9432,7
42.239,9433,7
42.260,9434,8
42.261,9435,8
42.261,9436,8
42.261,9437,7
42.261,9438,6
42.261,9439,6
42.281,9440,6
42.281,9441,5
42.281,9442,4
42.281,9443,3
42.281,9444,1
42.281,9445,0
42.281,9446,-2
42.313,9447,-3
42.313,9448,-5
42.313,9449,-6
42.313,9450,-8
42.334,9451,-10
42.334,9452,-11
42.334,9453,-13
42.334,9454,-15
42.352,9455,-16
42.352,9456,-17
42.352,9457,-17
42.352,9458,-18
42.373,9459,-17
42.373,9460,-17
42.373,9461,-17
42.373,9462,-16
42.389,9463,-16
42.389,9464,-14
42.389,9465,-13
42.389,9466,-11
42.410,9467,-10
42.410,9468,-9
42.410,9469,-7
42.410,9470,-5
42.410,9471,-4
42.432,9472,-2
42.432,9473,-1
42.432,9474,0
42.432,9475,1
42.432,9476,2
42.432,9477,3
42.432,9478,3
42.451,9479,4
42.451,9480,5
42.451,9481,6
42.451,9482,6
42.451,9483,6
42.451,9484,7
42.472,9485,7
42.472,9486,8
42.472,9487,8
42.472,9488,8
42.472,9489,9
42.472,9490,8
42.472,9491,8
42.493,9492,7
42.493,9493,5
42.493,9494,5
42.493,9495,5
42.493,9496,5
42.493,9497,4
42.493,9498,3
42.519,9499,4
42.520,9500,3
42.520,9501,3
42.520,9502,2
42.520,9503,0
42.520,9504,0
42.541,9505,0
42.541,9506,0
42.541,9507,-1
42.541,9508,-2
42.541,9509,-2
42.541,9510,-2
42.564,9511,-2
42.564,9512,-3
42.564,9513,-4
42.564,9514,-4
42.564,9515,-5
42.583,9516,-6
42.583,9517,-7
42.583,9518,-7
42.583,9519,-7
42.583,9520,-7
42.600,9521,-7
42.600,9522,-7
42.600,9523,-8
42.600,9524,-8
42.600,9525,-8
42.620,9526,-8
42.620,9527,-8
42.620,9528,-8
42.620,9529,-9
42.620,9530,-9
42.642,9531,-9
42.643,9532,-10
42.643,9533,-10
42.643,9534,-10
42.662,9535,-10
42.662,9536,-10
42.662,9537,-11
42.662,9538,-11
42.682,9539,-10
42.682,9540,-10
42.682,9541,-9
42.682,9542,-8
42.702,9543,-7
42.702,9544,-6
42.702,9545,-5
42.702,9546,-4
42.702,9547,-3
42.730,9548,-2
42.730,9549,-1
42.730,9550,-1
42.733,9551,0
42.733,9552,0
42.733,9553,0
42.751,9554,0
42.751,9555,2
42.751,9556,4
42.751,9557,6
42.751,9558,9
42.751,9559,11
42.771,9560,14
42.771,9561,17
42.771,9562,21
42.772,9563,27
42.772,9564,36
42.791,9565,44
42.791,9566,52
42.791,9567,57
42.791,9568,61
42.791,9569,65
42.811,9570,65
42.811,9571,64
42.811,9572,60
42.811,9573,54
42.811,9574,49
42.830,9575,43
42.830,9576,37
42.830,9577,29
42.830,9578,21
42.830,9579,16
42.851,9580,11
42.852,9581,6
42.852,9582,1
42.852,9583,-2
42.852,9584,-5
42.852,9585,-8
42.870,9586,-10
42.870,9587,-13
42.870,9588,-17
42.870,9589,-17
42.896,9590,-20
42.897,9591,-21
42.897,9592,-25
42.897,9593,-33
42.913,9594,-44
42.913,9595,-58
42.913,9596,-69
42.914,9597,-73
42.941,9598,-55
42.941,9599,-10
42.941,9600,47
42.941,9601,119
42.949,9602,181
42.949,9603,180
42.949,9604,164
42.949,9605,87
42.981,9606,11
42.981,9607,-52
42.981,9608,-92
42.981,9609,-110
43.000,9610,-114
43.000,9611,-110
43.000,9612,-106
43.022,9613,-104
43.022,9614,-103
43.022,9615,-99
43.022,9616,-96
43.039,9617,-89
43.039,9618,-84
43.039,9619,-79
43.039,9620,-74
43.065,9621,-69
43.065,9622,-65
43.065,9623,-61
43.065,9624,-57
43.079,9625,-54
43.079,9626,-51
43.079,9627,-48
43.079,9628,-45
43.099,9629,-42
43.099,9630,-38
43.099,9631,-36
43.099,9632,-33
43.122,9633,-31
43.122,9634,-29
43.122,9635,-27
43.122,9636,-24
43.143,9637,-22
43.143,9638,-19
43.143,9639,-17
43.143,9640,-15
43.159,9641,-12
43.159,9642,-9
43.159,9643,-6
43.159,9644,-4
43.159,9645,-1
43.184,9646,0
43.184,9647,2
43.184,9648,3
43.184,9649,4
43.184,9650,5
43.184,9651,5
43.184,9652,6
43.215,9653,7
43.216,9654,7
43.216,9655,8
43.216,9656,8
43.216,9657,8
43.216,9658,7
43.216,9659,6
43.230,9660,5
43.230,9661,4
43.230,9662,3
43.230,9663,1
43.230,9664,0
43.230,9665,-1
43.253,9666,-3
43.253,9667,-2
43.253,9668,-4
43.253,9669,-4
43.253,9670,-6
43.274,9671,-8
43.274,9672,-8
43.274,9673,-9
43.274,9674,-8
43.274,9675,-10
43.290,9676,-11
43.290,9677,-10
43.290,9678,-10
43.290,9679,-9
43.310,9680,-9
43.310,9681,-10
43.310,9682,-8
43.310,9683,-8
43.310,9684,-6
43.331,9685,-6
43.331,9686,-6
43.331,9687,-4
43.331,9688,-3
43.331,9689,-1
43.350,9690,-1
43.351,9691,-1
43.351,9692,1
43.351,9693,2
43.351,9694,4
43.351,9695,4
43.370,9696,4
43.370,9697,6
43.370,9698,6
43.370,9699,8
43.370,9700,8
43.370,9701,7
43.390,9702,10
43.390,9703,10
43.390,9704,11
43.390,9705,10
43.390,9706,9
43.422,9707,10
43.422,9708,9
43.422,9709,9
43.422,9710,8
43.422,9711,6
43.422,9712,8
43.422,9713,7
43.442,9714,9
43.442,9715,7
43.442,9716,6
43.442,9717,6
43.442,9718,6
43.442,9719,6
43.442,9720,5
43.460,9721,4
43.460,9722,4
43.460,9723,3
43.460,9724,3
43.460,9725,3
43.460,9726,3
43.492,9727,3
43.492,9728,3
43.492,9729,3
43.492,9730,2
43.492,9731,2
43.492,9732,1
43.492,9733,1
43.511,9734,0
43.511,9735,0
43.511,9736,0
43.511,9737,2
43.511,9738,2
43.511,9739,3
43.511,9740,2
43.541,9741,1
43.541,9742,3
43.541,9743,3
43.541,9744,5
43.541,9745,4
43.541,9746,2
43.582,9747,2
43.582,9748,2
43.582,9749,2
43.582,9750,1
43.582,9751,0
43.582,9752,0
43.582,9753,-1
43.589,9754,-1
43.589,9755,-1
43.589,9756,-1
43.589,9757,-1
43.589,9758,0
43.614,9759,0
43.614,9760,0
43.614,9761,0
43.614,9762,2
43.614,9763,1
43.614,9764,2
43.614,9765,1
43.640,9766,0
43.640,9767,2
43.640,9768,2
43.640,9769,4
43.640,9770,3
43.640,9771,2
43.670,9772,1
43.670,9773,1
43.670,9774,0
43.670,9775,0
43.670,9776,0
43.670,9777,0
43.670,9778,-1
43.694,9779,0
43.694,9780,0
43.694,9781,2
43.694,9782,8
43.694,9783,10
43.694,9784,13
43.712,9785,14
43.712,9786,17
43.712,9787,24
43.712,9788,30
43.712,9789,40
43.730,9790,45
43.730,9791,49
43.730,9792,55
43.730,9793,57
43.730,9794,60
43.749,9795,58
43.749,9796,54
43.749,9797,52
43.749,9798,45
43.749,9799,41
43.791,9800,33
43.791,9801,24
43.791,9802,20
43.791,9803,13
43.791,9804,10
43.804,9805,3
43.804,9806,-2
43.804,9807,-7
43.804,9808,-10
43.824,9809,-12
43.824,9810,-15
43.824,9811,-17
43.824,9812,-17
43.839,9813,-19
43.840,9814,-20
43.840,9815,-23
43.840,9816,-27
43.864,9817,-34
43.864,9818,-44
43.864,9819,-57
43.864,9820,-69
43.893,9821,-76
43.894,9822,-65
43.894,9823,-29
43.894,9824,24
43.894,9825,92
43.900,9826,158
43.900,9827,216
43.900,9828,267
43.900,9829,299
43.923,9830,296
43.923,9831,259
43.923,9832,187
43.923,9833,103
43.940,9834,26
43.940,9835,-30
43.940,9836,-66
43.940,9837,-81
43.962,9838,-87
43.962,9839,-87
43.962,9840,-87
43.962,9841,-88
43.984,9842,-85
43.984,9843,-83
43.984,9844,-79
43.984,9845,-77
44.010,9846,-76
44.010,9847,-73
44.010,9848,-71
44.010,9849,-68
44.029,9850,-66
44.029,9851,-64
44.029,9852,-62
44.029,9853,-59
44.064,9854,-56
44.064,9855,-53
44.064,9856,-50
44.064,9857,-47
44.072,9858,-45
44.072,9859,-43
44.072,9860,-40
44.072,9861,-38
44.091,9862,-31
44.091,9863,-29
44.091,9864,-24
44.091,9865,-22
44.110,9866,-21
44.110,9867,-18
44.110,9868,-16
44.110,9869,-13
44.130,9870,-10
44.130,9871,-8
44.130,9872,-2
44.130,9873,-1
44.130,9874,3
44.151,9875,4
44.151,9876,4
44.151,9877,5
44.151,9878,5
44.151,9879,6
44.151,9880,7
44.151,9881,8
44.170,9882,8
44.170,9883,7
44.170,9884,8
44.170,9885,8
44.170,9886,7
44.170,9887,6
44.170,9888,5
44.192,9889,4
44.192,9890,3
44.192,9891,2
44.192,9892,1
44.192,9893,0
44.192,9894,0
44.224,9895,-1
44.224,9896,-3
44.224,9897,-4
44.224,9898,-6
44.224,9899,-7
44.240,9900,-7
44.240,9901,-8
44.240,9902,-9
44.240,9903,-11
44.240,9904,-11
44.259,9905,-10
44.259,9906,-9
44.259,9907,-9
44.259,9908,-9
44.284,9909,-9
44.284,9910,-9
44.284,9911,-8
44.284,9912,-7
44.284,9913,-6
44.300,9914,-5
44.300,9915,-4
44.300,9916,-3
44.300,9917,-1
44.300,9918,0
44.300,9919,0
44.320,9920,1
44.320,9921,2
44.320,9922,3
44.320,9923,3
44.320,9924,4
44.320,9925,5
44.320,9926,6
44.341,9927,7
44.341,9928,8
44.341,9929,8
44.341,9930,9
44.341,9931,9
44.341,9932,8
44.361,9933,8
44.361,9934,7
44.361,9935,7
44.361,9936,7
44.361,9937,7
44.361,9938,6
44.361,9939,5
44.392,9940,5
44.392,9941,4
44.392,9942,4
44.392,9943,4
44.392,9944,4
44.392,9945,4
44.392,9946,4
44.412,9947,4
44.412,9948,4
44.412,9949,4
44.412,9950,4
44.412,9951,3
44.412,9952,2
44.444,9953,2
44.444,9954,1
44.444,9955,1
44.444,9956,1
44.444,9957,1
44.444,9958,0
44.444,9959,0
44.472,9960,0
44.472,9961,1
44.472,9962,1
44.472,9963,0
44.472,9964,0
44.472,9965,0
44.472,9966,0
44.490,9967,1
44.490,9968,1
44.490,9969,2
44.490,9970,2
44.490,9971,2
44.490,9972,2
44.520,9973,2
44.520,9974,2
44.520,9975,3
44.520,9976,3
44.520,9977,2
44.520,9978,2
44.520,9979,2
44.553,9980,4
44.553,9981,5
44.553,9982,5
44.553,9983,5
44.553,9984,5
44.553,9985,4
44.553,9986,4
44.570,9987,4
44.570,9988,4
44.570,9989,5
44.570,9990,5
44.570,9991,5
44.570,9992,4
44.599,9993,3
44.599,9994,2
44.599,9995,3
44.599,9996,3
44.599,9997,3
44.599,9998,2
44.599,9999,2
44.632,10000,3
44.632,10001,3
44.633,10002,3
44.633,10003,2
44.633,10004,2
44.633,10005,2
44.633,10006,1
44.651,10007,1
44.651,10008,1
44.651,10009,2
44.651,10010,3
44.651,10011,5
44.651,10012,6
44.680,10013,8
44.680,10014,10
44.680,10015,13
44.680,10016,15
44.680,10017,17
44.700,10018,21
44.700,10019,26
44.700,10020,34
44.701,10021,42
44.701,10022,49
44.720,10023,54
44.720,10024,58
44.720,10025,60
44.720,10026,60
44.720,10027,58
44.740,10028,54
44.740,10029,49
44.740,10030,44
44.740,10031,38
44.740,10032,33
44.763,10033,26
44.763,10034,20
44.763,10035,14
44.763,10036,9
44.763,10037,5
44.763,10038,2
44.783,10039,0
44.783,10040,-3
44.783,10041,-6
44.783,10042,-9
44.783,10043,-11
44.803,10044,-13
44.803,10045,-15
44.803,10046,-16
44.803,10047,-18
44.835,10048,-22
44.835,10049,-29
44.835,10050,-41
44.835,10051,-54
44.852,10052,-65
44.852,10053,-63
44.852,10054,-39
44.852,10055,8
44.852,10056,69
44.869,10057,138
44.869,10058,198
44.869,10059,251
44.869,10060,294
44.889,10061,306
44.889,10062,285
44.889,10063,228
44.889,10064,146
44.912,10065,65
44.912,10066,0
44.912,10067,-45
44.912,10068,-71
44.932,10069,-80
44.932,10070,-83
44.932,10071,-83
44.932,10072,-85
44.950,10073,-87
44.950,10074,-88
44.950,10075,-88
44.950,10076,-86
44.969,10077,-83
44.969,10078,-81
44.969,10079,-78
44.969,10080,-74
44.992,10081,-70
44.992,10082,-66
44.992,10083,-59
44.992,10084,-56
45.013,10085,-51
45.013,10086,-49
45.013,10087,-48
45.013,10088,-46
45.030,10089,-43
45.030,10090,-40
45.030,10091,-37
45.030,10092,-34
45.059,10093,-32
45.059,10094,-30
45.059,10095,-28
45.059,10096,-25
45.082,10097,-23
45.082,10098,-19
45.082,10099,-17
45.082,10100,-13
45.102,10101,-10
45.102,10102,-8
45.102,10103,-5
45.102,10104,-3
45.102,10105,-1
45.123,10106,0
45.123,10107,1
45.123,10108,2
45.123,10109,3
45.123,10110,4
45.123,10111,5
45.123,10112,6
45.145,10113,8
45.145,10114,8
45.145,10115,9
45.145,10116,9
45.145,10117,9
45.145,10118,9
45.145,10119,8
45.161,10120,8
45.161,10121,9
45.161,10122,8
45.161,10123,8
45.161,10124,7
45.161,10125,6
45.182,10126,5
45.182,10127,3
45.182,10128,2
45.182,10129,0
45.182,10130,0
45.182,10131,-1
45.204,10132,-2
45.204,10133,-3
45.204,10134,-3
45.204,10135,-4
45.204,10136,-4
45.220,10137,-5
45.220,10138,-5
45.220,10139,-5
45.220,10140,-4
45.220,10141,-4
45.240,10142,-3
45.240,10143,-3
45.240,10144,-2
45.240,10145,-1
45.240,10146,-1
45.271,10147,-1
45.271,10148,0
45.271,10149,0
45.271,10150,1
45.271,10151,3
45.271,10152,4
45.271,10153,5
45.294,10154,7
45.294,10155,8
45.294,10156,9
45.294,10157,10
45.294,10158,11
45.294,10159,12
45.312,10160,12
45.312,10161,12
45.312,10162,12
45.312,10163,12
45.312,10164,12
45.329,10165,11
45.329,10166,10
45.329,10167,9
45.329,10168,8
45.329,10169,7
45.329,10170,7
45.351,10171,6
45.351,10172,5
45.351,10173,5
45.351,10174,5
45.351,10175,5
45.351,10176,4
45.384,10177,3
45.384,10178,2
45.384,10179,2
45.384,10180,1
45.384,10181,0
45.384,10182,0
45.384,10183,0
45.410,10184,0
45.410,10185,0
45.410,10186,0
45.410,10187,0
45.410,10188,0
45.410,10189,0
45.410,10190,0
45.430,10191,0
45.430,10192,0
45.430,10193,0
45.430,10194,0
45.430,10195,0
45.430,10196,0
45.459,10197,0
45.459,10198,0
45.459,10199,0
45.459,10200,1
45.459,10201,1
45.459,10202,0
45.459,10203,1
45.490,10204,2
45.490,10205,2
45.490,10206,3
45.490,10207,2
45.490,10208,3
45.490,10209,2
45.490,10210,2
45.509,10211,2
45.509,10212,2
45.509,10213,2
45.509,10214,2
45.509,10215,1
45.509,10216,1
45.551,10217,0
45.551,10218,0
45.551,10219,0
45.551,10220,0
45.551,10221,0
45.551,10222,0
45.551,10223,0
45.572,10224,1
45.572,10225,1
45.572,10226,1
45.572,10227,0
45.572,10228,1
45.572,10229,1
45.572,10230,1
45.592,10231,1
45.592,10232,1
45.592,10233,1
45.592,10234,1
45.592,10235,1
45.592,10236,1
45.623,10237,0
45.623,10238,0
45.623,10239,0
45.623,10240,0
45.623,10241,0
45.623,10242,0
45.623,10243,0
45.652,10244,0
45.652,10245,0
45.652,10246,1
45.652,10247,1
45.652,10248,1
45.652,10249,3
45.652,10250,4
45.671,10251,7
45.671,10252,9
45.671,10253,12
45.671,10254,14
45.671,10255,17
45.700,10256,20
45.700,10257,24
45.700,10258,31
45.700,10259,39
45.700,10260,46
45.712,10261,52
45.712,10262,56
45.712,10263,59
45.712,10264,61
45.712,10265,60
45.744,10266,57
45.744,10267,52
45.744,10268,46
45.744,10269,39
45.744,10270,32
45.759,10271,25
45.759,10272,18
45.759,10273,12
45.759,10274,8
45.759,10275,4
45.759,10276,1
45.780,10277,-2
45.780,10278,-5
45.780,10279,-8
45.780,10280,-10
45.801,10281,-11
45.801,10282,-13
45.801,10283,-14
45.801,10284,-16
45.822,10285,-18
45.822,10286,-22
45.822,10287,-30
45.822,10288,-41
45.840,10289,-56
45.840,10290,-68
45.840,10291,-71
45.840,10292,-54
45.840,10293,-8
45.865,10294,48
45.865,10295,119
45.865,10296,181
45.865,10297,236
45.882,10298,283
45.882,10299,308
45.882,10300,297
45.882,10301,249
45.901,10302,167
45.901,10303,79
45.901,10304,6
45.901,10305,-41
45.924,10306,-66
45.924,10307,-76
45.924,10308,-78
45.924,10309,-80
45.951,10310,-82
45.951,10311,-85
45.951,10312,-87
45.951,10313,-86
45.971,10314,-84
45.971,10315,-81
45.971,10316,-79
45.971,10317,-76
45.989,10318,-74
45.989,10319,-71
45.989,10320,-68
45.989,10321,-65
46.011,10322,-62
46.011,10323,-58
46.011,10324,-55
46.011,10325,-49
46.030,10326,-46
46.030,10327,-40
46.030,10328,-37
46.030,10329,-35
46.049,10330,-33
46.050,10331,-31
46.050,10332,-29
46.050,10333,-27
46.070,10334,-26
46.070,10335,-24
46.070,10336,-23
46.070,10337,-21
46.089,10338,-19
46.089,10339,-16
46.089,10340,-13
46.089,10341,-10
46.089,10342,-4
46.112,10343,-1
46.113,10344,3
46.113,10345,4
46.113,10346,5
46.113,10347,9
46.113,10348,10
46.130,10349,14
46.130,10350,14
46.130,10351,14
46.130,10352,17
46.130,10353,16
46.151,10354,18
46.151,10355,16
46.151,10356,15
46.151,10357,17
46.151,10358,17
46.180,10359,19
46.180,10360,17
46.180,10361,15
46.180,10362,16
46.180,10363,14
46.212,10364,14
46.212,10365,11
46.212,10366,8
46.212,10367,7
46.212,10368,5
46.212,10369,4
46.223,10370,1
46.223,10371,0
46.223,10372,-2
46.223,10373,-3
46.223,10374,-4
46.239,10375,-6
46.239,10376,-8
46.239,10377,-10
46.239,10378,-11
46.261,10379,-11
46.261,10380,-12
46.261,10381,-13
46.261,10382,-11
46.282,10383,-12
46.282,10384,-10
46.282,10385,-11
46.282,10386,-12
46.302,10387,-11
46.302,10388,-11
46.302,10389,-9
46.302,10390,-9
46.302,10391,-9
46.319,10392,-8
46.319,10393,-8
46.319,10394,-6
46.319,10395,-5
46.319,10396,-4
46.342,10397,-4
46.342,10398,-5
46.342,10399,-5
46.342,10400,-6
46.342,10401,-4
46.362,10402,-5
46.362,10403,-3
46.362,10404,-6
46.362,10405,-8
46.362,10406,-6
46.389,10407,-7
46.389,10408,-5
46.389,10409,-4
46.389,10410,-4
46.389,10411,-2
46.409,10412,-3
46.409,10413,-3
46.409,10414,-5
46.409,10415,-8
46.409,10416,-6
46.434,10417,-7
46.434,10418,-4
46.434,10419,-5
46.434,10420,-7
46.434,10421,-8
46.451,10422,-10
46.451,10423,-10
46.451,10424,-11
46.451,10425,-12
46.469,10426,-13
46.469,10427,-14
46.469,10428,-15
46.469,10429,-15
46.499,10430,-16
46.499,10431,-16
46.500,10432,-17
46.500,10433,-17
46.509,10434,-14
46.509,10435,-15
46.509,10436,-13
46.509,10437,-15
46.534,10438,-16
46.534,10439,-14
46.534,10440,-14
46.534,10441,-12
46.549,10442,-12
46.549,10443,-13
46.549,10444,-13
46.549,10445,-13
46.571,10446,-12
46.571,10447,-12
46.571,10448,-12
46.571,10449,-13
46.591,10450,-13
46.591,10451,-12
46.591,10452,-11
46.591,10453,-10
46.619,10454,-10
46.619,10455,-10
46.619,10456,-11
46.619,10457,-11
46.642,10458,-11
46.642,10459,-10
46.642,10460,-10
46.642,10461,-7
46.662,10462,-8
46.662,10463,-6
46.662,10464,-7
46.662,10465,-7
46.662,10466,-6
46.679,10467,-5
46.679,10468,-3
46.679,10469,-3
46.679,10470,-2
46.679,10471,0
46.679,10472,1
46.709,10473,4
46.709,10474,7
46.709,10475,8
46.709,10476,12
46.709,10477,15
46.709,10478,22
46.722,10479,29
46.722,10480,36
46.722,10481,43
46.722,10482,48
46.722,10483,52
46.740,10484,55
46.740,10485,55
46.740,10486,55
46.740,10487,51
46.740,10488,46
46.763,10489,41
46.763,10490,35
46.763,10491,33
46.763,10492,27
46.763,10493,23
46.780,10494,17
46.780,10495,11
46.780,10496,6
46.780,10497,2
46.780,10498,0
46.801,10499,-3
46.801,10500,-7
46.801,10501,-9
46.801,10502,-11
46.801,10503,-12
46.822,10504,-13
46.822,10505,-15
46.822,10506,-16
46.822,10507,-21
46.849,10508,-28
46.849,10509,-39
46.849,10510,-51
46.849,10511,-58
46.873,10512,-37
46.874,10513,2
46.874,10514,64
46.874,10515,133
46.889,10516,193
46.889,10517,246
46.889,10518,226
46.889,10519,211
46.920,10520,140
46.920,10521,87
46.920,10522,54
46.920,10523,34
46.920,10524,20
46.929,10525,12
46.929,10526,0
46.929,10527,-7
46.929,10528,-16
46.929,10529,-23
46.949,10530,-24
46.949,10531,-26
46.949,10532,-25
46.949,10533,-27
46.969,10534,-28
46.969,10535,-28
46.969,10536,-28
46.969,10537,-27
46.989,10538,-26
46.990,10539,-25
46.990,10540,-24
46.990,10541,-23
47.022,10542,-21
47.022,10543,-21
47.022,10544,-19
47.022,10545,-18
47.029,10546,-16
47.029,10547,-13
47.029,10548,-11
47.029,10549,-8
47.049,10550,-6
47.049,10551,-4
47.049,10552,-2
47.049,10553,0
47.049,10554,1
47.049,10555,3
47.081,10556,6
47.081,10557,9
47.081,10558,10
47.081,10559,12
47.081,10560,13
47.081,10561,13
47.099,10562,14
47.099,10563,15
47.099,10564,16
47.099,10565,17
47.099,10566,18
47.122,10567,18
47.122,10568,18
47.122,10569,18
47.122,10570,19
47.123,10571,20
47.141,10572,21
47.141,10573,22
47.141,10574,22
47.141,10575,22
47.141,10576,22
47.161,10577,22
47.161,10578,21
47.161,10579,20
47.161,10580,19
47.161,10581,17
47.182,10582,16
47.182,10583,14
47.182,10584,12
47.182,10585,11
47.182,10586,10
47.200,10587,9
47.200,10588,7
47.200,10589,6
47.200,10590,4
47.200,10591,3
47.200,10592,2
47.231,10593,1
47.231,10594,1
47.231,10595,1
47.231,10596,2
47.231,10597,2
47.231,10598,2
47.231,10599,2
47.239,10600,2
47.239,10601,2
47.240,10602,3
47.240,10603,3
47.240,10604,4
47.240,10605,5
47.240,10606,6
47.263,10607,8
47.263,10608,9
47.263,10609,11
47.263,10610,12
47.264,10611,13
47.292,10612,13
47.292,10613,13
47.292,10614,12
47.292,10615,12
47.292,10616,12
47.309,10617,12
47.310,10618,12
47.310,10619,11
47.310,10620,11
47.310,10621,10
47.331,10622,10
47.331,10623,11
47.331,10624,11
47.331,10625,12
47.331,10626,12
47.351,10627,12
47.351,10628,12
47.351,10629,12
47.351,10630,12
47.351,10631,11
47.370,10632,9
47.370,10633,7
47.370,10634,6
47.370,10635,6
47.370,10636,5
47.370,10637,4
47.370,10638,3
47.389,10639,3
47.389,10640,3
47.389,10641,3
47.389,10642,2
47.389,10643,1
47.389,10644,1
47.389,10645,1
47.414,10646,1
47.414,10647,1
47.414,10648,0
47.414,10649,1
47.414,10650,1
47.414,10651,1
47.449,10652,1
47.450,10653,1
47.450,10654,0
47.450,10655,1
47.450,10656,0
47.450,10657,0
47.450,10658,0
47.459,10659,-1
47.459,10660,-1
47.459,10661,0
47.459,10662,0
47.459,10663,0
47.459,10664,0
47.489,10665,0
47.489,10666,0
47.489,10667,0
47.489,10668,0
47.489,10669,0
47.489,10670,-1
47.514,10671,-1
47.514,10672,-1
47.514,10673,-1
47.514,10674,-1
47.514,10675,-1
47.533,10676,-2
47.533,10677,-3
47.533,10678,-3
47.533,10679,-3
47.533,10680,-1
47.551,10681,0
47.551,10682,0
47.551,10683,0
47.551,10684,0
47.551,10685,0
47.551,10686,0
47.551,10687,0
47.592,10688,0
47.592,10689,0
47.592,10690,1
47.592,10691,1
47.592,10692,2
47.592,10693,4
47.592,10694,6
47.600,10695,10
47.600,10696,14
47.600,10697,17
47.600,10698,19
47.600,10699,22
47.621,10700,26
47.621,10701,31
47.621,10702,36
47.621,10703,42
47.621,10704,48
47.652,10705,53
47.652,10706,58
47.652,10707,62
47.652,10708,63
47.652,10709,62
47.680,10710,59
47.680,10711,55
47.680,10712,49
47.680,10713,43
47.680,10714,37
47.690,10715,30
47.690,10716,22
47.690,10717,15
47.690,10718,9
47.690,10719,3
47.710,10720,-1
47.710,10721,-6
47.710,10722,-10
47.710,10723,-15
47.734,10724,-19
47.734,10725,-22
47.734,10726,-25
47.734,10727,-28
47.749,10728,-31
47.750,10729,-34
47.750,10730,-39
47.750,10731,-46
47.770,10732,-56
47.770,10733,-68
47.770,10734,-77
47.770,10735,-77
47.789,10736,-58
47.789,10737,-13
47.789,10738,43
47.789,10739,113
47.789,10740,175
47.809,10741,229
47.809,10742,273
47.809,10743,288
47.809,10744,271
47.834,10745,217
47.834,10746,136
47.834,10747,51
47.834,10748,-22
47.865,10749,-76
47.865,10750,-106
47.865,10751,-119
47.880,10752,-119
47.880,10753,-117
47.880,10754,-114
47.880,10755,-112
47.901,10756,-109
47.901,10757,-106
47.902,10758,-103
47.923,10759,-100
47.923,10760,-97
47.923,10761,-93
47.923,10762,-89
47.940,10763,-86
47.940,10764,-83
47.940,10765,-80
47.940,10766,-78
47.960,10767,-76
47.960,10768,-75
47.960,10769,-72
47.960,10770,-70
47.980,10771,-67
47.980,10772,-64
47.980,10773,-62
47.980,10774,-57
48.000,10775,-55
48.000,10776,-48
48.000,10777,-45
48.000,10778,-42
48.022,10779,-37
48.022,10780,-35
48.022,10781,-32
48.022,10782,-31
48.041,10783,-30
48.041,10784,-27
48.041,10785,-26
48.041,10786,-22
48.062,10787,-21
48.062,10788,-20
48.062,10789,-19
48.062,10790,-20
48.083,10791,-21
48.083,10792,-22
48.083,10793,-24
48.083,10794,-26
48.109,10795,-27
48.109,10796,-26
48.109,10797,-27
48.109,10798,-25
48.129,10799,-27
48.129,10800,-29
48.129,10801,-31
48.129,10802,-33
48.149,10803,-35
48.149,10804,-34
48.149,10805,-36
48.149,10806,-36
48.170,10807,-37
48.170,10808,-39
48.170,10809,-38
48.170,10810,-39
48.191,10811,-37
48.191,10812,-36
48.191,10813,-35
48.191,10814,-34
48.210,10815,-33
48.210,10816,-31
48.210,10817,-29
48.210,10818,-26
48.230,10819,-23
48.230,10820,-21
48.230,10821,-18
48.230,10822,-17
48.262,10823,-15
48.262,10824,-15
48.262,10825,-13
48.262,10826,-10
48.271,10827,-9
48.271,10828,-6
48.271,10829,-7
48.271,10830,-8
48.271,10831,-6
48.290,10832,-6
48.290,10833,-4
48.290,10834,-4
48.290,10835,-5
48.290,10836,-5
48.311,10837,-4
48.311,10838,-3
48.311,10839,-2
48.311,10840,-3
48.311,10841,0
48.341,10842,-1
48.341,10843,0
48.341,10844,-1
48.341,10845,-2
48.341,10846,0
48.341,10847,0
48.362,10848,1
48.362,10849,0
48.362,10850,0
48.362,10851,0
48.362,10852,0
48.362,10853,2
48.362,10854,2
48.381,10855,2
48.381,10856,4
48.381,10857,4
48.381,10858,7
48.381,10859,7
48.381,10860,6
48.400,10861,8
48.400,10862,7
48.400,10863,9
48.400,10864,9
48.400,10865,8
48.400,10866,8
48.400,10867,8
48.420,10868,8
48.420,10869,7
48.420,10870,7
48.420,10871,7
48.420,10872,6
48.420,10873,8
48.420,10874,8
48.442,10875,9
48.442,10876,11
48.442,10877,10
48.442,10878,12
48.442,10879,12
48.459,10880,11
48.459,10881,13
48.459,10882,13
48.459,10883,15
48.459,10884,15
48.479,10885,16
48.480,10886,20
48.480,10887,21
48.480,10888,25
48.480,10889,26
48.500,10890,28
48.500,10891,33
48.500,10892,39
48.500,10893,48
48.500,10894,56
48.531,10895,63
48.531,10896,71
48.531,10897,74
48.531,10898,78
48.531,10899,76
48.551,10900,73
48.551,10901,70
48.551,10902,64
48.551,10903,58
48.551,10904,50
48.572,10905,42
48.572,10906,35
48.572,10907,27
48.572,10908,21
48.572,10909,15
48.591,10910,9
48.591,10911,6
48.591,10912,0
48.591,10913,-2
48.591,10914,-7
48.611,10915,-11
48.611,10916,-13
48.611,10917,-16
48.611,10918,-17
48.632,10919,-21
48.632,10920,-25
48.632,10921,-29
48.632,10922,-37
48.657,10923,-46
48.657,10924,-58
48.657,10925,-65
48.657,10926,-54
48.669,10927,-23
48.669,10928,28
48.669,10929,91
48.669,10930,156
48.670,10931,214
48.692,10932,263
48.692,10933,294
48.692,10934,292
48.692,10935,254
48.714,10936,183
48.714,10937,97
48.714,10938,16
48.714,10939,-46
48.732,10940,-88
48.732,10941,-108
48.732,10942,-116
48.732,10943,-115
48.762,10944,-114
48.762,10945,-110
48.762,10946,-109
48.780,10947,-105
48.780,10948,-102
48.780,10949,-99
48.780,10950,-96
48.802,10951,-92
48.802,10952,-88
48.802,10953,-83
48.802,10954,-78
48.827,10955,-74
48.827,10956,-69
48.827,10957,-66
48.827,10958,-63
48.839,10959,-60
48.839,10960,-57
48.839,10961,-54
48.839,10962,-52
48.859,10963,-49
48.859,10964,-46
48.859,10965,-42
48.859,10966,-37
48.879,10967,-33
48.879,10968,-28
48.879,10969,-25
48.879,10970,-22
48.899,10971,-20
48.899,10972,-18
48.899,10973,-16
48.899,10974,-13
48.919,10975,-11
48.919,10976,-8
48.919,10977,-7
48.919,10978,-5
48.942,10979,-4
48.942,10980,-1
48.942,10981,0
48.942,10982,1
48.942,10983,0
48.942,10984,0
48.942,10985,0
48.962,10986,0
48.962,10987,1
48.962,10988,0
48.962,10989,0
48.962,10990,0
48.962,10991,0
48.992,10992,0
48.992,10993,-1
48.992,10994,-3
48.992,10995,-3
48.992,10996,-5
49.009,10997,-6
49.009,10998,-9
49.009,10999,-12
49.009,11000,-12
49.009,11001,-14
49.029,11002,-14
49.029,11003,-15
49.029,11004,-17
49.029,11005,-16
49.054,11006,-18
49.054,11007,-17
49.054,11008,-17
49.054,11009,-16
49.072,11010,-15
49.072,11011,-13
49.072,11012,-12
49.072,11013,-10
49.090,11014,-10
49.090,11015,-8
49.090,11016,-7
49.090,11017,-5
49.109,11018,-3
49.109,11019,-2
49.109,11020,-1
49.109,11021,0
49.109,11022,0
49.109,11023,1
49.132,11024,2
49.132,11025,2
49.132,11026,3
49.132,11027,3
49.132,11028,4
49.132,11029,5
49.132,11030,5
49.151,11031,4
49.151,11032,4
49.151,11033,4
49.151,11034,4
49.151,11035,3
49.151,11036,2
49.151,11037,2
49.171,11038,2
49.171,11039,2
49.171,11040,2
49.171,11041,1
49.171,11042,0
49.171,11043,0
49.202,11044,0
49.202,11045,0
49.202,11046,-1
49.202,11047,-2
49.202,11048,-2
49.202,11049,-2
49.219,11050,-2
49.219,11051,-2
49.219,11052,-2
49.219,11053,-1
49.219,11054,-1
49.239,11055,-1
49.239,11056,-1
49.239,11057,-2
49.239,11058,-2
49.239,11059,-2
49.264,11060,-2
49.264,11061,-2
49.264,11062,-2
49.264,11063,-3
49.264,11064,-4
49.279,11065,-4
49.279,11066,-3
49.279,11067,-1
49.279,11068,0
49.279,11069,4
49.301,11070,7
49.302,11071,9
49.302,11072,10
49.302,11073,13
49.302,11074,17
49.302,11075,23
49.319,11076,31
49.319,11077,40
49.319,11078,48
49.319,11079,55
49.319,11080,60
49.339,11081,64
49.339,11082,65
49.339,11083,64
49.339,11084,60
49.339,11085,56
49.360,11086,49
49.360,11087,42
49.360,11088,33
49.360,11089,24
49.360,11090,16
49.379,11091,9
49.379,11092,2
49.379,11093,-3
49.379,11094,-9
49.379,11095,-13
49.413,11096,-18
49.413,11097,-22
49.413,11098,-25
49.413,11099,-28
49.429,11100,-31
49.429,11101,-34
49.429,11102,-37
49.429,11103,-39
49.449,11104,-41
49.449,11105,-45
49.449,11106,-53
49.449,11107,-64
49.469,11108,-72
49.469,11109,-71
49.469,11110,-50
49.469,11111,-3
49.491,11112,53
49.491,11113,123
49.491,11114,185
49.491,11115,239
49.511,11116,280
49.511,11117,291
49.511,11118,272
49.511,11119,218
49.531,11120,142
49.531,11121,76
49.531,11122,21
49.531,11123,-6
49.531,11124,-21
49.551,11125,-29
49.551,11126,-37
49.551,11127,-46
49.551,11128,-55
49.569,11129,-62
49.569,11130,-66
49.569,11131,-67
49.570,11132,-67
49.592,11133,-66
49.592,11134,-66
49.592,11135,-64
49.592,11136,-62
49.616,11137,-59
49.616,11138,-57
49.616,11139,-56
49.616,11140,-55
49.641,11141,-54
49.641,11142,-52
49.641,11143,-50
49.641,11144,-49
49.661,11145,-48
49.661,11146,-47
49.661,11147,-45
49.661,11148,-42
49.681,11149,-40
49.681,11150,-38
49.681,11151,-34
49.681,11152,-29
49.700,11153,-23
49.700,11154,-17
49.700,11155,-12
49.700,11156,-7
49.721,11157,-4
49.721,11158,0
49.721,11159,3
49.721,11160,6
49.721,11161,8
49.721,11162,7
49.721,11163,7
49.742,11164,7
49.742,11165,8
49.742,11166,12
49.742,11167,15
49.742,11168,20
49.763,11169,21
49.763,11170,21
49.763,11171,19
49.763,11172,18
49.763,11173,21
49.780,11174,24
49.780,11175,26
49.780,11176,26
49.780,11177,23
49.780,11178,20
49.800,11179,17
49.800,11180,13
49.800,11181,8
49.800,11182,2
49.800,11183,-2
49.800,11184,-6
49.820,11185,-10
49.820,11186,-13
49.820,11187,-17
49.820,11188,-19
49.842,11189,-22
49.842,11190,-25
49.842,11191,-27
49.842,11192,-29
49.872,11193,-30
49.872,11194,-29
49.872,11195,-27
49.872,11196,-25
49.895,11197,-23
49.895,11198,-22
49.895,11199,-21
49.895,11200,-21
49.910,11201,-20
49.910,11202,-20
49.910,11203,-19
49.910,11204,-17
49.930,11205,-15
49.930,11206,-14
49.930,11207,-14
49.930,11208,-14
49.960,11209,-14
49.960,11210,-13
49.960,11211,-12
49.960,11212,-11
49.970,11213,-13
49.970,11214,-15
49.970,11215,-16
49.970,11216,-16
49.993,11217,-15
49.993,11218,-14
49.993,11219,-14
49.993,11220,-14
50.014,11221,-15
50.014,11222,-14
50.014,11223,-14
50.014,11224,-13
50.032,11225,-13
50.032,11226,-14
50.032,11227,-15
50.032,11228,-17
50.061,11229,-17
50.061,11230,-16
50.061,11231,-17
50.061,11232,-16
50.080,11233,-17
50.080,11234,-18
50.080,11235,-17
50.080,11236,-15
50.100,11237,-10
50.100,11238,-7
50.100,11239,-3
50.100,11240,-1
50.100,11241,1
50.120,11242,6
50.120,11243,14
50.120,11244,23
50.120,11245,32
50.120,11246,39
50.139,11247,43
50.139,11248,43
50.139,11249,39
50.139,11250,33
50.140,11251,27
50.160,11252,19
50.160,11253,10
50.160,11254,1
50.160,11255,-7
50.160,11256,-14
50.179,11257,-20
50.179,11258,-26
50.179,11259,-31
50.179,11260,-37
50.199,11261,-43
50.199,11262,-47
50.199,11263,-50
50.199,11264,-53
50.220,11265,-55
50.220,11266,-56
50.220,11267,-58
50.220,11268,-64
50.242,11269,-70
50.242,11270,-80
50.243,11271,-86
50.243,11272,-82
50.261,11273,-58
50.261,11274,-9
50.261,11275,49
50.261,11276,103
50.280,11277,126
50.280,11278,115
50.280,11279,75
50.280,11280,21
50.280,11281,-38
50.314,11282,-99
50.314,11283,-154
50.314,11284,-193
50.335,11285,-212
50.335,11286,-211
50.335,11287,-199
50.349,11288,-184
50.350,11289,-171
50.350,11290,-160
50.350,11291,-150
50.375,11292,-141
50.375,11293,-133
50.375,11294,-126
50.390,11295,-120
50.390,11296,-114
50.390,11297,-109
50.410,11298,-103
50.410,11299,-98
50.410,11300,-92
50.410,11301,-86
50.431,11302,-80
50.431,11303,-74
50.431,11304,-70
50.431,11305,-67
50.450,11306,-63
50.450,11307,-59
50.450,11308,-54
50.450,11309,-50
50.472,11310,-46
50.472,11311,-41
50.472,11312,-36
50.472,11313,-31
50.494,11314,-28
50.494,11315,-27
50.494,11316,-23
50.494,11317,-21
50.511,11318,-17
50.511,11319,-15
50.511,11320,-14
50.511,11321,-13
50.541,11322,-13
50.541,11323,-12
50.541,11324,-12
50.541,11325,-12
50.562,11326,-14
50.562,11327,-16
50.562,11328,-17
50.562,11329,-18
50.582,11330,-18
50.582,11331,-18
50.582,11332,-20
50.582,11333,-22
50.602,11334,-25
50.602,11335,-27
50.602,11336,-29
50.602,11337,-31
50.621,11338,-32
50.622,11339,-33
50.622,11340,-34
50.622,11341,-35
50.640,11342,-36
50.640,11343,-35
50.640,11344,-34
50.640,11345,-34
50.662,11346,-34
50.662,11347,-34
50.662,11348,-32
50.662,11349,-30
50.680,11350,-29
50.680,11351,-27
50.680,11352,-26
50.680,11353,-25
50.702,11354,-24
50.702,11355,-23
50.702,11356,-22
50.702,11357,-21
50.720,11358,-21
50.720,11359,-21
50.720,11360,-19
50.720,11361,-18
50.746,11362,-18
50.746,11363,-17
50.746,11364,-18
50.746,11365,-18
50.770,11366,-19
50.770,11367,-19
50.770,11368,-19
50.770,11369,-20
50.793,11370,-19
50.793,11371,-19
50.793,11372,-19
50.793,11373,-17
50.810,11374,-16
50.810,11375,-14
50.810,11376,-13
50.810,11377,-13
50.831,11378,-13
50.831,11379,-13
50.831,11380,-11
50.831,11381,-9
50.831,11382,-6
50.850,11383,-2
50.850,11384,1
50.850,11385,6
50.850,11386,10
50.850,11387,15
50.870,11388,21
50.870,11389,28
50.870,11390,36
50.870,11391,44
50.870,11392,52
50.901,11393,57
50.901,11394,61
50.901,11395,62
50.901,11396,59
50.901,11397,55
50.910,11398,49
50.910,11399,42
50.910,11400,35
50.910,11401,27
50.910,11402,20
50.929,11403,14
50.929,11404,8
50.929,11405,3
50.929,11406,-2
50.929,11407,-7
50.929,11408,-10
50.950,11409,-13
50.950,11410,-14
50.950,11411,-16
50.950,11412,-17
50.985,11413,-19
50.985,11414,-20
50.985,11415,-22
50.985,11416,-27
51.000,11417,-34
51.000,11418,-42
51.000,11419,-9
51.000,11420,24
51.020,11421,96
51.020,11422,165
51.020,11423,224
51.020,11424,275
51.044,11425,301
51.044,11426,300
51.044,11427,268
51.044,11428,210
51.060,11429,140
51.060,11430,69
51.060,11431,3
51.060,11432,-50
51.060,11433,-79
51.080,11434,-97
51.080,11435,-96
51.080,11436,-94
51.080,11437,-91
51.110,11438,-86
51.110,11439,-80
51.110,11440,-76
51.110,11441,-71
51.120,11442,-67
51.120,11443,-62
51.120,11444,-57
51.120,11445,-52
51.143,11446,-47
51.143,11447,-43
51.143,11448,-38
51.143,11449,-33
51.165,11450,-28
51.165,11451,-22
51.165,11452,-17
51.165,11453,-13
51.180,11454,-10
51.180,11455,-7
51.180,11456,-5
51.180,11457,-2
51.180,11458,0
51.209,11459,4
51.209,11460,9
51.209,11461,12
51.209,11462,17
51.209,11463,20
51.229,11464,22
51.229,11465,26
51.229,11466,29
51.229,11467,32
51.229,11468,34
51.250,11469,35
51.250,11470,37
51.250,11471,38
51.250,11472,41
51.250,11473,42
51.270,11474,43
51.270,11475,44
51.270,11476,45
51.270,11477,46
51.270,11478,45
51.294,11479,44
51.294,11480,43
51.294,11481,42
51.294,11482,43
51.294,11483,42
51.310,11484,41
51.310,11485,41
51.310,11486,39
51.310,11487,38
51.310,11488,35
51.334,11489,32
51.335,11490,30
51.335,11491,27
51.335,11492,24
51.335,11493,21
51.349,11494,18
51.349,11495,15
51.349,11496,13
51.349,11497,10
51.349,11498,7
51.349,11499,4
51.374,11500,2
51.374,11501,1
51.374,11502,1
51.374,11503,1
51.374,11504,0
51.374,11505,0
51.374,11506,0
51.391,11507,0
51.391,11508,0
51.391,11509,0
51.391,11510,1
51.391,11511,3
51.391,11512,4
51.410,11513,5
51.410,11514,6
51.410,11515,7
51.410,11516,8
51.410,11517,10
51.410,11518,10
51.444,11519,11
51.444,11520,12
51.444,11521,13
51.444,11522,15
51.444,11523,16
51.460,11524,17
51.460,11525,19
51.460,11526,19
51.460,11527,19
51.460,11528,18
51.481,11529,18
51.481,11530,20
51.482,11531,21
51.482,11532,22
51.482,11533,22
51.504,11534,21
51.505,11535,21
51.505,11536,21
51.505,11537,22
51.505,11538,22
51.529,11539,22
51.529,11540,21
51.529,11541,20
51.529,11542,20
51.529,11543,20
51.542,11544,20
51.542,11545,20
51.542,11546,19
51.542,11547,19
51.542,11548,18
51.560,11549,18
51.560,11550,19
51.560,11551,21
51.560,11552,25
51.560,11553,28
51.580,11554,31
51.580,11555,35
51.580,11556,39
51.580,11557,44
51.580,11558,51
51.602,11559,58
51.602,11560,66
51.602,11561,73
51.602,11562,80
51.602,11563,84
51.620,11564,86
51.620,11565,87
51.620,11566,85
51.620,11567,82
51.620,11568,76
51.642,11569,69
51.642,11570,60
51.642,11571,49
51.642,11572,39
51.642,11573,28
51.674,11574,18
51.674,11575,8
51.674,11576,0
51.674,11577,-5
51.674,11578,-11
51.690,11579,-17
51.690,11580,-22
51.690,11581,-26
51.690,11582,-30
51.714,11583,-34
51.714,11584,-37
51.714,11585,-39
51.714,11586,-41
51.729,11587,-44
51.729,11588,-50
51.729,11589,-58
51.729,11590,-67
51.750,11591,-29
51.750,11592,5
51.750,11593,82
51.750,11594,150
51.750,11595,209
51.773,11596,259
51.773,11597,282
51.773,11598,273
51.773,11599,226
51.790,11600,149
51.790,11601,63
51.790,11602,-13
51.790,11603,-73
51.810,11604,-104
51.810,11605,-124
51.810,11606,-125
51.835,11607,-124
51.835,11608,-121
51.835,11609,-118
51.835,11610,-114
51.850,11611,-110
51.850,11612,-106
51.850,11613,-102
51.882,11614,-99
51.882,11615,-94
51.882,11616,-88
51.882,11617,-84
51.901,11618,-78
51.901,11619,-75
51.901,11620,-72
51.901,11621,-66
51.922,11622,-63
51.922,11623,-58
51.922,11624,-55
51.922,11625,-52
51.941,11626,-48
51.941,11627,-45
51.941,11628,-41
51.941,11629,-38
51.960,11630,-36
51.960,11631,-33
51.960,11632,-30
51.960,11633,-27
51.980,11634,-24
51.980,11635,-22
51.980,11636,-19
51.980,11637,-16
52.000,11638,-15
52.000,11639,-13
52.000,11640,-12
52.001,11641,-11
52.019,11642,-10
52.019,11643,-9
52.019,11644,-8
52.019,11645,-7
52.019,11646,-6
52.041,11647,-5
52.041,11648,-4
52.041,11649,-4
52.041,11650,-3
52.041,11651,-3
52.059,11652,-4
52.059,11653,-5
52.059,11654,-6
52.059,11655,-8
52.059,11656,-9
52.084,11657,-10
52.084,11658,-12
52.084,11659,-13
52.084,11660,-14
52.111,11661,-16
52.111,11662,-18
52.111,11663,-19
52.111,11664,-20
52.134,11665,-19
52.134,11666,-19
52.134,11667,-18
52.134,11668,-17
52.149,11669,-14
52.149,11670,-12
52.149,11671,-7
52.149,11672,-4
52.149,11673,0
52.170,11674,2
52.170,11675,4
52.170,11676,7
52.170,11677,8
52.170,11678,11
52.170,11679,12
52.194,11680,13
52.194,11681,15
52.194,11682,15
52.194,11683,17
52.194,11684,17
52.214,11685,17
52.214,11686,18
52.214,11687,18
52.214,11688,19
52.214,11689,18
52.234,11690,17
52.234,11691,18
52.234,11692,17
52.234,11693,18
52.234,11694,16
52.253,11695,15
52.253,11696,14
52.253,11697,12
52.253,11698,13
52.253,11699,12
52.269,11700,11
52.270,11701,12
52.270,11702,11
52.270,11703,12
52.270,11704,14
52.290,11705,17
52.290,11706,22
52.290,11707,26
52.290,11708,31
52.290,11709,35
52.314,11710,39
52.314,11711,47
52.314,11712,53
52.314,11713,63
52.314,11714,70
52.339,11715,77
52.339,11716,83
52.339,11717,86
52.339,11718,90
52.339,11719,89
52.361,11720,86
52.361,11721,82
52.361,11722,73
52.361,11723,64
52.361,11724,54
52.379,11725,42
52.379,11726,32
52.379,11727,21
52.379,11728,12
52.379,11729,3
52.400,11730,-4
52.400,11731,-9
52.400,11732,-15
52.400,11733,-19
52.420,11734,-25
52.420,11735,-29
52.420,11736,-33
52.420,11737,-36
52.440,11738,-38
52.440,11739,-41
52.440,11740,-46
52.440,11741,-54
52.460,11742,-63
52.460,11743,-71
52.460,11744,-73
52.460,11745,-56
52.480,11746,-17
52.480,11747,23
52.480,11748,44
52.480,11749,28
52.480,11750,-25
52.500,11751,-97
52.500,11752,-157
52.500,11753,-196
52.520,11754,-211
52.520,11755,-208
52.520,11756,-196
52.520,11757,-181
52.542,11758,-171
52.542,11759,-160
52.542,11760,-152
52.574,11761,-142
52.574,11762,-134
52.574,11763,-126
52.589,11764,-118
52.589,11765,-110
52.589,11766,-102
52.589,11767,-92
52.615,11768,-85
52.615,11769,-77
52.615,11770,-70
52.615,11771,-64
52.633,11772,-57
52.633,11773,-50
52.633,11774,-44
52.633,11775,-38
52.650,11776,-34
52.650,11777,-28
52.650,11778,-24
52.650,11779,-20
52.675,11780,-15
52.675,11781,-13
52.675,11782,-9
52.675,11783,-7
52.689,11784,-3
52.689,11785,0
52.689,11786,2
52.689,11787,5
52.689,11788,7
52.689,11789,10
52.710,11790,12
52.710,11791,15
52.710,11792,17
52.710,11793,19
52.710,11794,20
52.731,11795,22
52.731,11796,23
52.731,11797,23
52.731,11798,22
52.731,11799,21
52.749,11800,21
52.750,11801,19
52.750,11802,18
52.750,11803,15
52.750,11804,13
52.781,11805,12
52.781,11806,10
52.781,11807,7
52.781,11808,5
52.781,11809,3
52.781,11810,1
52.781,11811,0
52.802,11812,-1
52.802,11813,-3
52.802,11814,-6
52.802,11815,-8
52.802,11816,-9
52.822,11817,-10
52.822,11818,-10
52.822,11819,-10
52.822,11820,-10
52.842,11821,-10
52.842,11822,-10
52.842,11823,-10
52.842,11824,-9
52.860,11825,-8
52.860,11826,-6
52.860,11827,-4
52.860,11828,-3
52.860,11829,-2
52.881,11830,0
52.882,11831,1
52.882,11832,4
52.882,11833,6
52.882,11834,8
52.882,11835,10
52.900,11836,11
52.900,11837,12
52.900,11838,13
52.900,11839,14
52.900,11840,15
52.920,11841,16
52.920,11842,18
52.920,11843,19
52.920,11844,19
52.920,11845,19
52.941,11846,18
52.941,11847,16
52.941,11848,15
52.941,11849,15
52.941,11850,15
52.962,11851,14
52.962,11852,13
52.962,11853,11
52.962,11854,9
52.962,11855,8
52.962,11856,8
52.987,11857,9
52.987,11858,11
52.987,11859,14
52.987,11860,18
52.987,11861,21
53.010,11862,24
53.010,11863,26
53.010,11864,30
53.010,11865,36
53.010,11866,43
53.034,11867,51
53.034,11868,59
53.034,11869,65
53.034,11870,70
53.034,11871,74
53.051,11872,76
53.051,11873,75
53.052,11874,72
53.052,11875,66
53.052,11876,58
53.070,11877,49
53.070,11878,40
53.070,11879,30
53.070,11880,20
53.070,11881,9
53.070,11882,0
53.095,11883,-7
53.095,11884,-14
53.095,11885,-20
53.095,11886,-25
53.120,11887,-29
53.120,11888,-33
53.120,11889,-36
53.120,11890,-39
53.129,11891,-42
53.129,11892,-44
53.129,11893,-46
53.129,11894,-47
53.149,11895,-53
53.149,11896,-55
53.149,11897,-51
53.149,11898,-26
53.169,11899,21
53.169,11900,81
53.170,11901,150
53.170,11902,210
53.192,11903,263
53.192,11904,303
53.192,11905,314
53.192,11906,293
53.213,11907,236
53.213,11908,184
53.213,11909,128
53.213,11910,102
53.243,11911,78
53.243,11912,57
53.243,11913,36
53.243,11914,17
53.243,11915,5
53.243,11916,-5
53.262,11917,-11
53.262,11918,-18
53.262,11919,-23
53.262,11920,-25
53.280,11921,-27
53.280,11922,-28
53.280,11923,-30
53.280,11924,-32
53.301,11925,-31
53.301,11926,-30
53.301,11927,-28
53.301,11928,-29
53.321,11929,-29
53.321,11930,-29
53.321,11931,-28
53.321,11932,-26
53.343,11933,-24
53.343,11934,-22
53.343,11935,-18
53.343,11936,-15
53.365,11937,-12
53.365,11938,-8
53.365,11939,-7
53.365,11940,-5
53.379,11941,-2
53.379,11942,0
53.379,11943,2
53.379,11944,4
53.379,11945,6
53.379,11946,10
53.400,11947,11
53.400,11948,13
53.400,11949,14
53.400,11950,14
53.400,11951,17
53.424,11952,18
53.424,11953,20
53.424,11954,22
53.424,11955,23
53.424,11956,25
53.443,11957,26
53.443,11958,27
53.443,11959,26
53.443,11960,25
53.443,11961,26
53.470,11962,25
53.470,11963,25
53.470,11964,24
53.470,11965,22
53.470,11966,22
53.489,11967,20
53.489,11968,19
53.489,11969,16
53.489,11970,14
53.489,11971,14
53.510,11972,12
53.510,11973,11
53.510,11974,9
53.510,11975,8
53.510,11976,9
53.510,11977,9
53.532,11978,12
53.532,11979,13
53.532,11980,13
53.533,11981,14
53.533,11982,13
53.549,11983,14
53.549,11984,15
53.549,11985,16
53.549,11986,18
53.549,11987,18
53.574,11988,20
53.574,11989,20
53.574,11990,20
53.575,11991,22
53.575,11992,21
53.591,11993,23
53.591,11994,24
53.591,11995,25
53.591,11996,27
53.591,11997,26
53.612,11998,27
53.613,11999,27
53.613,12000,26
53.613,12001,26
53.613,12002,23
53.632,12003,23
53.632,12004,21
53.632,12005,20
53.632,12006,20
53.632,12007,17
53.650,12008,17
53.650,12009,15
53.650,12010,14
53.650,12011,13
53.650,12012,11
53.683,12013,10
53.683,12014,9
53.683,12015,8
53.683,12016,7
53.683,12017,5
53.683,12018,5
53.683,12019,4
53.700,12020,4
53.700,12021,3
53.700,12022,3
53.700,12023,2
53.700,12024,2
53.700,12025,1
53.700,12026,0
53.721,12027,0
53.721,12028,0
53.721,12029,0
53.721,12030,0
53.721,12031,1
53.721,12032,3
53.750,12033,6
53.750,12034,10
53.750,12035,14
53.750,12036,18
53.750,12037,22
53.760,12038,27
53.760,12039,33
53.760,12040,41
53.760,12041,49
53.760,12042,56
53.783,12043,62
53.783,12044,67
53.783,12045,70
53.783,12046,72
53.783,12047,71
53.799,12048,69
53.799,12049,64
53.799,12050,56
53.799,12051,47
53.799,12052,37
53.820,12053,26
53.820,12054,17
53.820,12055,8
53.820,12056,0
53.820,12057,-6
53.820,12058,-13
53.845,12059,-19
53.845,12060,-24
53.845,12061,-28
53.845,12062,-32
53.859,12063,-35
53.859,12064,-38
53.859,12065,-41
53.859,12066,-43
53.879,12067,-46
53.879,12068,-49
53.879,12069,-54
53.879,12070,-61
53.912,12071,-71
53.912,12072,-80
53.912,12073,-83
53.912,12074,-70
53.932,12075,-31
53.932,12076,22
53.932,12077,89
53.932,12078,155
53.950,12079,213
53.951,12080,263
53.951,12081,235
53.951,12082,210
53.971,12083,120
53.972,12084,51
53.972,12085,2
53.972,12086,-25
53.972,12087,-41
53.991,12088,-49
53.991,12089,-55
53.991,12090,-63
53.991,12091,-70
54.013,12092,-75
54.013,12093,-79
54.013,12094,-81
54.013,12095,-80
54.031,12096,-79
54.031,12097,-77
54.031,12098,-75
54.032,12099,-74
54.052,12100,-73
54.052,12101,-70
54.052,12102,-68
54.052,12103,-65
54.070,12104,-64
54.070,12105,-62
54.070,12106,-59
54.070,12107,-56
54.089,12108,-53
54.089,12109,-50
54.089,12110,-48
54.090,12111,-43
54.114,12112,-40
54.114,12113,-35
54.114,12114,-32
54.114,12115,-30
54.145,12116,-25
54.145,12117,-22
54.145,12118,-18
54.145,12119,-16
54.160,12120,-13
54.160,12121,-11
54.160,12122,-9
54.160,12123,-7
54.181,12124,-6
54.182,12125,-5
54.182,12126,-4
54.182,12127,-4
54.182,12128,-3
54.200,12129,-2
54.200,12130,-1
54.200,12131,0
54.200,12132,0
54.200,12133,0
54.200,12134,-1
54.220,12135,-2
54.220,12136,-3
54.220,12137,-4
54.220,12138,-4
54.220,12139,-5
54.242,12140,-4
54.242,12141,-6
54.242,12142,-6
54.242,12143,-7
54.242,12144,-9
54.267,12145,-8
54.267,12146,-9
54.267,12147,-9
54.267,12148,-10
54.279,12149,-11
54.279,12150,-11
54.279,12151,-10
54.279,12152,-8
54.279,12153,-7
54.302,12154,-5
54.302,12155,-5
54.302,12156,-4
54.302,12157,-4
54.302,12158,-4
54.324,12159,-1
54.324,12160,-1
54.324,12161,0
54.324,12162,0
54.324,12163,1
54.324,12164,2
54.351,12165,2
54.351,12166,3
54.351,12167,3
54.351,12168,3
54.351,12169,4
54.351,12170,5
54.351,12171,6
54.370,12172,6
54.371,12173,6
54.371,12174,7
54.371,12175,7
54.371,12176,8
54.371,12177,9
54.391,12178,10
54.391,12179,12
54.391,12180,13
54.391,12181,14
54.391,12182,15
54.410,12183,15
54.410,12184,15
54.410,12185,12
54.410,12186,8
54.410,12187,3
54.410,12188,-2
54.430,12189,-6
54.430,12190,-11
54.430,12191,-14
54.430,12192,-17
54.450,12193,-20
54.450,12194,-21
54.450,12195,-24
54.450,12196,-25
54.472,12197,-27
54.472,12198,-29
54.472,12199,-29
54.472,12200,-31
54.492,12201,-32
54.492,12202,-33
54.492,12203,-34
54.492,12204,-35
54.510,12205,-36
54.510,12206,-36
54.510,12207,-36
54.510,12208,-34
54.530,12209,-30
54.530,12210,-26
54.530,12211,-21
54.530,12212,-16
54.552,12213,-12
54.553,12214,-4
54.553,12215,2
54.553,12216,14
54.553,12217,24
54.579,12218,33
54.579,12219,40
54.579,12220,45
54.579,12221,47
54.579,12222,48
54.599,12223,46
54.599,12224,42
54.599,12225,36
54.599,12226,29
54.599,12227,21
54.623,12228,13
54.623,12229,4
54.623,12230,-4
54.623,12231,-11
54.623,12232,-18
54.643,12233,-23
54.643,12234,-28
54.643,12235,-32
54.643,12236,-37
54.659,12237,-40
54.659,12238,-43
54.659,12239,-45
54.659,12240,-47
54.684,12241,-49
54.684,12242,-52
54.684,12243,-45
54.684,12244,-24
54.704,12245,20
54.704,12246,77
54.704,12247,145
54.704,12248,205
54.720,12249,257
54.720,12250,301
54.720,12251,319
54.720,12252,305
54.744,12253,254
54.744,12254,176
54.744,12255,89
54.744,12256,11
54.761,12257,-36
54.761,12258,-67
54.761,12259,-74
54.761,12260,-77
54.780,12261,-79
54.780,12262,-83
54.780,12263,-86
54.780,12264,-87
54.810,12265,-87
54.810,12266,-85
54.810,12267,-82
54.810,12268,-81
54.835,12269,-79
54.835,12270,-76
54.835,12271,-73
54.835,12272,-68
54.852,12273,-64
54.852,12274,-61
54.852,12275,-57
54.852,12276,-53
54.872,12277,-49
54.872,12278,-45
54.872,12279,-41
54.872,12280,-37
54.890,12281,-33
54.890,12282,-30
54.890,12283,-27
54.890,12284,-24
54.911,12285,-21
54.911,12286,-18
54.911,12287,-15
54.911,12288,-12
54.911,12289,-9
54.932,12290,-5
54.932,12291,-2
54.932,12292,0
54.932,12293,2
54.932,12294,3
54.932,12295,3
54.950,12296,4
54.950,12297,5
54.950,12298,6
54.950,12299,7
54.950,12300,8
54.950,12301,9
54.973,12302,10
54.973,12303,11
54.973,12304,11
54.973,12305,11
54.973,12306,10
54.992,12307,10
54.992,12308,9
54.992,12309,7
54.992,12310,7
54.992,12311,6
54.992,12312,4
54.992,12313,3
55.020,12314,1
55.020,12315,0
55.020,12316,-2
55.020,12317,-3
55.020,12318,-6
55.045,12319,-8
55.045,12320,-9
55.045,12321,-10
55.045,12322,-11
55.060,12323,-11
55.060,12324,-11
55.060,12325,-10
55.060,12326,-9
55.060,12327,-7
55.082,12328,-5
55.082,12329,-4
55.082,12330,-3
55.082,12331,-2
55.082,12332,-1
55.104,12333,0
55.104,12334,1
55.104,12335,2
55.104,12336,3
55.104,12337,4
55.104,12338,5
55.104,12339,7
55.119,12340,8
55.119,12341,10
55.119,12342,12
55.119,12343,14
55.119,12344,15
55.142,12345,15
55.142,12346,16
55.142,12347,16
55.142,12348,16
55.142,12349,16
55.165,12350,16
55.165,12351,15
55.165,12352,16
55.165,12353,15
55.165,12354,14
55.180,12355,14
55.180,12356,14
55.180,12357,15
55.180,12358,16
55.180,12359,16
55.202,12360,15
55.202,12361,15
55.202,12362,15
55.202,12363,15
55.202,12364,14
55.225,12365,13
55.225,12366,13
55.225,12367,13
55.225,12368,13
55.225,12369,13
55.250,12370,12
55.250,12371,11
55.250,12372,11
55.250,12373,10
55.250,12374,10
55.273,12375,10
55.273,12376,9
55.273,12377,9
55.273,12378,9
55.273,12379,9
55.273,12380,9
55.290,12381,9
55.290,12382,9
55.290,12383,9
55.290,12384,9
55.290,12385,9
55.290,12386,9
55.290,12387,9
55.310,12388,9
55.310,12389,8
55.310,12390,9
55.310,12391,9
55.310,12392,10
55.310,12393,12
55.331,12394,15
55.331,12395,19
55.331,12396,24
55.331,12397,28
55.331,12398,32
55.351,12399,36
55.351,12400,41
55.351,12401,48
55.351,12402,55
55.351,12403,63
55.370,12404,71
55.370,12405,78
55.370,12406,83
55.370,12407,87
55.370,12408,88
55.392,12409,88
55.392,12410,85
55.392,12411,79
55.392,12412,72
55.392,12413,63
55.410,12414,53
55.410,12415,44
55.410,12416,34
55.410,12417,25
55.410,12418,17
55.434,12419,10
55.434,12420,4
55.435,12421,-1
55.435,12422,-6
55.435,12423,-10
55.452,12424,-14
55.452,12425,-17
55.452,12426,-20
55.452,12427,-22
55.482,12428,-24
55.482,12429,-27
55.482,12430,-29
55.482,12431,-33
55.501,12432,-40
55.501,12433,-50
55.501,12434,-61
55.501,12435,-67
55.523,12436,-61
55.523,12437,-30
55.523,12438,18
55.523,12439,81
55.540,12440,148
55.540,12441,206
55.540,12442,257
55.540,12443,300
55.560,12444,314
55.560,12445,276
55.560,12446,230
55.560,12447,152
55.584,12448,100
55.584,12449,69
55.584,12450,47
55.584,12451,30
55.584,12452,14
55.604,12453,-1
55.604,12454,-14
55.604,12455,-23
55.604,12456,-30
55.624,12457,-35
55.624,12458,-39
55.624,12459,-41
55.624,12460,-43
55.645,12461,-43
55.645,12462,-44
55.645,12463,-45
55.645,12464,-46
55.664,12465,-46
55.664,12466,-46
55.664,12467,-45
55.664,12468,-43
55.695,12469,-42
55.695,12470,-41
55.695,12471,-40
55.695,12472,-38
55.709,12473,-37
55.709,12474,-35
55.709,12475,-33
55.709,12476,-30
55.730,12477,-27
55.730,12478,-25
55.730,12479,-23
55.730,12480,-20
55.750,12481,-18
55.750,12482,-16
55.750,12483,-14
55.750,12484,-12
55.769,12485,-11
55.769,12486,-9
55.769,12487,-8
55.769,12488,-7
55.769,12489,-7
55.790,12490,-7
55.790,12491,-7
55.790,12492,-6
55.790,12493,-5
55.790,12494,-4
55.811,12495,-4
55.811,12496,-3
55.811,12497,-2
55.811,12498,-1
55.811,12499,-2
55.830,12500,-3
55.830,12501,-4
55.830,12502,-5
55.830,12503,-6
55.830,12504,-8
55.850,12505,-10
55.850,12506,-12
55.850,12507,-14
55.850,12508,-16
55.872,12509,-17
55.872,12510,-18
55.872,12511,-18
55.872,12512,-18
55.890,12513,-19
55.890,12514,-18
55.890,12515,-18
55.890,12516,-18
55.920,12517,-17
55.920,12518,-17
55.920,12519,-16
55.920,12520,-15
55.946,12521,-13
55.946,12522,-10
55.946,12523,-8
55.946,12524,-7
55.946,12525,-6
55.959,12526,-5
55.959,12527,-4
55.959,12528,-3
55.959,12529,-1
55.959,12530,0
55.984,12531,0
55.984,12532,-1
55.984,12533,-3
55.984,12534,-4
55.984,12535,-5
56.004,12536,-5
56.004,12537,-6
56.004,12538,-6
56.004,12539,-7
56.004,12540,-8
56.020,12541,-8
56.020,12542,-9
56.020,12543,-10
56.020,12544,-10
56.040,12545,-10
56.040,12546,-10
56.040,12547,-10
56.040,12548,-11
56.061,12549,-11
56.061,12550,-11
56.061,12551,-11
56.061,12552,-12
56.079,12553,-12
56.079,12554,-13
56.079,12555,-13
56.079,12556,-13
56.100,12557,-11
56.100,12558,-11
56.100,12559,-10
56.100,12560,-11
56.131,12561,-11
56.131,12562,-12
56.131,12563,-13
56.131,12564,-13
56.153,12565,-13
56.153,12566,-12
56.153,12567,-11
56.153,12568,-10
56.153,12569,-9
56.170,12570,-9
56.170,12571,-9
56.170,12572,-8
56.170,12573,-7
56.170,12574,-7
56.195,12575,-6
56.195,12576,-5
56.195,12577,-5
56.195,12578,-4
56.195,12579,-4
56.210,12580,-3
56.210,12581,-2
56.210,12582,0
56.210,12583,3
56.210,12584,7
56.232,12585,11
56.232,12586,15
56.232,12587,19
56.232,12588,25
56.232,12589,31
56.253,12590,40
56.253,12591,49
56.253,12592,57
56.253,12593,64
56.253,12594,69
56.271,12595,72
56.271,12596,73
56.271,12597,71
56.271,12598,66
56.271,12599,60
56.290,12600,54
56.290,12601,46
56.290,12602,38
56.290,12603,28
56.290,12604,19
56.314,12605,10
56.314,12606,3
56.314,12607,-3
56.314,12608,-9
56.314,12609,-14
56.342,12610,-19
56.342,12611,-24
56.342,12612,-27
56.342,12613,-31
56.350,12614,-34
56.350,12615,-37
56.350,12616,-39
56.350,12617,-42
56.382,12618,-45
56.382,12619,-51
56.382,12620,-61
56.382,12621,-72
56.402,12622,-80
56.402,12623,-43
56.402,12624,-6
56.402,12625,71
56.402,12626,138
56.421,12627,198
56.421,12628,240
56.421,12629,248
56.421,12630,214
56.440,12631,164
56.440,12632,98
56.440,12633,56
56.440,12634,30
56.460,12635,13
56.460,12636,0
56.460,12637,-12
56.460,12638,-25
56.460,12639,-35
56.480,12640,-42
56.480,12641,-47
56.480,12642,-50
56.480,12643,-52
56.502,12644,-53
56.502,12645,-54
56.502,12646,-54
56.502,12647,-54
56.519,12648,-53
56.519,12649,-52
56.519,12650,-51
56.520,12651,-49
56.541,12652,-47
56.541,12653,-45
56.541,12654,-43
56.541,12655,-42
56.560,12656,-40
56.560,12657,-38
56.560,12658,-36
56.560,12659,-33
56.593,12660,-31
56.593,12661,-29
56.593,12662,-27
56.593,12663,-25
56.614,12664,-22
56.614,12665,-20
56.614,12666,-19
56.614,12667,-18
56.630,12668,-17
56.630,12669,-15
56.630,12670,-13
56.630,12671,-11
56.650,12672,-10
56.650,12673,-9
56.650,12674,-9
56.650,12675,-9
56.673,12676,-10
56.673,12677,-10
56.673,12678,-9
56.673,12679,-9
56.673,12680,-8
56.689,12681,-8
56.689,12682,-8
56.689,12683,-8
56.689,12684,-9
56.689,12685,-9
56.710,12686,-11
56.710,12687,-13
56.710,12688,-16
56.710,12689,-18
56.731,12690,-19
56.731,12691,-20
56.731,12692,-22
56.731,12693,-23
56.762,12694,-25
56.762,12695,-25
56.762,12696,-25
56.762,12697,-25
56.769,12698,-25
56.769,12699,-24
56.769,12700,-24
56.769,12701,-23
56.791,12702,-21
56.791,12703,-20
56.791,12704,-19
56.791,12705,-17
56.820,12706,-16
56.820,12707,-14
56.820,12708,-12
56.820,12709,-10
56.844,12710,-7
56.844,12711,-6
56.844,12712,-5
56.844,12713,-5
56.844,12714,-6
56.860,12715,-7
56.860,12716,-8
56.860,12717,-8
56.860,12718,-8
56.860,12719,-8
56.880,12720,-8
56.880,12721,-9
56.880,12722,-9
56.880,12723,-10
56.880,12724,-10
56.900,12725,-9
56.900,12726,-10
56.900,12727,-12
56.900,12728,-13
56.922,12729,-13
56.922,12730,-13
56.923,12731,-13
56.923,12732,-14
56.943,12733,-15
56.944,12734,-17
56.944,12735,-18
56.944,12736,-19
56.962,12737,-19
56.962,12738,-20
56.962,12739,-20
56.962,12740,-20
56.981,12741,-20
56.981,12742,-20
56.981,12743,-20
56.981,12744,-20
57.001,12745,-20
57.001,12746,-20
57.001,12747,-20
57.001,12748,-20
57.020,12749,-20
57.020,12750,-19
57.020,12751,-18
57.020,12752,-18
57.050,12753,-18
57.050,12754,-18
57.050,12755,-19
57.050,12756,-19
57.070,12757,-19
57.070,12758,-18
57.070,12759,-17
57.070,12760,-17
57.094,12761,-16
57.094,12762,-16
57.094,12763,-16
57.094,12764,-12
57.114,12765,-9
57.114,12766,-3
57.114,12767,2
57.114,12768,9
57.114,12769,17
57.130,12770,26
57.130,12771,35
57.130,12772,44
57.130,12773,51
57.130,12774,57
57.155,12775,62
57.155,12776,64
57.155,12777,64
57.155,12778,60
57.155,12779,54
57.171,12780,46
57.171,12781,38
57.171,12782,30
57.171,12783,22
57.171,12784,13
57.171,12785,5
57.190,12786,-1
57.190,12787,-7
57.190,12788,-12
57.190,12789,-17
57.213,12790,-21
57.213,12791,-25
57.213,12792,-28
57.213,12793,-31
57.229,12794,-33
57.229,12795,-34
57.229,12796,-35
57.229,12797,-36
57.250,12798,-40
57.250,12799,-46
57.250,12800,-56
57.250,12801,-41
57.279,12802,-10
57.279,12803,45
57.279,12804,115
57.279,12805,178
57.300,12806,232
57.300,12807,276
57.300,12808,253
57.300,12809,225
57.322,12810,137
57.323,12811,59
57.323,12812,-2
57.323,12813,-45
57.323,12814,-67
57.340,12815,-74
57.340,12816,-74
57.340,12817,-74
57.340,12818,-77
57.360,12819,-80
57.360,12820,-82
57.361,12821,-81
57.361,12822,-79
57.380,12823,-75
57.380,12824,-71
57.380,12825,-68
57.380,12826,-65
57.399,12827,-62
57.399,12828,-59
57.399,12829,-56
57.399,12830,-53
57.420,12831,-50
57.420,12832,-46
57.420,12833,-43
57.420,12834,-39
57.440,12835,-36
57.440,12836,-33
57.440,12837,-29
57.440,12838,-27
57.459,12839,-24
57.459,12840,-22
57.459,12841,-20
57.459,12842,-18
57.491,12843,-15
57.491,12844,-13
57.491,12845,-10
57.491,12846,-9
57.512,12847,-7
57.512,12848,-6
57.512,12849,-5
57.512,12850,-3
57.513,12851,-2
57.530,12852,-1
57.530,12853,0
57.530,12854,1
57.530,12855,3
57.530,12856,4
57.530,12857,6
57.552,12858,7
57.552,12859,8
57.552,12860,8
57.552,12861,9
57.552,12862,9
57.552,12863,10
57.571,12864,11
57.571,12865,11
57.571,12866,10
57.571,12867,9
57.571,12868,8
57.571,12869,7
57.591,12870,6
57.592,12871,6
57.592,12872,5
57.592,12873,4
57.592,12874,4
57.592,12875,3
57.592,12876,2
57.610,12877,2
57.610,12878,1
57.610,12879,1
57.610,12880,1
57.610,12881,0
57.610,12882,0
57.610,12883,0
57.630,12884,0
57.630,12885,0
57.630,12886,0
57.630,12887,1
57.630,12888,1
57.630,12889,2
57.660,12890,2
57.660,12891,2
57.660,12892,3
57.660,12893,3
57.660,12894,4
57.660,12895,4
57.660,12896,3
57.704,12897,3
57.704,12898,4
57.704,12899,5
57.704,12900,5
57.704,12901,5
57.704,12902,5
57.704,12903,4
57.719,12904,4
57.719,12905,4
57.719,12906,4
57.719,12907,3
57.719,12908,2
57.719,12909,1
57.729,12910,0
57.729,12911,0
57.729,12912,-1
57.729,12913,-1
57.729,12914,-2
57.729,12915,-2
57.765,12916,-3
57.765,12917,-4
57.765,12918,-4
57.765,12919,-5
57.765,12920,-6
57.780,12921,-7
57.780,12922,-8
57.780,12923,-8
57.780,12924,-8
57.780,12925,-7
57.810,12926,-7
57.810,12927,-7
57.810,12928,-7
57.810,12929,-7
57.810,12930,-7
57.820,12931,-7
57.820,12932,-8
57.820,12933,-8
57.820,12934,-7
57.820,12935,-5
57.840,12936,-4
57.840,12937,-3
57.840,12938,-3
57.840,12939,-3
57.840,12940,-4
57.860,12941,-5
57.860,12942,-6
57.860,12943,-7
57.860,12944,-7
57.860,12945,-7
57.880,12946,-7
57.880,12947,-7
57.880,12948,-7
57.880,12949,-7
57.880,12950,-6
57.910,12951,-7
57.910,12952,-7
57.910,12953,-7
57.910,12954,-7
57.910,12955,-7
57.930,12956,-7
57.930,12957,-7
57.930,12958,-7
57.930,12959,-5
57.930,12960,-4
57.953,12961,-1
57.953,12962,2
57.953,12963,7
57.953,12964,11
57.953,12965,15
57.969,12966,18
57.969,12967,23
57.969,12968,28
57.969,12969,36
57.969,12970,44
57.990,12971,52
57.990,12972,59
57.990,12973,65
57.990,12974,69
57.990,12975,71
58.015,12976,72
58.015,12977,70
58.015,12978,65
58.015,12979,59
58.015,12980,51
58.032,12981,41
58.032,12982,32
58.032,12983,23
58.032,12984,15
58.032,12985,8
58.032,12986,1
58.051,12987,-4
58.051,12988,-9
58.051,12989,-14
58.051,12990,-19
58.074,12991,-23
58.074,12992,-27
58.074,12993,-30
58.074,12994,-33
58.089,12995,-35
58.089,12996,-37
58.089,12997,-40
58.089,12998,-45
58.124,12999,-53
58.124,13000,-64
58.124,13001,-74
58.124,13002,-79
58.129,13003,-68
58.129,13004,-31
58.129,13005,21
58.129,13006,88
58.164,13007,154
58.164,13008,212
58.164,13009,262
58.164,13010,294
58.182,13011,294
58.182,13012,259
58.182,13013,190
58.182,13014,105
58.182,13015,24
58.204,13016,-20
58.204,13017,-55
58.204,13018,-59
58.204,13019,-64
58.224,13020,-69
58.225,13021,-73
58.225,13022,-75
58.225,13023,-76
58.240,13024,-76
58.240,13025,-75
58.240,13026,-73
58.240,13027,-71
58.264,13028,-69
58.264,13029,-67
58.264,13030,-65
58.264,13031,-61
58.282,13032,-59
58.282,13033,-57
58.282,13034,-54
58.282,13035,-52
58.302,13036,-49
58.302,13037,-46
58.302,13038,-44
58.302,13039,-41
58.324,13040,-39
58.324,13041,-36
58.324,13042,-33
58.324,13043,-30
58.340,13044,-28
58.340,13045,-26
58.340,13046,-24
58.340,13047,-23
58.360,13048,-18
58.360,13049,-16
58.360,13050,-10
58.360,13051,-9
58.390,13052,-8
58.390,13053,-8
58.390,13054,-9
58.390,13055,-8
58.390,13056,-8
58.410,13057,-7
58.410,13058,-7
58.410,13059,-6
58.410,13060,-5
58.410,13061,-5
58.429,13062,-5
58.429,13063,-5
58.429,13064,-5
58.429,13065,-4
58.429,13066,-4
58.451,13067,-4
58.451,13068,-5
58.451,13069,-6
58.451,13070,-7
58.451,13071,-8
58.470,13072,-9
58.470,13073,-11
58.470,13074,-12
58.470,13075,-14
58.492,13076,-15
58.492,13077,-15
58.492,13078,-15
58.492,13079,-15
58.510,13080,-15
58.510,13081,-15
58.510,13082,-15
58.510,13083,-14
58.531,13084,-13
58.531,13085,-12
58.531,13086,-11
58.531,13087,-11
58.553,13088,-10
58.554,13089,-9
58.554,13090,-8
58.554,13091,-7
58.554,13092,-6
58.570,13093,-5
58.570,13094,-5
58.570,13095,-4
58.570,13096,-4
58.570,13097,-3
58.602,13098,-3
58.602,13099,-2
58.602,13100,-2
58.602,13101,-2
58.602,13102,-1
58.623,13103,-1
58.623,13104,-2
58.623,13105,-3
58.623,13106,-3
58.623,13107,-4
58.640,13108,-4
58.640,13109,-4
58.640,13110,-4
58.640,13111,-4
58.640,13112,-4
58.660,13113,-4
58.660,13114,-3
58.660,13115,-4
58.660,13116,-4
58.660,13117,-5
58.680,13118,-5
58.680,13119,-4
58.680,13120,-4
58.680,13121,-5
58.680,13122,-6
58.701,13123,-7
58.701,13124,-7
58.701,13125,-7
58.701,13126,-7
58.701,13127,-7
58.720,13128,-7
58.720,13129,-6
58.720,13130,-6
58.720,13131,-6
58.720,13132,-6
58.741,13133,-6
58.741,13134,-6
58.741,13135,-6
58.741,13136,-6
58.741,13137,-6
58.762,13138,-6
58.762,13139,-6
58.762,13140,-5
58.762,13141,-5
58.762,13142,-5
58.780,13143,-4
58.780,13144,-3
58.780,13145,-2
58.780,13146,-2
58.780,13147,-2
58.804,13148,-2
58.804,13149,-2
58.804,13150,-1
58.804,13151,-1
58.804,13152,0
58.829,13153,2
58.829,13154,5
58.829,13155,10
58.829,13156,14
58.829,13157,19
58.829,13158,22
58.850,13159,26
58.850,13160,31
58.850,13161,38
58.850,13162,47
58.850,13163,55
58.873,13164,62
58.873,13165,68
58.873,13166,72
58.873,13167,74
58.873,13168,75
58.889,13169,74
58.889,13170,70
58.889,13171,64
58.889,13172,56
58.889,13173,47
58.909,13174,38
58.909,13175,29
58.909,13176,19
58.909,13177,11
58.909,13178,4
58.929,13179,-2
58.929,13180,-7
58.929,13181,-11
58.929,13182,-16
58.952,13183,-20
58.952,13184,-24
58.952,13185,-28
58.952,13186,-30
58.973,13187,-33
58.973,13188,-35
58.973,13189,-39
58.973,13190,-46
58.992,13191,-56
58.992,13192,-69
58.992,13193,-33
58.992,13194,-1
58.992,13195,75
59.009,13196,143
59.009,13197,202
59.009,13198,251
59.009,13199,272
59.030,13200,259
59.030,13201,207
59.030,13202,128
59.030,13203,43
59.062,13204,-29
59.062,13205,-80
59.062,13206,-110
59.083,13207,-123
59.083,13208,-125
59.083,13209,-123
59.083,13210,-120
59.100,13211,-115
59.100,13212,-109
59.100,13213,-104
59.124,13214,-98
59.124,13215,-93
59.124,13216,-88
59.124,13217,-83
59.140,13218,-78
59.140,13219,-74
59.140,13220,-68
59.140,13221,-63
59.163,13222,-58
59.163,13223,-54
59.163,13224,-50
59.163,13225,-47
59.184,13226,-44
59.184,13227,-41
59.184,13228,-39
59.184,13229,-37
59.204,13230,-35
59.204,13231,-31
59.204,13232,-28
59.204,13233,-25
59.220,13234,-23
59.220,13235,-21
59.220,13236,-19
59.220,13237,-17
59.243,13238,-14
59.243,13239,-12
59.243,13240,-11
59.243,13241,-11
59.269,13242,-10
59.269,13243,-9
59.269,13244,-8
59.269,13245,-8
59.269,13246,-6
59.293,13247,-5
59.293,13248,-5
59.293,13249,-4
59.293,13250,-3
59.293,13251,-2
59.309,13252,-2
59.309,13253,-1
59.309,13254,-2
59.309,13255,-2
59.309,13256,-3
59.333,13257,-3
59.333,13258,-4
59.333,13259,-5
59.333,13260,-6
59.333,13261,-7
59.353,13262,-8
59.353,13263,-8
59.353,13264,-7
59.353,13265,-7
59.353,13266,-7
59.369,13267,-7
59.369,13268,-7
59.369,13269,-7
59.369,13270,-7
59.369,13271,-7
59.390,13272,-7
59.390,13273,-7
59.390,13274,-6
59.390,13275,-5
59.390,13276,-3
59.412,13277,-2
59.412,13278,-1
59.412,13279,0
59.412,13280,0
59.412,13281,0
59.412,13282,1
59.430,13283,2
59.430,13284,3
59.430,13285,4
59.430,13286,4
59.430,13287,5
59.430,13288,5
59.430,13289,6
59.451,13290,5
59.451,13291,4
59.451,13292,4
59.451,13293,3
59.451,13294,3
59.451,13295,2
59.451,13296,2
59.484,13297,2
59.484,13298,1
59.484,13299,1
59.484,13300,0
59.485,13301,0
59.485,13302,0
59.500,13303,0
59.500,13304,0
59.500,13305,0
59.500,13306,0
59.500,13307,0
59.500,13308,0
59.500,13309,1
59.520,13310,0
59.520,13311,0
59.520,13312,-1
59.520,13313,-1
59.520,13314,-1
59.544,13315,-1
59.544,13316,-1
59.544,13317,-1
59.544,13318,-1
59.544,13319,-1
59.560,13320,-2
59.560,13321,-3
59.560,13322,-3
59.560,13323,-4
59.560,13324,-3
59.590,13325,-3
59.590,13326,-3
59.590,13327,-4
59.590,13328,-4
59.590,13329,-4
59.603,13330,-4
59.604,13331,-4
59.604,13332,-4
59.604,13333,-5
59.604,13334,-4
59.620,13335,-4
59.620,13336,-4
59.620,13337,-3
59.620,13338,-3
59.620,13339,-3
59.642,13340,-4
59.642,13341,-4
59.642,13342,-4
59.642,13343,-4
59.642,13344,-1
59.642,13345,1
59.664,13346,5
59.664,13347,9
59.664,13348,13
59.664,13349,17
59.664,13350,22
59.690,13351,27
59.690,13352,33
59.690,13353,42
59.690,13354,52
59.690,13355,60
59.712,13356,67
59.712,13357,72
59.712,13358,76
59.712,13359,78
59.712,13360,78
59.729,13361,75
59.729,13362,70
59.729,13363,62
59.729,13364,53
59.729,13365,43
59.749,13366,33
59.749,13367,23
59.749,13368,14
59.749,13369,7
59.749,13370,0
59.749,13371,-6
59.771,13372,-11
59.771,13373,-16
59.771,13374,-20
59.771,13375,-24
59.792,13376,-27
59.792,13377,-30
59.792,13378,-32
59.792,13379,-33
59.810,13380,-35
59.810,13381,-39
59.810,13382,-47
59.810,13383,-58
59.830,13384,-71
59.830,13385,-81
59.830,13386,-78
59.830,13387,-51
59.849,13388,-2
59.849,13389,60
59.849,13390,130
59.849,13391,191
59.873,13392,245
59.873,13393,289
59.873,13394,306
59.873,13395,287
59.904,13396,230
59.904,13397,144
59.904,13398,64
59.904,13399,-1
59.920,13400,-38
59.920,13401,-57
59.920,13402,-64
59.920,13403,-67
59.942,13404,-70
59.942,13405,-74
59.942,13406,-75
59.942,13407,-76
59.962,13408,-73
59.962,13409,-71
59.962,13410,-68
59.962,13411,-65
59.979,13412,-63
59.979,13413,-61
59.979,13414,-59
59.979,13415,-57
