Time (s),Sample #,Amplitude,BPM,Lead Off
0.053,1,13,0.0,0
0.053,2,12,0.0,0
0.053,3,11,0.0,0
0.053,4,9,0.0,0
0.053,5,7,0.0,0
0.084,6,6,0.0,0
0.084,7,5,0.0,0
0.084,8,3,0.0,0
0.084,9,2,0.0,0
0.084,10,0,0.0,1
0.084,11,-1,0.0,0
0.097,12,-2,0.0,0
0.097,13,-4,0.0,0
0.097,14,-5,0.0,0
0.097,15,-6,0.0,0
0.097,16,-7,0.0,0
0.112,17,-7,0.0,0
0.112,18,-8,0.0,0
0.112,19,-9,0.0,0
0.112,20,-9,0.0,0
0.112,21,-8,0.0,0
0.145,22,-7,0.0,0
0.145,23,-7,0.0,0
0.145,24,-7,0.0,0
0.145,25,-7,0.0,0
0.145,26,-6,0.0,0
0.158,27,-6,0.0,0
0.158,28,-6,0.0,0
0.158,29,-5,0.0,0
0.158,30,-4,0.0,0
0.158,31,-3,0.0,0
0.187,32,-2,0.0,0
0.187,33,-1,0.0,0
0.187,34,0,0.0,1
0.187,35,0,0.0,1
0.187,36,1,0.0,0
0.187,37,3,0.0,0
0.202,38,3,0.0,0
0.202,39,4,0.0,0
0.202,40,4,0.0,0
0.204,41,4,0.0,0
0.204,42,4,0.0,0
0.204,43,3,0.0,0
0.204,44,3,0.0,0
0.217,45,3,0.0,0
0.217,46,3,0.0,0
0.217,47,3,0.0,0
0.217,48,3,0.0,0
0.217,49,2,0.0,0
0.217,50,2,0.0,0
0.217,51,1,0.0,0
0.247,52,1,0.0,0
0.247,53,0,0.0,1
0.247,54,0,0.0,1
0.247,55,0,0.0,1
0.247,56,0,0.0,1
0.247,57,-1,0.0,0
0.263,58,-2,0.0,0
0.263,59,-2,0.0,0
0.263,60,-2,0.0,0
0.263,61,-3,0.0,0
0.263,62,-3,0.0,0
0.292,63,-3,0.0,0
0.292,64,-3,0.0,0
0.293,65,-3,0.0,0
0.293,66,-4,0.0,0
0.293,67,-4,0.0,0
0.307,68,-4,0.0,0
0.307,69,-4,0.0,0
0.307,70,-4,0.0,0
0.308,71,-4,0.0,0
0.308,72,-4,0.0,0
0.323,73,-4,0.0,0
0.323,74,-4,0.0,0
0.323,75,-3,0.0,0
0.323,76,-3,0.0,0
0.323,77,-3,0.0,0
0.352,78,-4,0.0,0
0.352,79,-4,0.0,0
0.352,80,-4,0.0,0
0.352,81,-4,0.0,0
0.352,82,-3,0.0,0
0.368,83,-3,0.0,0
0.368,84,-3,0.0,0
0.368,85,-2,0.0,0
0.368,86,-1,0.0,0
0.368,87,0,0.0,1
0.399,88,2,0.0,0
0.399,89,5,0.0,0
0.399,90,7,0.0,0
0.399,91,9,0.0,0
0.399,92,11,0.0,0
0.399,93,15,0.0,0
0.412,94,20,0.0,0
0.412,95,28,0.0,0
0.412,96,36,0.0,0
0.412,97,43,0.0,0
0.412,98,49,0.0,0
0.427,99,53,0.0,0
0.427,100,56,0.0,0
0.427,101,56,0.0,0
0.427,102,54,0.0,0
0.427,103,50,0.0,0
0.459,104,44,0.0,0
0.459,105,39,0.0,0
0.459,106,32,0.0,0
0.459,107,26,0.0,0
0.459,108,19,0.0,0
0.477,109,12,0.0,0
0.477,110,6,0.0,0
0.477,111,2,0.0,0
0.478,112,-1,0.0,0
0.478,113,-5,0.0,0
0.478,114,-7,0.0,0
0.502,115,-10,0.0,0
0.502,116,-13,0.0,0
0.502,117,-15,0.0,0
0.502,118,-18,0.0,0
0.517,119,-20,0.0,0
0.517,120,-21,0.0,0
0.518,121,-23,0.0,0
0.518,122,-26,0.0,0
0.537,123,-33,0.0,0
0.537,124,-45,0.0,0
0.537,125,-60,0.0,0
0.537,126,-77,0.0,0
0.562,127,-86,0.0,0
0.562,128,-77,0.0,0
0.562,129,-38,0.0,0
0.562,130,15,0.0,0
0.577,131,85,0.0,0
0.577,132,152,0.0,0
0.577,133,210,0.0,0
0.577,134,260,0.0,0
0.607,135,287,0.0,0
0.607,136,279,0.0,0
0.607,137,235,0.0,0
0.607,138,160,0.0,0
0.622,139,79,0.0,0
0.622,140,13,0.0,0
0.622,141,-30,0.0,0
0.622,142,-53,0.0,0
0.637,143,-62,0.0,0
0.637,144,-66,0.0,0
0.637,145,-69,0.0,0
0.637,146,-73,0.0,0
0.667,147,-75,0.0,0
0.667,148,-77,0.0,0
0.667,149,-75,0.0,0
0.667,150,-73,0.0,0
0.684,151,-71,0.0,0
0.684,152,-69,0.0,0
0.684,153,-68,0.0,0
0.684,154,-65,0.0,0
0.712,155,-63,0.0,0
0.712,156,-61,0.0,0
0.712,157,-59,0.0,0
0.712,158,-57,0.0,0
0.728,159,-55,0.0,0
0.728,160,-52,0.0,0
0.728,161,-48,0.0,0
0.728,162,-45,0.0,0
0.743,163,-42,0.0,0
0.743,164,-39,0.0,0
0.743,165,-37,0.0,0
0.743,166,-35,0.0,0
0.776,167,-32,0.0,0
0.776,168,-30,0.0,0
0.776,169,-28,0.0,0
0.776,170,-25,0.0,0
0.788,171,-23,0.0,0
0.788,172,-20,0.0,0
0.788,173,-17,0.0,0
0.788,174,-14,0.0,0
0.819,175,-12,0.0,0
0.819,176,-9,0.0,0
0.819,177,-8,0.0,0
0.819,178,-6,0.0,0
0.819,179,-5,0.0,0
0.834,180,-3,0.0,0
0.834,181,-2,0.0,0
0.834,182,0,0.0,1
0.834,183,0,0.0,1
0.834,184,0,0.0,1
0.834,185,0,0.0,1
0.834,186,0,0.0,1
0.862,187,0,0.0,1
0.862,188,0,0.0,1
0.862,189,0,0.0,1
0.862,190,-1,0.0,0
0.863,191,-1,0.0,0
0.878,192,-2,0.0,0
0.878,193,-3,0.0,0
0.878,194,-5,0.0,0
0.878,195,-8,0.0,0
0.878,196,-10,0.0,0
0.892,197,-12,0.0,0
0.892,198,-15,0.0,0
0.892,199,-17,0.0,0
0.892,200,-19,0.0,0
0.908,201,-21,0.0,0
0.908,202,-22,0.0,0
0.908,203,-23,0.0,0
0.908,204,-23,0.0,0
0.938,205,-25,0.0,0
0.938,206,-25,0.0,0
0.938,207,-26,0.0,0
0.938,208,-27,0.0,0
0.967,209,-25,0.0,0
0.967,210,-24,0.0,0
0.967,211,-22,0.0,0
0.967,212,-21,0.0,0
0.981,213,-21,0.0,0
0.981,214,-20,0.0,0
0.981,215,-19,0.0,0
0.981,216,-19,0.0,0
0.997,217,-17,0.0,0
0.997,218,-16,0.0,0
0.997,219,-14,0.0,0
0.997,220,-12,0.0,0
1.012,221,-12,0.0,0
1.012,222,-11,0.0,0
1.012,223,-10,0.0,0
1.012,224,-8,0.0,0
1.042,225,-6,0.0,0
1.042,226,-5,0.0,0
1.042,227,-5,0.0,0
1.042,228,-5,0.0,0
1.042,229,-5,0.0,0
1.064,230,-5,0.0,0
1.064,231,-5,0.0,0
1.064,232,-5,0.0,0
1.064,233,-4,0.0,0
1.064,234,-4,0.0,0
1.083,235,-5,0.0,0
1.083,236,-6,0.0,0
1.083,237,-6,0.0,0
1.083,238,-7,0.0,0
1.083,239,-7,0.0,0
1.102,240,-7,0.0,0
1.102,241,-6,0.0,0
1.102,242,-7,0.0,0
1.102,243,-7,0.0,0
1.102,244,-8,0.0,0
1.122,245,-8,0.0,0
1.122,246,-8,0.0,0
1.122,247,-8,0.0,0
1.122,248,-8,0.0,0
1.122,249,-8,0.0,0
1.142,250,-8,0.0,0
1.142,251,-8,0.0,0
1.142,252,-8,0.0,0
1.142,253,-8,0.0,0
1.142,254,-8,0.0,0
1.172,255,-8,0.0,0
1.172,256,-8,0.0,0
1.172,257,-8,0.0,0
1.172,258,-7,0.0,0
1.172,259,-7,0.0,0
1.185,260,-7,0.0,0
1.185,261,-7,0.0,0
1.185,262,-7,0.0,0
1.185,263,-6,0.0,0
1.185,264,-6,0.0,0
1.206,265,-5,0.0,0
1.206,266,-5,0.0,0
1.206,267,-5,0.0,0
1.206,268,-5,0.0,0
1.206,269,-5,0.0,0
1.222,270,-6,0.0,0
1.222,271,-6,0.0,0
1.222,272,-6,0.0,0
1.222,273,-5,0.0,0
1.222,274,-4,0.0,0
1.245,275,-2,0.0,0
1.245,276,-1,0.0,0
1.245,277,0,0.0,1
1.245,278,0,0.0,1
1.245,279,3,0.0,0
1.245,280,7,0.0,0
1.272,281,13,0.0,0
1.272,282,20,0.0,0
1.272,283,27,0.0,0
1.272,284,34,0.0,0
1.272,285,40,0.0,0
1.292,286,45,0.0,0
1.292,287,48,17.0,0
1.292,288,47,17.0,0
1.292,289,45,17.0,0
1.292,290,41,17.0,0
1.315,291,35,17.0,0
1.315,292,30,17.0,0
1.315,293,23,17.0,0
1.315,294,17,17.0,0
1.315,295,11,17.0,0
1.315,296,6,17.0,0
1.332,297,1,17.0,0
1.332,298,-3,17.0,0
1.332,299,-7,17.0,0
1.332,300,-10,17.0,0
1.352,301,-13,17.0,0
1.353,302,-15,17.0,0
1.353,303,-18,17.0,0
1.353,304,-20,17.0,0
1.373,305,-21,17.0,0
1.373,306,-22,17.0,0
1.373,307,-23,17.0,0
1.373,308,-25,17.0,0
1.392,309,-29,17.0,0
1.392,310,-39,17.0,0
1.392,311,-52,17.0,0
1.392,312,-71,17.0,0
1.415,313,-86,17.0,0
1.415,314,-87,17.0,0
1.415,315,-63,17.0,0
1.415,316,-13,17.0,0
1.415,317,50,17.0,0
1.432,318,121,17.0,0
1.433,319,166,17.0,0
1.433,320,173,17.0,0
1.433,321,143,17.0,0
1.452,322,80,17.0,0
1.452,323,35,17.0,0
1.452,324,-7,17.0,0
1.452,325,-16,17.0,0
1.474,326,-24,17.0,0
1.474,327,-34,17.0,0
1.474,328,-42,17.0,0
1.474,329,-48,17.0,0
1.502,330,-52,17.0,0
1.502,331,-54,17.0,0
1.502,332,-55,17.0,0
1.502,333,-56,17.0,0
1.523,334,-56,17.0,0
1.523,335,-55,17.0,0
1.523,336,-52,17.0,0
1.523,337,-50,17.0,0
1.543,338,-48,17.0,0
1.543,339,-46,17.0,0
1.543,340,-44,17.0,0
1.543,341,-42,17.0,0
1.564,342,-39,17.0,0
1.564,343,-36,17.0,0
1.564,344,-34,17.0,0
1.564,345,-32,17.0,0
1.592,346,-30,17.0,0
1.592,347,-28,17.0,0
1.592,348,-27,17.0,0
1.592,349,-24,17.0,0
1.603,350,-22,17.0,0
1.603,351,-18,17.0,0
1.604,352,-15,17.0,0
1.604,353,-12,17.0,0
1.622,354,-10,17.0,0
1.622,355,-8,17.0,0
1.622,356,-5,17.0,0
1.622,357,-3,17.0,0
1.622,358,0,17.0,1
1.622,359,1,17.0,0
1.644,360,2,17.0,0
1.644,361,4,17.0,0
1.644,362,6,17.0,0
1.644,363,8,17.0,0
1.644,364,10,17.0,0
1.644,365,12,17.0,0
1.664,366,13,17.0,0
1.664,367,14,17.0,0
1.664,368,15,17.0,0
1.664,369,16,17.0,0
1.664,370,16,17.0,0
1.683,371,16,17.0,0
1.683,372,15,17.0,0
1.683,373,14,17.0,0
1.683,374,13,17.0,0
1.683,375,13,17.0,0
1.712,376,12,17.0,0
1.712,377,10,17.0,0
1.712,378,8,17.0,0
1.712,379,6,17.0,0
1.712,380,4,17.0,0
1.712,381,3,17.0,0
1.736,382,1,17.0,0
1.736,383,-1,17.0,0
1.736,384,-4,17.0,0
1.736,385,-6,17.0,0
1.736,386,-8,17.0,0
1.752,387,-9,17.0,0
1.752,388,-11,17.0,0
1.752,389,-12,17.0,0
1.752,390,-13,17.0,0
1.773,391,-13,17.0,0
1.773,392,-14,17.0,0
1.773,393,-14,17.0,0
1.773,394,-15,17.0,0
1.795,395,-15,17.0,0
1.795,396,-14,17.0,0
1.795,397,-14,17.0,0
1.795,398,-13,17.0,0
1.812,399,-12,17.0,0
1.812,400,-11,17.0,0
1.812,401,-10,17.0,0
1.812,402,-7,17.0,0
1.833,403,-5,17.0,0
1.833,404,-2,17.0,0
1.833,405,0,17.0,1
1.833,406,1,17.0,0
1.833,407,2,17.0,0
1.833,408,3,17.0,0
1.833,409,5,17.0,0
1.852,410,6,17.0,0
1.852,411,7,17.0,0
1.852,412,6,17.0,0
1.852,413,7,17.0,0
1.852,414,7,17.0,0
1.852,415,7,17.0,0
1.872,416,8,17.0,0
1.873,417,8,17.0,0
1.873,418,8,17.0,0
1.873,419,9,17.0,0
1.873,420,8,17.0,0
1.873,421,8,17.0,0
1.873,422,7,17.0,0
1.893,423,7,17.0,0
1.893,424,7,17.0,0
1.893,425,6,17.0,0
1.893,426,6,17.0,0
1.893,427,6,17.0,0
1.893,428,6,17.0,0
1.893,429,5,17.0,0
1.913,430,5,17.0,0
1.913,431,4,17.0,0
1.913,432,3,17.0,0
1.913,433,2,17.0,0
1.913,434,2,17.0,0
1.913,435,2,17.0,0
1.943,436,2,17.0,0
1.943,437,2,17.0,0
1.943,438,2,17.0,0
1.943,439,3,17.0,0
1.943,440,3,17.0,0
1.943,441,2,17.0,0
1.943,442,2,17.0,0
1.965,443,1,17.0,0
1.965,444,2,17.0,0
1.965,445,2,17.0,0
1.965,446,2,17.0,0
1.965,447,2,17.0,0
1.965,448,1,17.0,0
1.965,449,1,17.0,0
1.993,450,0,17.0,1
1.993,451,0,17.0,1
1.993,452,0,17.0,1
1.993,453,1,17.0,0
1.993,454,1,17.0,0
1.993,455,0,17.0,1
2.013,456,0,17.0,1
2.013,457,0,17.0,1
2.013,458,0,17.0,1
2.013,459,0,17.0,1
2.013,460,0,17.0,1
2.013,461,0,17.0,1
2.013,462,0,17.0,1
2.042,463,0,17.0,1
2.042,464,0,17.0,1
2.042,465,-1,17.0,0
2.042,466,-2,17.0,0
2.042,467,-2,17.0,0
2.063,468,-2,17.0,0
2.063,469,-1,17.0,0
2.063,470,0,17.0,1
2.063,471,0,17.0,1
2.063,472,2,17.0,0
2.063,473,3,17.0,0
2.063,474,4,17.0,0
2.092,475,5,17.0,0
2.092,476,6,17.0,0
2.092,477,9,17.0,0
2.092,478,13,17.0,0
2.092,479,18,17.0,0
2.126,480,24,17.0,0
2.126,481,31,17.0,0
2.126,482,37,17.0,0
2.126,483,42,17.0,0
2.126,484,46,30.8,0
2.132,485,46,30.8,0
2.132,486,45,30.8,0
2.132,487,42,30.8,0
2.132,488,38,30.8,0
2.132,489,34,30.8,0
2.155,490,28,30.8,0
2.155,491,22,30.8,0
2.155,492,16,30.8,0
2.155,493,10,30.8,0
2.155,494,4,30.8,0
2.155,495,0,30.8,1
2.172,496,-4,30.8,0
2.172,497,-8,30.8,0
2.172,498,-12,30.8,0
2.172,499,-14,30.8,0
2.196,500,-17,30.8,0
2.197,501,-20,30.8,0
2.197,502,-22,30.8,0
2.197,503,-23,30.8,0
2.225,504,-25,30.8,0
2.225,505,-26,30.8,0
2.225,506,-28,30.8,0
2.225,507,-32,30.8,0
2.232,508,-40,30.8,0
2.232,509,-53,30.8,0
2.232,510,-69,30.8,0
2.232,511,-84,30.8,0
2.254,512,-90,30.8,0
2.254,513,-76,30.8,0
2.254,514,-31,30.8,0
2.254,515,26,30.8,0
2.254,516,99,30.8,0
2.282,517,165,30.8,0
2.282,518,222,30.8,0
2.282,519,263,30.8,0
2.282,520,273,30.8,0
2.305,521,250,30.8,0
2.305,522,195,30.8,0
2.305,523,124,30.8,0
2.305,524,55,30.8,0
2.323,525,-3,30.8,0
2.323,526,-45,30.8,0
2.323,527,-71,30.8,0
2.323,528,-84,30.8,0
2.343,529,-88,30.8,0
2.343,530,-89,30.8,0
2.343,531,-90,30.8,0
2.343,532,-92,30.8,0
2.362,533,-92,30.8,0
2.362,534,-91,30.8,0
2.362,535,-88,30.8,0
2.362,536,-85,30.8,0
2.382,537,-82,30.8,0
2.382,538,-80,30.8,0
2.382,539,-78,30.8,0
2.382,540,-76,30.8,0
2.402,541,-73,30.8,0
2.402,542,-71,30.8,0
2.402,543,-69,30.8,0
2.402,544,-67,30.8,0
2.423,545,-65,30.8,0
2.423,546,-62,30.8,0
2.423,547,-61,30.8,0
2.423,548,-58,30.8,0
2.444,549,-54,30.8,0
2.444,550,-51,30.8,0
2.444,551,-48,30.8,0
2.444,552,-46,30.8,0
2.464,553,-44,30.8,0
2.464,554,-41,30.8,0
2.464,555,-38,30.8,0
2.464,556,-35,30.8,0
2.482,557,-32,30.8,0
2.482,558,-29,30.8,0
2.482,559,-26,30.8,0
2.482,560,-22,30.8,0
2.512,561,-18,30.8,0
2.512,562,-15,30.8,0
2.512,563,-13,30.8,0
2.512,564,-10,30.8,0
2.532,565,-8,30.8,0
2.532,566,-6,30.8,0
2.532,567,-4,30.8,0
2.532,568,-3,30.8,0
2.532,569,-1,30.8,0
2.553,570,0,30.8,1
2.553,571,0,30.8,1
2.553,572,1,30.8,0
2.553,573,2,30.8,0
2.553,574,2,30.8,0
2.553,575,2,30.8,0
2.553,576,1,30.8,0
2.573,577,0,30.8,1
2.573,578,-3,30.8,0
2.573,579,-6,30.8,0
2.573,580,-8,30.8,0
2.573,581,-10,30.8,0
2.596,582,-13,30.8,0
2.596,583,-15,30.8,0
2.596,584,-18,30.8,0
2.596,585,-20,30.8,0
2.613,586,-22,30.8,0
2.613,587,-24,30.8,0
2.613,588,-25,30.8,0
2.613,589,-27,30.8,0
2.632,590,-28,30.8,0
2.632,591,-29,30.8,0
2.632,592,-30,30.8,0
2.632,593,-30,30.8,0
2.653,594,-30,30.8,0
2.653,595,-28,30.8,0
2.653,596,-27,30.8,0
2.653,597,-27,30.8,0
2.673,598,-26,30.8,0
2.673,599,-25,30.8,0
2.673,600,-23,30.8,0
2.673,601,-22,30.8,0
2.693,602,-19,30.8,0
2.693,603,-17,30.8,0
2.693,604,-13,30.8,0
2.693,605,-10,30.8,0
2.722,606,-8,30.8,0
2.722,607,-7,30.8,0
2.722,608,-5,30.8,0
2.722,609,-4,30.8,0
2.722,610,-2,30.8,0
2.742,611,-1,30.8,0
2.742,612,0,30.8,1
2.742,613,0,30.8,1
2.742,614,0,30.8,1
2.742,615,0,30.8,1
2.742,616,0,30.8,1
2.763,617,0,30.8,1
2.763,618,0,30.8,1
2.763,619,0,30.8,1
2.763,620,0,30.8,1
2.763,621,0,30.8,1
2.763,622,0,30.8,1
2.763,623,0,30.8,1
2.783,624,0,30.8,1
2.784,625,0,30.8,1
2.784,626,-1,30.8,0
2.784,627,0,30.8,1
2.784,628,0,30.8,1
2.784,629,0,30.8,1
2.803,630,0,30.8,1
2.803,631,0,30.8,1
2.803,632,1,30.8,0
2.803,633,2,30.8,0
2.803,634,3,30.8,0
2.803,635,3,30.8,0
2.803,636,3,30.8,0
2.823,637,3,30.8,0
2.823,638,4,30.8,0
2.823,639,4,30.8,0
2.823,640,4,30.8,0
2.823,641,4,30.8,0
2.823,642,5,30.8,0
2.823,643,5,30.8,0
2.843,644,6,30.8,0
2.843,645,6,30.8,0
2.843,646,5,30.8,0
2.843,647,6,30.8,0
2.843,648,6,30.8,0
2.843,649,7,30.8,0
2.872,650,7,30.8,0
2.872,651,8,30.8,0
2.872,652,8,30.8,0
2.872,653,9,30.8,0
2.872,654,9,30.8,0
2.872,655,9,30.8,0
2.872,656,8,30.8,0
2.892,657,8,30.8,0
2.892,658,8,30.8,0
2.892,659,9,30.8,0
2.892,660,9,30.8,0
2.892,661,10,30.8,0
2.892,662,11,30.8,0
2.913,663,12,30.8,0
2.913,664,13,30.8,0
2.913,665,15,30.8,0
2.913,666,16,30.8,0
2.913,667,17,30.8,0
2.932,668,18,30.8,0
2.932,669,20,30.8,0
2.932,670,23,30.8,0
2.932,671,27,30.8,0
2.932,672,32,30.8,0
2.967,673,39,30.8,0
2.967,674,46,30.8,0
2.967,675,53,40.9,0
2.967,676,58,40.9,0
2.967,677,61,40.9,0
2.982,678,62,40.9,0
2.982,679,61,40.9,0
2.982,680,59,40.9,0
2.982,681,55,40.9,0
2.982,682,51,40.9,0
3.002,683,46,40.9,0
3.002,684,40,40.9,0
3.002,685,34,40.9,0
3.002,686,27,40.9,0
3.002,687,22,40.9,0
3.023,688,17,40.9,0
3.023,689,13,40.9,0
3.023,690,9,40.9,0
3.023,691,5,40.9,0
3.023,692,2,40.9,0
3.023,693,0,40.9,1
3.042,694,-1,40.9,0
3.042,695,-3,40.9,0
3.042,696,-5,40.9,0
3.042,697,-6,40.9,0
3.042,698,-7,40.9,0
3.064,699,-9,40.9,0
3.064,700,-13,40.9,0
3.064,701,-23,40.9,0
3.064,702,-36,40.9,0
3.084,703,-53,40.9,0
3.084,704,-67,40.9,0
3.084,705,-69,40.9,0
3.084,706,-49,40.9,0
3.102,707,-2,40.9,0
3.102,708,57,40.9,0
3.102,709,128,40.9,0
3.102,710,190,40.9,0
3.123,711,244,40.9,0
3.123,712,280,40.9,0
3.123,713,286,40.9,0
3.123,714,259,40.9,0
3.142,715,203,40.9,0
3.142,716,133,40.9,0
3.142,717,66,40.9,0
3.142,718,10,40.9,0
3.142,719,-29,40.9,0
3.172,720,-55,40.9,0
3.173,721,-67,40.9,0
3.173,722,-71,40.9,0
3.173,723,-71,40.9,0
3.192,724,-72,40.9,0
3.192,725,-73,40.9,0
3.193,726,-75,40.9,0
3.193,727,-74,40.9,0
3.212,728,-72,40.9,0
3.212,729,-70,40.9,0
3.212,730,-68,40.9,0
3.212,731,-66,40.9,0
3.232,732,-63,40.9,0
3.232,733,-60,40.9,0
3.232,734,-57,40.9,0
3.232,735,-53,40.9,0
3.255,736,-49,40.9,0
3.255,737,-46,40.9,0
3.255,738,-43,40.9,0
3.255,739,-41,40.9,0
3.272,740,-38,40.9,0
3.273,741,-36,40.9,0
3.273,742,-34,40.9,0
3.273,743,-31,40.9,0
3.292,744,-29,40.9,0
3.292,745,-26,40.9,0
3.292,746,-24,40.9,0
3.293,747,-20,40.9,0
3.313,748,-17,40.9,0
3.313,749,-14,40.9,0
3.313,750,-10,40.9,0
3.313,751,-7,40.9,0
3.332,752,-5,40.9,0
3.332,753,-2,40.9,0
3.332,754,0,40.9,1
3.332,755,1,40.9,0
3.332,756,4,40.9,0
3.332,757,6,40.9,0
3.352,758,8,40.9,0
3.352,759,10,40.9,0
3.352,760,11,40.9,0
3.352,761,13,40.9,0
3.352,762,15,40.9,0
3.382,763,16,40.9,0
3.382,764,17,40.9,0
3.382,765,18,40.9,0
3.382,766,19,40.9,0
3.382,767,20,40.9,0
3.405,768,20,40.9,0
3.405,769,21,40.9,0
3.405,770,21,40.9,0
3.405,771,20,40.9,0
3.405,772,19,40.9,0
3.422,773,18,40.9,0
3.422,774,16,40.9,0
3.422,775,15,40.9,0
3.422,776,13,40.9,0
3.422,777,12,40.9,0
3.442,778,11,40.9,0
3.442,779,10,40.9,0
3.442,780,8,40.9,0
3.442,781,6,40.9,0
3.442,782,4,40.9,0
3.442,783,2,40.9,0
3.442,784,2,40.9,0
3.463,785,1,40.9,0
3.463,786,0,40.9,1
3.463,787,0,40.9,1
3.463,788,-1,40.9,0
3.463,789,-1,40.9,0
3.483,790,-1,40.9,0
3.483,791,-1,40.9,0
3.483,792,-1,40.9,0
3.483,793,-1,40.9,0
3.483,794,0,40.9,1
3.483,795,0,40.9,1
3.502,796,2,40.9,0
3.502,797,3,40.9,0
3.502,798,3,40.9,0
3.502,799,5,40.9,0
3.502,800,6,40.9,0
3.502,801,8,40.9,0
3.502,802,9,40.9,0
3.522,803,9,40.9,0
3.522,804,11,40.9,0
3.522,805,12,40.9,0
3.522,806,14,40.9,0
3.522,807,15,40.9,0
3.542,808,16,40.9,0
3.542,809,17,40.9,0
3.542,810,18,40.9,0
3.542,811,18,40.9,0
3.542,812,18,40.9,0
3.562,813,18,40.9,0
3.562,814,17,40.9,0
3.562,815,17,40.9,0
3.562,816,17,40.9,0
3.562,817,16,40.9,0
3.582,818,15,40.9,0
3.582,819,15,40.9,0
3.582,820,14,40.9,0
3.582,821,14,40.9,0
3.582,822,13,40.9,0
3.615,823,12,40.9,0
3.615,824,12,40.9,0
3.615,825,11,40.9,0
3.615,826,10,40.9,0
3.615,827,9,40.9,0
3.633,828,9,40.9,0
3.633,829,8,40.9,0
3.633,830,8,40.9,0
3.633,831,8,40.9,0
3.633,832,7,40.9,0
3.633,833,7,40.9,0
3.633,834,7,40.9,0
3.657,835,7,40.9,0
3.657,836,7,40.9,0
3.657,837,7,40.9,0
3.657,838,7,40.9,0
3.657,839,7,40.9,0
3.657,840,7,40.9,0
3.657,841,7,40.9,0
3.675,842,7,40.9,0
3.675,843,7,40.9,0
3.675,844,7,40.9,0
3.675,845,6,40.9,0
3.675,846,6,40.9,0
3.675,847,6,40.9,0
3.693,848,6,40.9,0
3.693,849,6,40.9,0
3.693,850,7,40.9,0
3.693,851,7,40.9,0
3.693,852,6,40.9,0
3.693,853,6,40.9,0
3.693,854,6,40.9,0
3.723,855,6,40.9,0
3.723,856,6,40.9,0
3.723,857,6,40.9,0
3.723,858,6,40.9,0
3.723,859,6,40.9,0
3.723,860,6,40.9,0
3.723,861,6,40.9,0
3.759,862,6,40.9,0
3.759,863,6,40.9,0
3.759,864,7,40.9,0
3.759,865,7,40.9,0
3.759,866,8,40.9,0
3.759,867,8,40.9,0
3.772,868,7,40.9,0
3.772,869,8,40.9,0
3.772,870,9,40.9,0
3.772,871,9,40.9,0
3.772,872,9,40.9,0
3.772,873,10,40.9,0
3.795,874,11,40.9,0
3.795,875,12,40.9,0
3.795,876,13,40.9,0
3.795,877,15,40.9,0
3.795,878,16,40.9,0
3.812,879,17,40.9,0
3.812,880,19,40.9,0
3.814,881,21,40.9,0
3.814,882,25,40.9,0
3.814,883,30,40.9,0
3.833,884,38,40.9,0
3.833,885,45,40.9,0
3.833,886,52,48.0,0
3.833,887,57,48.0,0
3.833,888,60,48.0,0
3.863,889,62,48.0,0
3.863,890,62,48.0,0
3.863,891,60,48.0,0
3.863,892,56,48.0,0
3.863,893,51,48.0,0
3.886,894,46,48.0,0
3.886,895,40,48.0,0
3.886,896,34,48.0,0
3.886,897,28,48.0,0
3.886,898,22,48.0,0
3.905,899,17,48.0,0
3.905,900,12,48.0,0
3.905,901,7,48.0,0
3.905,902,3,48.0,0
3.905,903,0,48.0,1
3.905,904,-3,48.0,0
3.926,905,-5,48.0,0
3.926,906,-7,48.0,0
3.926,907,-9,48.0,0
3.926,908,-11,48.0,0
3.926,909,-13,48.0,0
3.945,910,-15,48.0,0
3.945,911,-19,48.0,0
3.945,912,-28,48.0,0
3.945,913,-41,48.0,0
3.966,914,-58,48.0,0
3.966,915,-75,48.0,0
3.966,916,-83,48.0,0
3.966,917,-71,48.0,0
3.984,918,-29,48.0,0
3.984,919,26,48.0,0
3.984,920,99,48.0,0
3.984,921,164,48.0,0
4.008,922,220,48.0,0
4.008,923,270,48.0,0
4.008,924,299,48.0,0
4.008,925,292,48.0,0
4.026,926,250,48.0,0
4.026,927,174,48.0,0
4.026,928,92,48.0,0
4.026,929,25,48.0,0
4.042,930,-18,48.0,0
4.043,931,-41,48.0,0
4.043,932,-51,48.0,0
4.043,933,-56,48.0,0
4.073,934,-61,48.0,0
4.073,935,-67,48.0,0
4.073,936,-72,48.0,0
4.073,937,-76,48.0,0
4.093,938,-78,48.0,0
4.093,939,-77,48.0,0
4.093,940,-76,48.0,0
4.093,941,-75,48.0,0
4.112,942,-73,48.0,0
4.112,943,-70,48.0,0
4.112,944,-68,48.0,0
4.112,945,-66,48.0,0
4.133,946,-65,48.0,0
4.133,947,-63,48.0,0
4.133,948,-61,48.0,0
4.133,949,-58,48.0,0
4.156,950,-55,48.0,0
4.156,951,-52,48.0,0
4.156,952,-49,48.0,0
4.156,953,-47,48.0,0
4.172,954,-44,48.0,0
4.172,955,-41,48.0,0
4.172,956,-39,48.0,0
4.172,957,-36,48.0,0
4.193,958,-34,48.0,0
4.193,959,-31,48.0,0
4.193,960,-28,48.0,0
4.193,961,-26,48.0,0
4.222,962,-23,48.0,0
4.222,963,-19,48.0,0
4.222,964,-17,48.0,0
4.222,965,-14,48.0,0
4.232,966,-12,48.0,0
4.232,967,-10,48.0,0
4.232,968,-9,48.0,0
4.232,969,-7,48.0,0
4.232,970,-5,48.0,0
4.253,971,-3,48.0,0
4.253,972,-2,48.0,0
4.253,973,-1,48.0,0
4.253,974,0,48.0,1
4.253,975,0,48.0,1
4.253,976,0,48.0,1
4.273,977,0,48.0,1
4.273,978,0,48.0,1
4.273,979,0,48.0,1
4.273,980,-2,48.0,0
4.273,981,-3,48.0,0
4.273,982,-4,48.0,0
4.302,983,-6,48.0,0
4.302,984,-7,48.0,0
4.302,985,-8,48.0,0
4.302,986,-10,48.0,0
4.322,987,-11,48.0,0
4.322,988,-13,48.0,0
4.322,989,-14,48.0,0
4.322,990,-16,48.0,0
4.342,991,-17,48.0,0
4.342,992,-18,48.0,0
4.342,993,-20,48.0,0
4.342,994,-22,48.0,0
4.366,995,-23,48.0,0
4.366,996,-24,48.0,0
4.366,997,-25,48.0,0
4.366,998,-26,48.0,0
4.383,999,-26,48.0,0
4.383,1000,-27,48.0,0
4.383,1001,-27,48.0,0
4.383,1002,-26,48.0,0
4.403,1003,-24,48.0,0
4.403,1004,-23,48.0,0
4.403,1005,-21,48.0,0
4.403,1006,-20,48.0,0
4.422,1007,-19,48.0,0
4.422,1008,-18,48.0,0
4.422,1009,-16,48.0,0
4.422,1010,-15,48.0,0
4.443,1011,-13,48.0,0
4.443,1012,-13,48.0,0
4.443,1013,-11,48.0,0
4.443,1014,-10,48.0,0
4.463,1015,-9,48.0,0
4.463,1016,-8,48.0,0
4.463,1017,-8,48.0,0
4.463,1018,-7,48.0,0
4.463,1019,-7,48.0,0
4.482,1020,-7,48.0,0
4.482,1021,-7,48.0,0
4.482,1022,-7,48.0,0
4.482,1023,-6,48.0,0
4.482,1024,-6,48.0,0
4.513,1025,-6,48.0,0
4.513,1026,-7,48.0,0
4.513,1027,-7,48.0,0
4.513,1028,-7,48.0,0
4.513,1029,-7,48.0,0
4.533,1030,-7,48.0,0
4.537,1031,-8,48.0,0
4.537,1032,-8,48.0,0
4.537,1033,-8,48.0,0
4.537,1034,-7,48.0,0
4.552,1035,-7,48.0,0
4.552,1036,-7,48.0,0
4.553,1037,-8,48.0,0
4.553,1038,-8,48.0,0
4.553,1039,-7,48.0,0
4.573,1040,-7,48.0,0
4.573,1041,-7,48.0,0
4.573,1042,-7,48.0,0
4.573,1043,-6,48.0,0
4.573,1044,-6,48.0,0
4.595,1045,-6,48.0,0
4.595,1046,-5,48.0,0
4.595,1047,-4,48.0,0
4.595,1048,-3,48.0,0
4.595,1049,-3,48.0,0
4.614,1050,-4,48.0,0
4.614,1051,-4,48.0,0
4.614,1052,-4,48.0,0
4.614,1053,-3,48.0,0
4.614,1054,-3,48.0,0
4.643,1055,-3,48.0,0
4.643,1056,-3,48.0,0
4.643,1057,-3,48.0,0
4.643,1058,-2,48.0,0
4.643,1059,-2,48.0,0
4.652,1060,-2,48.0,0
4.652,1061,-1,48.0,0
4.652,1062,-1,48.0,0
4.652,1063,-1,48.0,0
4.652,1064,-1,48.0,0
4.672,1065,-1,48.0,0
4.672,1066,-1,48.0,0
4.672,1067,-1,48.0,0
4.672,1068,-1,48.0,0
4.672,1069,-1,48.0,0
4.692,1070,-1,48.0,0
4.692,1071,-2,48.0,0
4.692,1072,-2,48.0,0
4.692,1073,-2,48.0,0
4.692,1074,-1,48.0,0
4.713,1075,-2,48.0,0
4.713,1076,-2,48.0,0
4.713,1077,-2,48.0,0
4.713,1078,-2,48.0,0
4.713,1079,-2,48.0,0
4.742,1080,-1,48.0,0
4.743,1081,0,48.0,1
4.743,1082,2,48.0,0
4.743,1083,4,48.0,0
4.743,1084,5,48.0,0
4.743,1085,8,48.0,0
4.743,1086,11,48.0,0
4.763,1087,17,48.0,0
4.763,1088,23,48.0,0
4.763,1089,30,48.0,0
4.763,1090,38,48.0,0
4.764,1091,43,48.0,0
4.786,1092,48,52.1,0
4.786,1093,50,52.1,0
4.786,1094,50,52.1,0
4.786,1095,49,52.1,0
4.786,1096,46,52.1,0
4.805,1097,42,52.1,0
4.805,1098,37,52.1,0
4.805,1099,31,52.1,0
4.805,1100,25,52.1,0
4.805,1101,19,52.1,0
4.825,1102,14,52.1,0
4.825,1103,10,52.1,0
4.826,1104,5,52.1,0
4.826,1105,1,52.1,0
4.826,1106,-2,52.1,0
4.845,1107,-5,52.1,0
4.845,1108,-8,52.1,0
4.845,1109,-10,52.1,0
4.845,1110,-13,52.1,0
4.865,1111,-15,52.1,0
4.865,1112,-16,52.1,0
4.865,1113,-18,52.1,0
4.865,1114,-19,52.1,0
4.882,1115,-22,52.1,0
4.882,1116,-27,52.1,0
4.882,1117,-36,52.1,0
4.882,1118,-51,52.1,0
4.902,1119,-51,52.1,0
4.902,1120,-38,52.1,0
4.902,1121,7,52.1,0
4.902,1122,66,52.1,0
4.902,1123,135,52.1,0
4.926,1124,196,52.1,0
4.926,1125,249,52.1,0
4.926,1126,220,52.1,0
4.926,1127,197,52.1,0
4.943,1128,112,52.1,0
4.943,1129,51,52.1,0
4.943,1130,15,52.1,0
4.943,1131,-3,52.1,0
4.943,1132,-13,52.1,0
4.973,1133,-23,52.1,0
4.973,1134,-34,52.1,0
4.973,1135,-44,52.1,0
4.973,1136,-52,52.1,0
4.992,1137,-57,52.1,0
4.992,1138,-60,52.1,0
4.992,1139,-62,52.1,0
4.993,1140,-62,52.1,0
5.015,1141,-63,52.1,0
5.015,1142,-63,52.1,0
5.015,1143,-63,52.1,0
5.015,1144,-63,52.1,0
5.034,1145,-62,52.1,0
5.034,1146,-61,52.1,0
5.034,1147,-59,52.1,0
5.034,1148,-57,52.1,0
5.054,1149,-55,52.1,0
5.054,1150,-54,52.1,0
5.054,1151,-52,52.1,0
5.054,1152,-50,52.1,0
5.074,1153,-48,52.1,0
5.075,1154,-45,52.1,0
5.075,1155,-43,52.1,0
5.075,1156,-40,52.1,0
5.094,1157,-37,52.1,0
5.094,1158,-34,52.1,0
5.094,1159,-31,52.1,0
5.094,1160,-29,52.1,0
5.112,1161,-26,52.1,0
5.112,1162,-24,52.1,0
5.112,1163,-21,52.1,0
5.112,1164,-18,52.1,0
5.133,1165,-15,52.1,0
5.133,1166,-13,52.1,0
5.133,1167,-11,52.1,0
5.133,1168,-10,52.1,0
5.152,1169,-8,52.1,0
5.152,1170,-7,52.1,0
5.152,1171,-6,52.1,0
5.152,1172,-4,52.1,0
5.152,1173,-3,52.1,0
5.172,1174,-3,52.1,0
5.172,1175,-2,52.1,0
5.172,1176,-1,52.1,0
5.172,1177,-1,52.1,0
5.172,1178,-2,52.1,0
5.202,1179,-2,52.1,0
5.202,1180,-4,52.1,0
5.202,1181,-5,52.1,0
5.202,1182,-6,52.1,0
5.202,1183,-7,52.1,0
5.225,1184,-9,52.1,0
5.225,1185,-11,52.1,0
5.225,1186,-13,52.1,0
5.225,1187,-15,52.1,0
5.242,1188,-17,52.1,0
5.242,1189,-18,52.1,0
5.242,1190,-20,52.1,0
5.242,1191,-22,52.1,0
5.265,1192,-24,52.1,0
5.265,1193,-25,52.1,0
5.265,1194,-26,52.1,0
5.265,1195,-26,52.1,0
5.282,1196,-26,52.1,0
5.282,1197,-25,52.1,0
5.282,1198,-25,52.1,0
5.282,1199,-25,52.1,0
5.306,1200,-25,52.1,0
5.306,1201,-25,52.1,0
5.306,1202,-23,52.1,0
5.306,1203,-22,52.1,0
5.322,1204,-21,52.1,0
5.322,1205,-20,52.1,0
5.322,1206,-18,52.1,0
5.322,1207,-16,52.1,0
5.342,1208,-15,52.1,0
5.342,1209,-13,52.1,0
5.342,1210,-11,52.1,0
5.343,1211,-10,52.1,0
5.362,1212,-8,52.1,0
5.362,1213,-8,52.1,0
5.362,1214,-7,52.1,0
5.362,1215,-7,52.1,0
5.362,1216,-6,52.1,0
5.393,1217,-5,52.1,0
5.393,1218,-5,52.1,0
5.393,1219,-5,52.1,0
5.393,1220,-5,52.1,0
5.393,1221,-5,52.1,0
5.402,1222,-5,52.1,0
5.402,1223,-4,52.1,0
5.402,1224,-4,52.1,0
5.402,1225,-4,52.1,0
5.402,1226,-4,52.1,0
5.441,1227,-4,52.1,0
5.441,1228,-5,52.1,0
5.441,1229,-5,52.1,0
5.441,1230,-5,52.1,0
5.441,1231,-5,52.1,0
5.452,1232,-4,52.1,0
5.452,1233,-3,52.1,0
5.452,1234,-2,52.1,0
5.452,1235,-2,52.1,0
5.452,1236,-2,52.1,0
5.472,1237,-2,52.1,0
5.472,1238,-2,52.1,0
5.472,1239,-2,52.1,0
5.472,1240,-1,52.1,0
5.472,1241,-1,52.1,0
5.492,1242,0,52.1,1
5.492,1243,0,52.1,1
5.492,1244,0,52.1,1
5.492,1245,-1,52.1,0
5.492,1246,-1,52.1,0
5.492,1247,-1,52.1,0
5.512,1248,-1,52.1,0
5.512,1249,0,52.1,1
5.513,1250,0,52.1,1
5.513,1251,0,52.1,1
5.513,1252,-1,52.1,0
5.513,1253,0,52.1,1
5.532,1254,0,52.1,1
5.532,1255,0,52.1,1
5.532,1256,0,52.1,1
5.532,1257,1,52.1,0
5.532,1258,1,52.1,0
5.532,1259,1,52.1,0
5.552,1260,0,52.1,1
5.552,1261,0,52.1,1
5.552,1262,-1,52.1,0
5.552,1263,-2,52.1,0
5.552,1264,-1,52.1,0
5.552,1265,-1,52.1,0
5.572,1266,-1,52.1,0
5.572,1267,-1,52.1,0
5.572,1268,-1,52.1,0
5.572,1269,-1,52.1,0
5.572,1270,-1,52.1,0
5.602,1271,-2,52.1,0
5.602,1272,-2,52.1,0
5.602,1273,-2,52.1,0
5.602,1274,-2,52.1,0
5.602,1275,-2,52.1,0
5.613,1276,-2,52.1,0
5.613,1277,-1,52.1,0
5.613,1278,-1,52.1,0
5.613,1279,-1,52.1,0
5.613,1280,-1,52.1,0
5.644,1281,-2,52.1,0
5.644,1282,-2,52.1,0
5.644,1283,-2,52.1,0
5.644,1284,-1,52.1,0
5.644,1285,0,52.1,1
5.666,1286,0,52.1,1
5.666,1287,0,52.1,1
5.666,1288,1,52.1,0
5.666,1289,2,52.1,0
5.666,1290,3,52.1,0
5.666,1291,4,52.1,0
5.666,1292,5,52.1,0
5.682,1293,6,52.1,0
5.682,1294,9,52.1,0
5.682,1295,14,52.1,0
5.682,1296,19,52.1,0
5.682,1297,26,52.1,0
5.707,1298,32,52.1,0
5.707,1299,38,52.1,0
5.707,1300,43,52.1,0
5.707,1301,46,55.0,0
5.707,1302,48,55.0,0
5.724,1303,47,55.0,0
5.724,1304,44,55.0,0
5.724,1305,40,55.0,0
5.724,1306,34,55.0,0
5.724,1307,29,55.0,0
5.743,1308,23,55.0,0
5.743,1309,17,55.0,0
5.743,1310,12,55.0,0
5.743,1311,7,55.0,0
5.743,1312,3,55.0,0
5.743,1313,-1,55.0,0
5.764,1314,-4,55.0,0
5.764,1315,-7,55.0,0
5.764,1316,-10,55.0,0
5.764,1317,-12,55.0,0
5.785,1318,-15,55.0,0
5.785,1319,-17,55.0,0
5.785,1320,-18,55.0,0
5.785,1321,-20,55.0,0
5.804,1322,-22,55.0,0
5.804,1323,-25,55.0,0
5.804,1324,-30,55.0,0
5.804,1325,-39,55.0,0
5.822,1326,-53,55.0,0
5.822,1327,-69,55.0,0
5.822,1328,-84,55.0,0
5.822,1329,-87,55.0,0
5.845,1330,-66,55.0,0
5.845,1331,-19,55.0,0
5.845,1332,42,55.0,0
5.845,1333,115,55.0,0
5.876,1334,179,55.0,0
5.876,1335,234,55.0,0
5.876,1336,244,55.0,0
5.876,1337,234,55.0,0
5.893,1338,176,55.0,0
5.893,1339,106,55.0,0
5.893,1340,37,55.0,0
5.893,1341,-17,55.0,0
5.912,1342,-55,55.0,0
5.912,1343,-74,55.0,0
5.912,1344,-83,55.0,0
5.912,1345,-86,55.0,0
5.935,1346,-88,55.0,0
5.935,1347,-91,55.0,0
5.935,1348,-93,55.0,0
5.935,1349,-93,55.0,0
5.952,1350,-90,55.0,0
5.952,1351,-86,55.0,0
5.953,1352,-82,55.0,0
5.953,1353,-79,55.0,0
5.974,1354,-76,55.0,0
5.974,1355,-73,55.0,0
5.974,1356,-70,55.0,0
5.974,1357,-68,55.0,0
5.992,1358,-66,55.0,0
5.992,1359,-64,55.0,0
5.992,1360,-62,55.0,0
5.992,1361,-60,55.0,0
6.023,1362,-56,55.0,0
6.023,1363,-52,55.0,0
6.023,1364,-49,55.0,0
6.023,1365,-46,55.0,0
6.046,1366,-43,55.0,0
6.046,1367,-42,55.0,0
6.046,1368,-39,55.0,0
6.046,1369,-37,55.0,0
6.052,1370,-33,55.0,0
6.052,1371,-30,55.0,0
6.052,1372,-27,55.0,0
6.052,1373,-25,55.0,0
6.072,1374,-22,55.0,0
6.073,1375,-20,55.0,0
6.073,1376,-17,55.0,0
6.073,1377,-14,55.0,0
6.102,1378,-12,55.0,0
6.102,1379,-9,55.0,0
6.102,1380,-6,55.0,0
6.102,1381,-4,55.0,0
6.102,1382,-2,55.0,0
6.125,1383,-2,55.0,0
6.125,1384,-1,55.0,0
6.125,1385,0,55.0,1
6.125,1386,0,55.0,1
6.125,1387,0,55.0,1
6.125,1388,1,55.0,0
6.125,1389,1,55.0,0
6.142,1390,1,55.0,0
6.142,1391,0,55.0,1
6.142,1392,0,55.0,1
6.142,1393,-1,55.0,0
6.142,1394,-1,55.0,0
6.173,1395,-2,55.0,0
6.173,1396,-3,55.0,0
6.173,1397,-4,55.0,0
6.173,1398,-6,55.0,0
6.173,1399,-7,55.0,0
6.182,1400,-8,55.0,0
6.182,1401,-10,55.0,0
6.182,1402,-10,55.0,0
6.182,1403,-12,55.0,0
6.206,1404,-13,55.0,0
6.206,1405,-13,55.0,0
6.206,1406,-14,55.0,0
6.206,1407,-14,55.0,0
6.222,1408,-14,55.0,0
6.222,1409,-14,55.0,0
6.222,1410,-14,55.0,0
6.222,1411,-13,55.0,0
6.242,1412,-13,55.0,0
6.242,1413,-13,55.0,0
6.242,1414,-13,55.0,0
6.242,1415,-12,55.0,0
6.266,1416,-11,55.0,0
6.266,1417,-10,55.0,0
6.266,1418,-8,55.0,0
6.266,1419,-5,55.0,0
6.266,1420,-3,55.0,0
6.283,1421,-1,55.0,0
6.283,1422,0,55.0,1
6.283,1423,2,55.0,0
6.283,1424,4,55.0,0
6.283,1425,5,55.0,0
6.283,1426,7,55.0,0
6.283,1427,7,55.0,0
6.316,1428,8,55.0,0
6.316,1429,8,55.0,0
6.316,1430,8,55.0,0
6.316,1431,9,55.0,0
6.316,1432,9,55.0,0
6.316,1433,10,55.0,0
6.332,1434,10,55.0,0
6.332,1435,11,55.0,0
6.332,1436,11,55.0,0
6.332,1437,11,55.0,0
6.332,1438,10,55.0,0
6.352,1439,10,55.0,0
6.353,1440,9,55.0,0
6.353,1441,9,55.0,0
6.353,1442,9,55.0,0
6.353,1443,10,55.0,0
6.353,1444,10,55.0,0
6.373,1445,11,55.0,0
6.373,1446,10,55.0,0
6.373,1447,9,55.0,0
6.373,1448,10,55.0,0
6.373,1449,10,55.0,0
6.396,1450,11,55.0,0
6.396,1451,11,55.0,0
6.396,1452,10,55.0,0
6.396,1453,11,55.0,0
6.396,1454,11,55.0,0
6.413,1455,11,55.0,0
6.413,1456,9,55.0,0
6.413,1457,8,55.0,0
6.413,1458,9,55.0,0
6.413,1459,9,55.0,0
6.413,1460,10,55.0,0
6.433,1461,10,55.0,0
6.433,1462,9,55.0,0
6.433,1463,10,55.0,0
6.433,1464,10,55.0,0
6.433,1465,11,55.0,0
6.453,1466,11,55.0,0
6.453,1467,11,55.0,0
6.453,1468,12,55.0,0
6.453,1469,12,55.0,0
6.453,1470,13,55.0,0
6.473,1471,13,55.0,0
6.473,1472,13,55.0,0
6.473,1473,15,55.0,0
6.473,1474,15,55.0,0
6.473,1475,16,55.0,0
6.493,1476,15,55.0,0
6.493,1477,14,55.0,0
6.493,1478,15,55.0,0
6.493,1479,15,55.0,0
6.493,1480,16,55.0,0
6.515,1481,15,55.0,0
6.515,1482,15,55.0,0
6.515,1483,16,55.0,0
6.515,1484,16,55.0,0
6.515,1485,17,55.0,0
6.543,1486,16,55.0,0
6.543,1487,16,55.0,0
6.543,1488,17,55.0,0
6.543,1489,17,55.0,0
6.543,1490,18,55.0,0
6.566,1491,18,55.0,0
6.566,1492,17,55.0,0
6.566,1493,18,55.0,0
6.566,1494,19,55.0,0
6.566,1495,20,55.0,0
6.582,1496,19,55.0,0
6.583,1497,19,55.0,0
6.583,1498,19,55.0,0
6.583,1499,21,55.0,0
6.583,1500,22,55.0,0
6.603,1501,23,55.0,0
6.603,1502,24,55.0,0
6.603,1503,24,55.0,0
6.603,1504,26,55.0,0
6.603,1505,29,55.0,0
6.627,1506,34,55.0,0
6.627,1507,41,55.0,0
6.627,1508,47,57.6,0
6.627,1509,54,57.6,0
6.627,1510,58,57.6,0
6.642,1511,62,57.6,0
6.642,1512,63,57.6,0
6.642,1513,64,57.6,0
6.642,1514,62,57.6,0
6.642,1515,59,57.6,0
6.662,1516,54,57.6,0
6.663,1517,49,57.6,0
6.663,1518,43,57.6,0
6.663,1519,37,57.6,0
6.663,1520,32,57.6,0
6.687,1521,26,57.6,0
6.688,1522,21,57.6,0
6.688,1523,16,57.6,0
6.688,1524,11,57.6,0
6.688,1525,8,57.6,0
6.688,1526,4,57.6,0
6.702,1527,2,57.6,0
6.702,1528,0,57.6,1
6.702,1529,-1,57.6,0
6.702,1530,-3,57.6,0
6.702,1531,-4,57.6,0
6.725,1532,-6,57.6,0
6.725,1533,-8,57.6,0
6.725,1534,-11,57.6,0
6.725,1535,-18,57.6,0
6.745,1536,-30,57.6,0
6.745,1537,-45,57.6,0
6.745,1538,-61,57.6,0
6.745,1539,-67,57.6,0
6.772,1540,-54,57.6,0
6.772,1541,-11,57.6,0
6.772,1542,44,57.6,0
6.772,1543,115,57.6,0
6.772,1544,179,57.6,0
6.793,1545,234,57.6,0
6.793,1546,280,57.6,0
6.793,1547,299,57.6,0
6.793,1548,287,57.6,0
6.814,1549,256,57.6,0
6.814,1550,206,57.6,0
6.814,1551,165,57.6,0
6.814,1552,132,57.6,0
6.836,1553,105,57.6,0
6.836,1554,80,57.6,0
6.836,1555,57,57.6,0
6.836,1556,37,57.6,0
6.854,1557,21,57.6,0
6.854,1558,9,57.6,0
6.854,1559,0,57.6,1
6.854,1560,-8,57.6,0
6.854,1561,-15,57.6,0
6.874,1562,-22,57.6,0
6.874,1563,-26,57.6,0
6.874,1564,-30,57.6,0
6.874,1565,-33,57.6,0
6.892,1566,-35,57.6,0
6.892,1567,-37,57.6,0
6.892,1568,-38,57.6,0
6.892,1569,-39,57.6,0
6.916,1570,-39,57.6,0
6.916,1571,-39,57.6,0
6.916,1572,-39,57.6,0
6.916,1573,-38,57.6,0
6.933,1574,-37,57.6,0
6.933,1575,-37,57.6,0
6.933,1576,-36,57.6,0
6.933,1577,-34,57.6,0
6.955,1578,-32,57.6,0
6.955,1579,-29,57.6,0
6.955,1580,-28,57.6,0
6.955,1581,-26,57.6,0
6.974,1582,-22,57.6,0
6.974,1583,-20,57.6,0
6.974,1584,-17,57.6,0
6.974,1585,-15,57.6,0
7.003,1586,-14,57.6,0
7.003,1587,-10,57.6,0
7.003,1588,-8,57.6,0
7.003,1589,-5,57.6,0
7.003,1590,-4,57.6,0
7.024,1591,-3,57.6,0
7.024,1592,-2,57.6,0
7.024,1593,-2,57.6,0
7.024,1594,-2,57.6,0
7.024,1595,-1,57.6,0
7.044,1596,0,57.6,1
7.044,1597,0,57.6,1
7.044,1598,1,57.6,0
7.044,1599,1,57.6,0
7.044,1600,1,57.6,0
7.045,1601,2,57.6,0
7.045,1602,2,57.6,0
7.065,1603,2,57.6,0
7.065,1604,2,57.6,0
7.065,1605,1,57.6,0
7.065,1606,0,57.6,1
7.065,1607,0,57.6,1
7.065,1608,-2,57.6,0
7.085,1609,-3,57.6,0
7.085,1610,-5,57.6,0
7.085,1611,-6,57.6,0
7.085,1612,-8,57.6,0
7.085,1613,-9,57.6,0
7.106,1614,-10,57.6,0
7.106,1615,-11,57.6,0
7.106,1616,-12,57.6,0
7.106,1617,-13,57.6,0
7.123,1618,-13,57.6,0
7.123,1619,-13,57.6,0
7.123,1620,-13,57.6,0
7.123,1621,-13,57.6,0
7.142,1622,-13,57.6,0
7.142,1623,-13,57.6,0
7.142,1624,-12,57.6,0
7.142,1625,-11,57.6,0
7.162,1626,-10,57.6,0
7.162,1627,-9,57.6,0
7.162,1628,-7,57.6,0
7.162,1629,-6,57.6,0
7.162,1630,-3,57.6,0
7.183,1631,-1,57.6,0
7.183,1632,0,57.6,1
7.183,1633,2,57.6,0
7.183,1634,3,57.6,0
7.183,1635,5,57.6,0
7.183,1636,6,57.6,0
7.218,1637,7,57.6,0
7.218,1638,8,57.6,0
7.218,1639,9,57.6,0
7.218,1640,10,57.6,0
7.218,1641,10,57.6,0
7.218,1642,11,57.6,0
7.234,1643,11,57.6,0
7.234,1644,11,57.6,0
7.234,1645,10,57.6,0
7.234,1646,10,57.6,0
7.234,1647,9,57.6,0
7.252,1648,9,57.6,0
7.252,1649,8,57.6,0
7.252,1650,8,57.6,0
7.252,1651,7,57.6,0
7.252,1652,7,57.6,0
7.252,1653,7,57.6,0
7.252,1654,6,57.6,0
7.272,1655,5,57.6,0
7.272,1656,4,57.6,0
7.272,1657,4,57.6,0
7.272,1658,4,57.6,0
7.272,1659,3,57.6,0
7.272,1660,3,57.6,0
7.272,1661,2,57.6,0
7.292,1662,3,57.6,0
7.292,1663,3,57.6,0
7.292,1664,4,57.6,0
7.292,1665,4,57.6,0
7.292,1666,4,57.6,0
7.292,1667,3,57.6,0
7.312,1668,4,57.6,0
7.312,1669,4,57.6,0
7.312,1670,4,57.6,0
7.312,1671,3,57.6,0
7.312,1672,3,57.6,0
7.312,1673,4,57.6,0
7.312,1674,4,57.6,0
7.332,1675,4,57.6,0
7.332,1676,3,57.6,0
7.332,1677,4,57.6,0
7.332,1678,4,57.6,0
7.332,1679,4,57.6,0
7.332,1680,4,57.6,0
7.332,1681,3,57.6,0
7.363,1682,3,57.6,0
7.363,1683,3,57.6,0
7.363,1684,3,57.6,0
7.363,1685,3,57.6,0
7.363,1686,3,57.6,0
7.363,1687,3,57.6,0
7.392,1688,3,57.6,0
7.392,1689,4,57.6,0
7.392,1690,4,57.6,0
7.392,1691,4,57.6,0
7.392,1692,4,57.6,0
7.392,1693,4,57.6,0
7.392,1694,4,57.6,0
7.412,1695,4,57.6,0
7.412,1696,4,57.6,0
7.412,1697,5,57.6,0
7.412,1698,5,57.6,0
7.412,1699,5,57.6,0
7.412,1700,5,57.6,0
7.412,1701,4,57.6,0
7.450,1702,4,57.6,0
7.450,1703,4,57.6,0
7.450,1704,4,57.6,0
7.450,1705,4,57.6,0
7.450,1706,3,57.6,0
7.450,1707,3,57.6,0
7.472,1708,3,57.6,0
7.472,1709,3,57.6,0
7.472,1710,3,57.6,0
7.472,1711,3,57.6,0
7.472,1712,2,57.6,0
7.472,1713,2,57.6,0
7.472,1714,1,57.6,0
7.493,1715,1,57.6,0
7.493,1716,3,57.6,0
7.493,1717,5,57.6,0
7.493,1718,6,57.6,0
7.493,1719,8,57.6,0
7.493,1720,9,57.6,0
7.522,1721,10,57.6,0
7.522,1722,14,57.6,0
7.522,1723,20,57.6,0
7.522,1724,28,57.6,0
7.522,1725,35,57.6,0
7.543,1726,42,57.6,0
7.543,1727,47,59.5,0
7.543,1728,51,59.5,0
7.543,1729,54,59.5,0
7.543,1730,54,59.5,0
7.563,1731,52,59.5,0
7.563,1732,48,59.5,0
7.563,1733,43,59.5,0
7.563,1734,38,59.5,0
7.563,1735,32,59.5,0
7.582,1736,26,59.5,0
7.582,1737,20,59.5,0
7.582,1738,15,59.5,0
7.582,1739,9,59.5,0
7.582,1740,5,59.5,0
7.582,1741,1,59.5,0
7.603,1742,-2,59.5,0
7.603,1743,-6,59.5,0
7.603,1744,-10,59.5,0
7.603,1745,-12,59.5,0
7.622,1746,-15,59.5,0
7.622,1747,-17,59.5,0
7.622,1748,-19,59.5,0
7.622,1749,-20,59.5,0
7.645,1750,-22,59.5,0
7.645,1751,-26,59.5,0
7.645,1752,-34,59.5,0
7.645,1753,-46,59.5,0
7.665,1754,-64,59.5,0
7.665,1755,-82,59.5,0
7.665,1756,-92,59.5,0
7.665,1757,-84,59.5,0
7.685,1758,-44,59.5,0
7.685,1759,9,59.5,0
7.685,1760,81,59.5,0
7.685,1761,147,59.5,0
7.685,1762,206,59.5,0
7.712,1763,257,59.5,0
7.712,1764,292,59.5,0
7.712,1765,291,59.5,0
7.712,1766,255,59.5,0
7.736,1767,181,59.5,0
7.736,1768,95,59.5,0
7.736,1769,23,59.5,0
7.736,1770,-24,59.5,0
7.753,1771,-48,59.5,0
7.753,1772,-57,59.5,0
7.753,1773,-62,59.5,0
7.753,1774,-68,59.5,0
7.773,1775,-75,59.5,0
7.773,1776,-82,59.5,0
7.773,1777,-86,59.5,0
7.773,1778,-88,59.5,0
7.793,1779,-87,59.5,0
7.793,1780,-87,59.5,0
7.793,1781,-85,59.5,0
7.793,1782,-83,59.5,0
7.813,1783,-82,59.5,0
7.813,1784,-81,59.5,0
7.813,1785,-79,59.5,0
7.813,1786,-77,59.5,0
7.832,1787,-75,59.5,0
7.832,1788,-74,59.5,0
7.832,1789,-72,59.5,0
7.832,1790,-67,59.5,0
7.856,1791,-66,59.5,0
7.856,1792,-61,59.5,0
7.856,1793,-59,59.5,0
7.856,1794,-56,59.5,0
7.875,1795,-50,59.5,0
7.875,1796,-48,59.5,0
7.875,1797,-43,59.5,0
7.875,1798,-42,59.5,0
7.896,1799,-40,59.5,0
7.896,1800,-36,59.5,0
7.896,1801,-34,59.5,0
7.896,1802,-30,59.5,0
7.915,1803,-28,59.5,0
7.915,1804,-27,59.5,0
7.915,1805,-25,59.5,0
7.915,1806,-22,59.5,0
7.942,1807,-20,59.5,0
7.942,1808,-17,59.5,0
7.942,1809,-16,59.5,0
7.942,1810,-14,59.5,0
7.963,1811,-13,59.5,0
7.963,1812,-12,59.5,0
7.963,1813,-10,59.5,0
7.963,1814,-9,59.5,0
7.963,1815,-8,59.5,0
7.985,1816,-8,59.5,0
7.985,1817,-7,59.5,0
7.985,1818,-7,59.5,0
7.985,1819,-7,59.5,0
7.985,1820,-9,59.5,0
8.005,1821,-11,59.5,0
8.005,1822,-12,59.5,0
8.005,1823,-14,59.5,0
8.005,1824,-15,59.5,0
8.022,1825,-17,59.5,0
8.022,1826,-18,59.5,0
8.022,1827,-20,59.5,0
8.022,1828,-21,59.5,0
8.043,1829,-23,59.5,0
8.043,1830,-24,59.5,0
8.043,1831,-24,59.5,0
8.043,1832,-25,59.5,0
8.062,1833,-26,59.5,0
8.062,1834,-26,59.5,0
8.062,1835,-26,59.5,0
8.062,1836,-26,59.5,0
8.082,1837,-25,59.5,0
8.082,1838,-24,59.5,0
8.082,1839,-23,59.5,0
8.082,1840,-22,59.5,0
8.102,1841,-21,59.5,0
8.102,1842,-17,59.5,0
8.102,1843,-16,59.5,0
8.102,1844,-13,59.5,0
8.122,1845,-12,59.5,0
8.122,1846,-11,59.5,0
8.122,1847,-10,59.5,0
8.122,1848,-8,59.5,0
8.142,1849,-8,59.5,0
8.142,1850,-7,59.5,0
8.142,1851,-6,59.5,0
8.142,1852,-6,59.5,0
8.142,1853,-5,59.5,0
8.175,1854,-4,59.5,0
8.175,1855,0,59.5,1
8.175,1856,-1,59.5,0
8.175,1857,1,59.5,0
8.175,1858,0,59.5,1
8.175,1859,-1,59.5,0
8.202,1860,-3,59.5,0
8.202,1861,-4,59.5,0
8.202,1862,-5,59.5,0
8.202,1863,-5,59.5,0
8.202,1864,-6,59.5,0
8.213,1865,-6,59.5,0
8.213,1866,-7,59.5,0
8.213,1867,-7,59.5,0
8.213,1868,-8,59.5,0
8.213,1869,-8,59.5,0
8.234,1870,-5,59.5,0
8.234,1871,-5,59.5,0
8.234,1872,-3,59.5,0
8.234,1873,-4,59.5,0
8.234,1874,-4,59.5,0
8.255,1875,-5,59.5,0
8.255,1876,-5,59.5,0
8.255,1877,-5,59.5,0
8.255,1878,-5,59.5,0
8.255,1879,-5,59.5,0
8.272,1880,-3,59.5,0
8.273,1881,-4,59.5,0
8.273,1882,-2,59.5,0
8.273,1883,-3,59.5,0
8.273,1884,-4,59.5,0
8.295,1885,-1,59.5,0
8.295,1886,-1,59.5,0
8.295,1887,0,59.5,1
8.295,1888,0,59.5,1
8.295,1889,-1,59.5,0
8.295,1890,0,59.5,1
8.312,1891,0,59.5,1
8.312,1892,1,59.5,0
8.312,1893,0,59.5,1
8.312,1894,0,59.5,1
8.312,1895,2,59.5,0
8.312,1896,1,59.5,0
8.332,1897,3,59.5,0
8.332,1898,2,59.5,0
8.332,1899,1,59.5,0
8.332,1900,4,59.5,0
8.332,1901,3,59.5,0
8.333,1902,5,59.5,0
8.333,1903,3,59.5,0
8.352,1904,2,59.5,0
8.352,1905,5,59.5,0
8.352,1906,4,59.5,0
8.352,1907,5,59.5,0
8.352,1908,4,59.5,0
8.352,1909,2,59.5,0
8.352,1910,4,59.5,0
8.385,1911,3,59.5,0
8.385,1912,4,59.5,0
8.385,1913,3,59.5,0
8.385,1914,2,59.5,0
8.385,1915,4,59.5,0
8.385,1916,3,59.5,0
8.405,1917,4,59.5,0
8.405,1918,3,59.5,0
8.405,1919,2,59.5,0
8.405,1920,2,59.5,0
8.405,1921,3,59.5,0
8.405,1922,4,59.5,0
8.405,1923,6,59.5,0
8.422,1924,8,59.5,0
8.422,1925,9,59.5,0
8.422,1926,10,59.5,0
8.422,1927,12,59.5,0
8.422,1928,14,59.5,0
8.445,1929,18,59.5,0
8.445,1930,24,59.5,0
8.446,1931,30,59.5,0
8.446,1932,37,59.5,0
8.446,1933,43,59.5,0
8.463,1934,47,61.3,0
8.463,1935,49,61.3,0
8.463,1936,50,61.3,0
8.463,1937,49,61.3,0
8.463,1938,46,61.3,0
8.483,1939,42,61.3,0
8.483,1940,38,61.3,0
8.483,1941,32,61.3,0
8.483,1942,27,61.3,0
8.483,1943,21,61.3,0
8.502,1944,15,61.3,0
8.502,1945,10,61.3,0
8.502,1946,6,61.3,0
8.502,1947,1,61.3,0
8.502,1948,-1,61.3,0
8.502,1949,-5,61.3,0
8.525,1950,-8,61.3,0
8.525,1951,-11,61.3,0
8.525,1952,-13,61.3,0
8.525,1953,-15,61.3,0
8.542,1954,-17,61.3,0
8.542,1955,-18,61.3,0
8.542,1956,-20,61.3,0
8.542,1957,-22,61.3,0
8.575,1958,-27,61.3,0
8.575,1959,-35,61.3,0
8.575,1960,-50,61.3,0
8.575,1961,-68,61.3,0
8.595,1962,-86,61.3,0
8.595,1963,-92,61.3,0
8.595,1964,-75,61.3,0
8.595,1965,-28,61.3,0
8.625,1966,30,61.3,0
8.625,1967,104,61.3,0
8.625,1968,168,61.3,0
8.625,1969,225,61.3,0
8.632,1970,274,61.3,0
8.633,1971,299,61.3,0
8.633,1972,288,61.3,0
8.633,1973,239,61.3,0
8.652,1974,160,61.3,0
8.652,1975,79,61.3,0
8.652,1976,16,61.3,0
8.652,1977,-21,61.3,0
8.652,1978,-39,61.3,0
8.672,1979,-46,61.3,0
8.672,1980,-51,61.3,0
8.672,1981,-57,61.3,0
8.672,1982,-62,61.3,0
8.692,1983,-67,61.3,0
8.692,1984,-69,61.3,0
8.692,1985,-71,61.3,0
8.692,1986,-72,61.3,0
8.712,1987,-72,61.3,0
8.712,1988,-72,61.3,0
8.712,1989,-71,61.3,0
8.712,1990,-69,61.3,0
8.732,1991,-68,61.3,0
8.732,1992,-66,61.3,0
8.732,1993,-64,61.3,0
8.732,1994,-62,61.3,0
8.752,1995,-60,61.3,0
8.752,1996,-59,61.3,0
8.752,1997,-57,61.3,0
8.752,1998,-55,61.3,0
8.782,1999,-54,61.3,0
8.782,2000,-52,61.3,0
8.782,2001,-50,61.3,0
8.782,2002,-48,61.3,0
8.803,2003,-45,61.3,0
8.803,2004,-42,61.3,0
8.803,2005,-39,61.3,0
8.803,2006,-36,61.3,0
8.823,2007,-33,61.3,0
8.823,2008,-30,61.3,0
8.823,2009,-27,61.3,0
8.823,2010,-23,61.3,0
8.842,2011,-20,61.3,0
8.842,2012,-18,61.3,0
8.842,2013,-12,61.3,0
8.842,2014,-11,61.3,0
8.863,2015,-5,61.3,0
8.863,2016,-3,61.3,0
8.863,2017,-2,61.3,0
8.863,2018,-1,61.3,0
8.863,2019,-1,61.3,0
8.884,2020,0,61.3,1
8.884,2021,0,61.3,1
8.884,2022,0,61.3,1
8.884,2023,0,61.3,1
8.884,2024,0,61.3,1
8.884,2025,-1,61.3,0
8.902,2026,-2,61.3,0
8.902,2027,-3,61.3,0
8.902,2028,-3,61.3,0
8.902,2029,-5,61.3,0
8.902,2030,-6,61.3,0
8.932,2031,-7,61.3,0
8.932,2032,-8,61.3,0
8.932,2033,-10,61.3,0
8.932,2034,-12,61.3,0
8.945,2035,-14,61.3,0
8.945,2036,-15,61.3,0
8.945,2037,-17,61.3,0
8.945,2038,-18,61.3,0
8.965,2039,-20,61.3,0
8.965,2040,-21,61.3,0
8.965,2041,-21,61.3,0
8.965,2042,-21,61.3,0
8.983,2043,-21,61.3,0
8.983,2044,-22,61.3,0
8.983,2045,-21,61.3,0
8.983,2046,-21,61.3,0
9.012,2047,-20,61.3,0
9.012,2048,-19,61.3,0
9.012,2049,-18,61.3,0
9.012,2050,-16,61.3,0
9.032,2051,-15,61.3,0
9.032,2052,-13,61.3,0
9.032,2053,-12,61.3,0
9.032,2054,-11,61.3,0
9.053,2055,-10,61.3,0
9.053,2056,-9,61.3,0
9.053,2057,-8,61.3,0
9.053,2058,-6,61.3,0
9.053,2059,-4,61.3,0
9.072,2060,-3,61.3,0
9.072,2061,-1,61.3,0
9.072,2062,0,61.3,1
9.072,2063,0,61.3,1
9.072,2064,0,61.3,1
9.072,2065,0,61.3,1
9.096,2066,0,61.3,1
9.096,2067,0,61.3,1
9.096,2068,0,61.3,1
9.096,2069,0,61.3,1
9.096,2070,-1,61.3,0
9.096,2071,-1,61.3,0
9.115,2072,-1,61.3,0
9.115,2073,-1,61.3,0
9.115,2074,-1,61.3,0
9.115,2075,-1,61.3,0
9.115,2076,-1,61.3,0
9.136,2077,-2,61.3,0
9.136,2078,-2,61.3,0
9.136,2079,-3,61.3,0
9.136,2080,-3,61.3,0
9.136,2081,-3,61.3,0
9.155,2082,-3,61.3,0
9.155,2083,-3,61.3,0
9.155,2084,-3,61.3,0
9.155,2085,-4,61.3,0
9.155,2086,-4,61.3,0
9.175,2087,-5,61.3,0
9.175,2088,-5,61.3,0
9.175,2089,-5,61.3,0
9.175,2090,-6,61.3,0
9.176,2091,-6,61.3,0
9.195,2092,-5,61.3,0
9.195,2093,-5,61.3,0
9.195,2094,-5,61.3,0
9.195,2095,-5,61.3,0
9.195,2096,-5,61.3,0
9.215,2097,-5,61.3,0
9.215,2098,-5,61.3,0
9.215,2099,-5,61.3,0
9.215,2100,-5,61.3,0
9.216,2101,-6,61.3,0
9.243,2102,-6,61.3,0
9.243,2103,-7,61.3,0
9.243,2104,-8,61.3,0
9.243,2105,-8,61.3,0
9.243,2106,-8,61.3,0
9.263,2107,-7,61.3,0
9.263,2108,-7,61.3,0
9.263,2109,-7,61.3,0
9.263,2110,-7,61.3,0
9.263,2111,-7,61.3,0
9.282,2112,-7,61.3,0
9.282,2113,-7,61.3,0
9.282,2114,-7,61.3,0
9.282,2115,-7,61.3,0
9.282,2116,-7,61.3,0
9.305,2117,-8,61.3,0
9.305,2118,-8,61.3,0
9.305,2119,-5,61.3,0
9.305,2120,-5,61.3,0
9.305,2121,-3,61.3,0
9.325,2122,-4,61.3,0
9.325,2123,-4,61.3,0
9.325,2124,-1,61.3,0
9.325,2125,-2,61.3,0
9.325,2126,0,61.3,1
9.342,2127,-2,61.3,0
9.342,2128,-2,61.3,0
9.342,2129,-2,61.3,0
9.342,2130,0,61.3,1
9.343,2131,0,61.3,1
9.343,2132,2,61.3,0
9.362,2133,3,61.3,0
9.362,2134,5,61.3,0
9.362,2135,8,61.3,0
9.362,2136,12,61.3,0
9.362,2137,18,61.3,0
9.362,2138,25,61.3,0
9.383,2139,32,61.3,0
9.383,2140,37,61.3,0
9.383,2141,40,61.3,0
9.383,2142,41,61.3,0
9.383,2143,41,62.0,0
9.403,2144,39,62.0,0
9.403,2145,35,62.0,0
9.403,2146,31,62.0,0
9.403,2147,25,62.0,0
9.403,2148,19,62.0,0
9.423,2149,14,62.0,0
9.423,2150,8,62.0,0
9.423,2151,2,62.0,0
9.423,2152,-2,62.0,0
9.423,2153,-6,62.0,0
9.455,2154,-10,62.0,0
9.455,2155,-14,62.0,0
9.455,2156,-17,62.0,0
9.455,2157,-21,62.0,0
9.474,2158,-23,62.0,0
9.474,2159,-25,62.0,0
9.474,2160,-26,62.0,0
9.474,2161,-28,62.0,0
9.492,2162,-30,62.0,0
9.492,2163,-33,62.0,0
9.492,2164,-45,62.0,0
9.492,2165,-57,62.0,0
9.512,2166,-75,62.0,0
9.512,2167,-83,62.0,0
9.512,2168,-71,62.0,0
9.512,2169,-29,62.0,0
9.532,2170,26,62.0,0
9.532,2171,93,62.0,0
9.532,2172,137,62.0,0
9.532,2173,146,62.0,0
9.532,2174,121,62.0,0
9.553,2175,69,62.0,0
9.553,2176,9,62.0,0
9.553,2177,-45,62.0,0
9.553,2178,-86,62.0,0
9.572,2179,-112,62.0,0
9.572,2180,-124,62.0,0
9.572,2181,-124,62.0,0
9.592,2182,-122,62.0,0
9.592,2183,-117,62.0,0
9.592,2184,-113,62.0,0
9.592,2185,-110,62.0,0
9.615,2186,-105,62.0,0
9.615,2187,-98,62.0,0
9.615,2188,-93,62.0,0
9.615,2189,-87,62.0,0
9.635,2190,-83,62.0,0
9.635,2191,-80,62.0,0
9.635,2192,-74,62.0,0
9.635,2193,-71,62.0,0
9.653,2194,-65,62.0,0
9.653,2195,-62,62.0,0
9.653,2196,-59,62.0,0
9.653,2197,-56,62.0,0
9.682,2198,-52,62.0,0
9.682,2199,-48,62.0,0
9.682,2200,-44,62.0,0
9.682,2201,-40,62.0,0
9.705,2202,-36,62.0,0
9.706,2203,-32,62.0,0
9.706,2204,-29,62.0,0
9.706,2205,-26,62.0,0
9.723,2206,-24,62.0,0
9.723,2207,-21,62.0,0
9.723,2208,-18,62.0,0
9.723,2209,-14,62.0,0
9.745,2210,-11,62.0,0
9.745,2211,-8,62.0,0
9.745,2212,-5,62.0,0
9.745,2213,-2,62.0,0
9.745,2214,0,62.0,1
9.776,2215,2,62.0,0
9.776,2216,5,62.0,0
9.776,2217,7,62.0,0
9.776,2218,9,62.0,0
9.776,2219,10,62.0,0
9.776,2220,11,62.0,0
9.783,2221,12,62.0,0
9.783,2222,13,62.0,0
9.783,2223,13,62.0,0
9.783,2224,12,62.0,0
9.783,2225,13,62.0,0
9.803,2226,12,62.0,0
9.803,2227,12,62.0,0
9.803,2228,11,62.0,0
9.803,2229,9,62.0,0
9.803,2230,8,62.0,0
9.823,2231,6,62.0,0
9.823,2232,5,62.0,0
9.823,2233,7,62.0,0
9.823,2234,5,62.0,0
9.823,2235,5,62.0,0
9.823,2236,2,62.0,0
9.823,2237,-1,62.0,0
9.842,2238,-3,62.0,0
9.842,2239,-5,62.0,0
9.842,2240,-6,62.0,0
9.843,2241,-7,62.0,0
9.843,2242,-8,62.0,0
9.864,2243,-8,62.0,0
9.864,2244,-9,62.0,0
9.864,2245,-9,62.0,0
9.864,2246,-10,62.0,0
9.882,2247,-10,62.0,0
9.882,2248,-10,62.0,0
9.882,2249,-10,62.0,0
9.882,2250,-9,62.0,0
9.882,2251,-8,62.0,0
9.913,2252,-7,62.0,0
9.913,2253,-6,62.0,0
9.913,2254,-5,62.0,0
9.913,2255,-3,62.0,0
9.913,2256,-2,62.0,0
9.934,2257,-1,62.0,0
9.934,2258,0,62.0,1
9.934,2259,0,62.0,1
9.934,2260,2,62.0,0
9.934,2261,4,62.0,0
9.934,2262,5,62.0,0
9.953,2263,6,62.0,0
9.953,2264,6,62.0,0
9.953,2265,6,62.0,0
9.953,2266,7,62.0,0
9.953,2267,8,62.0,0
9.953,2268,11,62.0,0
9.972,2269,11,62.0,0
9.972,2270,14,62.0,0
9.973,2271,14,62.0,0
9.973,2272,14,62.0,0
9.973,2273,16,62.0,0
9.993,2274,14,62.0,0
9.993,2275,15,62.0,0
9.993,2276,14,62.0,0
9.993,2277,12,62.0,0
9.993,2278,14,62.0,0
10.012,2279,12,62.0,0
10.013,2280,14,62.0,0
10.013,2281,13,62.0,0
10.013,2282,13,62.0,0
10.013,2283,15,62.0,0
10.032,2284,14,62.0,0
10.032,2285,16,62.0,0
10.032,2286,15,62.0,0
10.032,2287,13,62.0,0
10.032,2288,15,62.0,0
10.055,2289,13,62.0,0
10.056,2290,15,62.0,0
10.056,2291,14,62.0,0
10.056,2292,14,62.0,0
10.056,2293,16,62.0,0
10.082,2294,14,62.0,0
10.082,2295,16,62.0,0
10.082,2296,14,62.0,0
10.082,2297,13,62.0,0
10.082,2298,15,62.0,0
10.092,2299,15,62.0,0
10.092,2300,17,62.0,0
10.092,2301,17,62.0,0
10.092,2302,16,62.0,0
10.092,2303,18,62.0,0
10.115,2304,17,62.0,0
10.115,2305,18,62.0,0
10.115,2306,18,62.0,0
10.115,2307,17,62.0,0
10.115,2308,17,62.0,0
10.142,2309,17,62.0,0
10.142,2310,17,62.0,0
10.142,2311,18,62.0,0
10.142,2312,17,62.0,0
10.142,2313,19,62.0,0
10.162,2314,18,62.0,0
10.162,2315,20,62.0,0
10.162,2316,19,62.0,0
10.162,2317,18,62.0,0
10.162,2318,20,62.0,0
10.183,2319,19,62.0,0
10.183,2320,22,62.0,0
10.183,2321,22,62.0,0
10.183,2322,23,62.0,0
10.183,2323,24,62.0,0
10.202,2324,25,62.0,0
10.202,2325,27,62.0,0
10.202,2326,29,62.0,0
10.202,2327,31,62.0,0
10.202,2328,35,62.0,0
10.224,2329,39,62.0,0
10.224,2330,47,62.0,0
10.225,2331,54,64.3,0
10.225,2332,60,64.3,0
10.225,2333,65,64.3,0
10.243,2334,67,64.3,0
10.243,2335,68,64.3,0
10.243,2336,67,64.3,0
10.243,2337,64,64.3,0
10.243,2338,60,64.3,0
10.262,2339,54,64.3,0
10.262,2340,48,64.3,0
10.262,2341,41,64.3,0
10.263,2342,35,64.3,0
10.263,2343,29,64.3,0
10.283,2344,23,64.3,0
10.283,2345,19,64.3,0
10.283,2346,15,64.3,0
10.283,2347,12,64.3,0
10.283,2348,8,64.3,0
10.283,2349,5,64.3,0
10.302,2350,3,64.3,0
10.302,2351,1,64.3,0
10.302,2352,0,64.3,1
10.302,2353,-2,64.3,0
10.302,2354,-3,64.3,0
10.323,2355,-5,64.3,0
10.323,2356,-8,64.3,0
10.323,2357,-15,64.3,0
10.323,2358,-27,64.3,0
10.323,2359,-43,64.3,0
10.342,2360,-59,64.3,0
10.342,2361,-68,64.3,0
10.342,2362,-59,64.3,0
10.342,2363,-22,64.3,0
10.373,2364,29,64.3,0
10.373,2365,98,64.3,0
10.373,2366,164,64.3,0
10.373,2367,221,64.3,0
10.392,2368,271,64.3,0
10.392,2369,295,64.3,0
10.392,2370,291,64.3,0
10.392,2371,264,64.3,0
10.415,2372,219,64.3,0
10.415,2373,177,64.3,0
10.415,2374,145,64.3,0
10.415,2375,118,64.3,0
10.432,2376,93,64.3,0
10.432,2377,71,64.3,0
10.432,2378,51,64.3,0
10.432,2379,35,64.3,0
10.432,2380,23,64.3,0
10.454,2381,12,64.3,0
10.454,2382,4,64.3,0
10.454,2383,-1,64.3,0
10.454,2384,-6,64.3,0
10.454,2385,-10,64.3,0
10.472,2386,-14,64.3,0
10.472,2387,-15,64.3,0
10.472,2388,-18,64.3,0
10.472,2389,-18,64.3,0
10.495,2390,-20,64.3,0
10.495,2391,-22,64.3,0
10.495,2392,-20,64.3,0
10.495,2393,-21,64.3,0
10.515,2394,-20,64.3,0
10.515,2395,-20,64.3,0
10.515,2396,-20,64.3,0
10.515,2397,-20,64.3,0
10.536,2398,-20,64.3,0
10.536,2399,-18,64.3,0
10.536,2400,-16,64.3,0
10.536,2401,-14,64.3,0
10.552,2402,-11,64.3,0
10.552,2403,-9,64.3,0
10.552,2404,-7,64.3,0
10.552,2405,-5,64.3,0
10.552,2406,-3,64.3,0
10.572,2407,-1,64.3,0
10.572,2408,0,64.3,1
10.572,2409,3,64.3,0
10.572,2410,5,64.3,0
10.572,2411,7,64.3,0
10.572,2412,8,64.3,0
10.602,2413,10,64.3,0
10.602,2414,12,64.3,0
10.602,2415,13,64.3,0
10.602,2416,14,64.3,0
10.602,2417,15,64.3,0
10.628,2418,15,64.3,0
10.628,2419,16,64.3,0
10.628,2420,16,64.3,0
10.628,2421,16,64.3,0
10.628,2422,15,64.3,0
10.645,2423,15,64.3,0
10.645,2424,14,64.3,0
10.645,2425,14,64.3,0
10.645,2426,13,64.3,0
10.645,2427,13,64.3,0
10.662,2428,13,64.3,0
10.662,2429,13,64.3,0
10.662,2430,11,64.3,0
10.662,2431,10,64.3,0
10.662,2432,8,64.3,0
10.662,2433,7,64.3,0
10.685,2434,5,64.3,0
10.685,2435,4,64.3,0
10.685,2436,2,64.3,0
10.685,2437,0,64.3,1
10.685,2438,-1,64.3,0
10.685,2439,-2,64.3,0
10.717,2440,-3,64.3,0
10.717,2441,-4,64.3,0
10.717,2442,-5,64.3,0
10.717,2443,-6,64.3,0
10.717,2444,-7,64.3,0
10.724,2445,-7,64.3,0
10.724,2446,-7,64.3,0
10.724,2447,-7,64.3,0
10.724,2448,-7,64.3,0
10.724,2449,-6,64.3,0
10.742,2450,-5,64.3,0
10.742,2451,-4,64.3,0
10.742,2452,-4,64.3,0
10.742,2453,-3,64.3,0
10.742,2454,-1,64.3,0
10.765,2455,0,64.3,1
10.765,2456,1,64.3,0
10.765,2457,2,64.3,0
10.765,2458,3,64.3,0
10.765,2459,4,64.3,0
10.765,2460,4,64.3,0
10.782,2461,4,64.3,0
10.782,2462,5,64.3,0
10.782,2463,6,64.3,0
10.782,2464,7,64.3,0
10.782,2465,8,64.3,0
10.782,2466,8,64.3,0
10.782,2467,8,64.3,0
10.815,2468,8,64.3,0
10.815,2469,9,64.3,0
10.815,2470,9,64.3,0
10.816,2471,8,64.3,0
10.816,2472,8,64.3,0
10.816,2473,7,64.3,0
10.816,2474,7,64.3,0
10.835,2475,7,64.3,0
10.835,2476,7,64.3,0
10.835,2477,7,64.3,0
10.835,2478,7,64.3,0
10.835,2479,7,64.3,0
10.835,2480,7,64.3,0
10.852,2481,7,64.3,0
10.852,2482,7,64.3,0
10.852,2483,6,64.3,0
10.852,2484,6,64.3,0
10.852,2485,5,64.3,0
10.852,2486,5,64.3,0
10.852,2487,4,64.3,0
10.873,2488,4,64.3,0
10.873,2489,4,64.3,0
10.873,2490,4,64.3,0
10.873,2491,3,64.3,0
10.873,2492,3,64.3,0
10.873,2493,3,64.3,0
10.873,2494,3,64.3,0
10.903,2495,2,64.3,0
10.903,2496,2,64.3,0
10.903,2497,2,64.3,0
10.903,2498,2,64.3,0
10.903,2499,2,64.3,0
10.903,2500,2,64.3,0
10.932,2501,1,64.3,0
10.932,2502,1,64.3,0
10.933,2503,1,64.3,0
10.933,2504,2,64.3,0
10.933,2505,1,64.3,0
10.933,2506,0,64.3,1
10.933,2507,0,64.3,1
10.952,2508,0,64.3,1
10.952,2509,0,64.3,1
10.952,2510,0,64.3,1
10.952,2511,0,64.3,1
10.952,2512,0,64.3,1
10.952,2513,0,64.3,1
10.952,2514,0,64.3,1
10.982,2515,0,64.3,1
10.982,2516,2,64.3,0
10.982,2517,4,64.3,0
10.982,2518,6,64.3,0
10.982,2519,7,64.3,0
10.982,2520,9,64.3,0
11.005,2521,10,64.3,0
11.005,2522,13,64.3,0
11.005,2523,18,64.3,0
11.005,2524,24,64.3,0
11.005,2525,31,64.3,0
11.028,2526,38,64.3,0
11.028,2527,44,64.3,0
11.028,2528,49,66.9,0
11.028,2529,52,66.9,0
11.028,2530,53,66.9,0
11.042,2531,52,66.9,0
11.042,2532,49,66.9,0
11.042,2533,45,66.9,0
11.042,2534,40,66.9,0
11.042,2535,34,66.9,0
11.063,2536,27,66.9,0
11.063,2537,20,66.9,0
11.063,2538,13,66.9,0
11.063,2539,8,66.9,0
11.063,2540,2,66.9,0
11.063,2541,-2,66.9,0
11.097,2542,-6,66.9,0
11.098,2543,-10,66.9,0
11.098,2544,-13,66.9,0
11.098,2545,-16,66.9,0
11.112,2546,-19,66.9,0
11.112,2547,-22,66.9,0
11.112,2548,-24,66.9,0
11.112,2549,-26,66.9,0
11.133,2550,-28,66.9,0
11.133,2551,-30,66.9,0
11.133,2552,-33,66.9,0
11.133,2553,-41,66.9,0
11.152,2554,-53,66.9,0
11.152,2555,-70,66.9,0
11.152,2556,-88,66.9,0
11.152,2557,-97,66.9,0
11.174,2558,-86,66.9,0
11.174,2559,-44,66.9,0
11.174,2560,10,66.9,0
11.174,2561,83,66.9,0
11.193,2562,149,66.9,0
11.193,2563,207,66.9,0
11.193,2564,257,66.9,0
11.193,2565,291,66.9,0
11.213,2566,288,66.9,0
11.213,2567,250,66.9,0
11.213,2568,176,66.9,0
11.213,2569,90,66.9,0
11.213,2570,18,66.9,0
11.232,2571,-27,66.9,0
11.232,2572,-50,66.9,0
11.232,2573,-59,66.9,0
11.232,2574,-63,66.9,0
11.256,2575,-68,66.9,0
11.256,2576,-74,66.9,0
11.256,2577,-78,66.9,0
11.256,2578,-82,66.9,0
11.273,2579,-82,66.9,0
11.273,2580,-82,66.9,0
11.273,2581,-81,66.9,0
11.273,2582,-80,66.9,0
11.293,2583,-79,66.9,0
11.293,2584,-77,66.9,0
11.293,2585,-76,66.9,0
11.293,2586,-73,66.9,0
11.332,2587,-70,66.9,0
11.332,2588,-67,66.9,0
11.332,2589,-63,66.9,0
11.332,2590,-62,66.9,0
11.342,2591,-58,66.9,0
11.342,2592,-56,66.9,0
11.342,2593,-53,66.9,0
11.342,2594,-50,66.9,0
11.363,2595,-48,66.9,0
11.363,2596,-45,66.9,0
11.363,2597,-43,66.9,0
11.363,2598,-40,66.9,0
11.382,2599,-37,66.9,0
11.382,2600,-34,66.9,0
11.382,2601,-30,66.9,0
11.382,2602,-27,66.9,0
11.403,2603,-24,66.9,0
11.403,2604,-21,66.9,0
11.403,2605,-19,66.9,0
11.403,2606,-16,66.9,0
11.422,2607,-14,66.9,0
11.422,2608,-11,66.9,0
11.422,2609,-9,66.9,0
11.422,2610,-6,66.9,0
11.442,2611,-4,66.9,0
11.442,2612,-2,66.9,0
11.442,2613,-1,66.9,0
11.442,2614,0,66.9,1
11.442,2615,1,66.9,0
11.442,2616,1,66.9,0
11.463,2617,3,66.9,0
11.463,2618,3,66.9,0
11.463,2619,2,66.9,0
11.463,2620,3,66.9,0
11.463,2621,1,66.9,0
11.463,2622,2,66.9,0
11.463,2623,0,66.9,1
11.484,2624,-2,66.9,0
11.484,2625,-3,66.9,0
11.484,2626,-5,66.9,0
11.484,2627,-6,66.9,0
11.484,2628,-8,66.9,0
11.502,2629,-11,66.9,0
11.502,2630,-11,66.9,0
11.502,2631,-14,66.9,0
11.502,2632,-14,66.9,0
11.525,2633,-16,66.9,0
11.525,2634,-19,66.9,0
11.525,2635,-19,66.9,0
11.525,2636,-21,66.9,0
11.556,2637,-20,66.9,0
11.556,2638,-21,66.9,0
11.556,2639,-23,66.9,0
11.556,2640,-22,66.9,0
11.572,2641,-23,66.9,0
11.572,2642,-20,66.9,0
11.572,2643,-17,66.9,0
11.572,2644,-16,66.9,0
11.592,2645,-14,66.9,0
11.592,2646,-14,66.9,0
11.592,2647,-13,66.9,0
11.592,2648,-11,66.9,0
11.612,2649,-10,66.9,0
11.612,2650,-7,66.9,0
11.612,2651,-7,66.9,0
11.612,2652,-7,66.9,0
11.650,2653,-5,66.9,0
11.650,2654,-5,66.9,0
11.650,2655,-3,66.9,0
11.650,2656,-4,66.9,0
11.650,2657,-3,66.9,0
11.656,2658,-4,66.9,0
11.656,2659,-4,66.9,0
11.656,2660,-4,66.9,0
11.656,2661,-4,66.9,0
11.656,2662,-5,66.9,0
11.674,2663,-5,66.9,0
11.674,2664,-5,66.9,0
11.674,2665,-5,66.9,0
11.674,2666,-5,66.9,0
11.674,2667,-6,66.9,0
11.697,2668,-7,66.9,0
11.697,2669,-7,66.9,0
11.697,2670,-7,66.9,0
11.697,2671,-6,66.9,0
11.697,2672,-7,66.9,0
11.715,2673,-7,66.9,0
11.715,2674,-8,66.9,0
11.715,2675,-9,66.9,0
11.715,2676,-9,66.9,0
11.715,2677,-10,66.9,0
11.732,2678,-10,66.9,0
11.732,2679,-10,66.9,0
11.732,2680,-10,66.9,0
11.732,2681,-10,66.9,0
11.766,2682,-10,66.9,0
11.766,2683,-10,66.9,0
11.766,2684,-10,66.9,0
11.766,2685,-10,66.9,0
11.784,2686,-9,66.9,0
11.784,2687,-9,66.9,0
11.785,2688,-10,66.9,0
11.785,2689,-7,66.9,0
11.785,2690,-7,66.9,0
11.806,2691,-5,66.9,0
11.806,2692,-6,66.9,0
11.806,2693,-6,66.9,0
11.806,2694,-4,66.9,0
11.806,2695,-4,66.9,0
11.825,2696,-2,66.9,0
11.825,2697,-3,66.9,0
11.825,2698,-4,66.9,0
11.825,2699,-2,66.9,0
11.825,2700,-3,66.9,0
11.842,2701,-1,66.9,0
11.842,2702,-1,66.9,0
11.842,2703,0,66.9,1
11.842,2704,2,66.9,0
11.842,2705,2,66.9,0
11.842,2706,5,66.9,0
11.862,2707,6,66.9,0
11.862,2708,6,66.9,0
11.862,2709,10,66.9,0
11.862,2710,13,66.9,0
11.863,2711,20,66.9,0
11.882,2712,26,66.9,0
11.882,2713,32,66.9,0
11.882,2714,40,66.9,0
11.882,2715,44,66.9,0
11.882,2716,48,67.7,0
11.903,2717,48,67.7,0
11.903,2718,46,67.7,0
11.903,2719,43,67.7,0
11.903,2720,38,67.7,0
11.903,2721,33,67.7,0
11.922,2722,26,67.7,0
11.922,2723,19,67.7,0
11.922,2724,13,67.7,0
11.922,2725,6,67.7,0
11.923,2726,2,67.7,0
11.923,2727,-3,67.7,0
11.943,2728,-9,67.7,0
11.943,2729,-12,67.7,0
11.943,2730,-17,67.7,0
11.943,2731,-20,67.7,0
11.963,2732,-24,67.7,0
11.963,2733,-27,67.7,0
11.963,2734,-28,67.7,0
11.963,2735,-31,67.7,0
11.994,2736,-31,67.7,0
11.994,2737,-33,67.7,0
11.994,2738,-36,67.7,0
11.994,2739,-47,67.7,0
12.012,2740,-61,67.7,0
12.012,2741,-80,67.7,0
12.012,2742,-92,67.7,0
12.012,2743,-86,67.7,0
12.032,2744,-50,67.7,0
12.032,2745,3,67.7,0
12.032,2746,74,67.7,0
12.032,2747,142,67.7,0
12.032,2748,201,67.7,0
12.064,2749,236,67.7,0
12.064,2750,234,67.7,0
12.064,2751,194,67.7,0
12.064,2752,120,67.7,0
12.076,2753,40,67.7,0
12.076,2754,-16,67.7,0
12.076,2755,-51,67.7,0
12.076,2756,-62,67.7,0
12.092,2757,-67,67.7,0
12.092,2758,-72,67.7,0
12.092,2759,-79,67.7,0
12.092,2760,-83,67.7,0
12.113,2761,-86,67.7,0
12.113,2762,-85,67.7,0
12.113,2763,-84,67.7,0
12.113,2764,-82,67.7,0
12.132,2765,-79,67.7,0
12.132,2766,-78,67.7,0
12.132,2767,-75,67.7,0
12.132,2768,-73,67.7,0
12.153,2769,-72,67.7,0
12.153,2770,-68,67.7,0
12.153,2771,-67,67.7,0
12.153,2772,-63,67.7,0
12.173,2773,-61,67.7,0
12.173,2774,-59,67.7,0
12.173,2775,-57,67.7,0
12.173,2776,-55,67.7,0
12.194,2777,-54,67.7,0
12.194,2778,-52,67.7,0
12.194,2779,-51,67.7,0
12.194,2780,-48,67.7,0
12.223,2781,-46,67.7,0
12.223,2782,-44,67.7,0
12.223,2783,-42,67.7,0
12.223,2784,-39,67.7,0
12.242,2785,-37,67.7,0
12.242,2786,-34,67.7,0
12.242,2787,-30,67.7,0
12.242,2788,-26,67.7,0
12.262,2789,-22,67.7,0
12.262,2790,-17,67.7,0
12.262,2791,-15,67.7,0
12.262,2792,-11,67.7,0
12.282,2793,-8,67.7,0
12.282,2794,-6,67.7,0
12.282,2795,-3,67.7,0
12.282,2796,-2,67.7,0
12.282,2797,0,67.7,1
12.302,2798,0,67.7,1
12.302,2799,0,67.7,1
12.302,2800,0,67.7,1
12.303,2801,-1,67.7,0
12.303,2802,-3,67.7,0
12.303,2803,-4,67.7,0
12.325,2804,-6,67.7,0
12.325,2805,-7,67.7,0
12.325,2806,-9,67.7,0
12.325,2807,-11,67.7,0
12.346,2808,-14,67.7,0
12.346,2809,-15,67.7,0
12.346,2810,-17,67.7,0
12.346,2811,-19,67.7,0
12.373,2812,-21,67.7,0
12.373,2813,-23,67.7,0
12.373,2814,-25,67.7,0
12.373,2815,-26,67.7,0
12.382,2816,-27,67.7,0
12.382,2817,-27,67.7,0
12.382,2818,-26,67.7,0
12.382,2819,-27,67.7,0
12.403,2820,-26,67.7,0
12.403,2821,-24,67.7,0
12.403,2822,-25,67.7,0
12.403,2823,-22,67.7,0
12.423,2824,-22,67.7,0
12.423,2825,-22,67.7,0
12.423,2826,-21,67.7,0
12.423,2827,-21,67.7,0
12.456,2828,-20,67.7,0
12.456,2829,-19,67.7,0
12.456,2830,-18,67.7,0
12.456,2831,-16,67.7,0
12.473,2832,-15,67.7,0
12.473,2833,-13,67.7,0
12.473,2834,-12,67.7,0
12.473,2835,-11,67.7,0
12.493,2836,-10,67.7,0
12.493,2837,-9,67.7,0
12.493,2838,-9,67.7,0
12.493,2839,-9,67.7,0
12.493,2840,-9,67.7,0
12.513,2841,-8,67.7,0
12.513,2842,-7,67.7,0
12.513,2843,-6,67.7,0
12.513,2844,-5,67.7,0
12.513,2845,-4,67.7,0
12.533,2846,-5,67.7,0
12.533,2847,-4,67.7,0
12.533,2848,-4,67.7,0
12.533,2849,-3,67.7,0
12.533,2850,-2,67.7,0
12.553,2851,-3,67.7,0
12.553,2852,-2,67.7,0
12.553,2853,-2,67.7,0
12.553,2854,-2,67.7,0
12.553,2855,-1,67.7,0
12.573,2856,-2,67.7,0
12.573,2857,0,67.7,1
12.573,2858,0,67.7,1
12.573,2859,0,67.7,1
12.573,2860,0,67.7,1
12.573,2861,0,67.7,1
12.573,2862,0,67.7,1
12.592,2863,0,67.7,1
12.592,2864,0,67.7,1
12.592,2865,0,67.7,1
12.592,2866,0,67.7,1
12.592,2867,1,67.7,0
12.592,2868,1,67.7,0
12.592,2869,2,67.7,0
12.613,2870,1,67.7,0
12.613,2871,0,67.7,1
12.613,2872,2,67.7,0
12.613,2873,1,67.7,0
12.613,2874,2,67.7,0
12.613,2875,1,67.7,0
12.636,2876,0,67.7,1
12.636,2877,1,67.7,0
12.636,2878,1,67.7,0
12.636,2879,2,67.7,0
12.636,2880,2,67.7,0
12.636,2881,1,67.7,0
12.636,2882,2,67.7,0
12.664,2883,2,67.7,0
12.664,2884,3,67.7,0
12.664,2885,2,67.7,0
12.664,2886,2,67.7,0
12.664,2887,3,67.7,0
12.664,2888,3,67.7,0
12.664,2889,4,67.7,0
12.682,2890,3,67.7,0
12.682,2891,3,67.7,0
12.682,2892,5,67.7,0
12.682,2893,7,67.7,0
12.682,2894,9,67.7,0
12.682,2895,11,67.7,0
12.703,2896,11,67.7,0
12.703,2897,15,67.7,0
12.703,2898,17,67.7,0
12.703,2899,24,67.7,0
12.703,2900,29,67.7,0
12.722,2901,36,67.7,0
12.722,2902,43,67.7,0
12.722,2903,48,68.6,0
12.722,2904,53,68.6,0
12.722,2905,54,68.6,0
12.747,2906,53,68.6,0
12.747,2907,51,68.6,0
12.747,2908,45,68.6,0
12.747,2909,41,68.6,0
12.747,2910,34,68.6,0
12.763,2911,27,68.6,0
12.763,2912,21,68.6,0
12.763,2913,14,68.6,0
12.763,2914,9,68.6,0
12.763,2915,3,68.6,0
12.785,2916,-1,68.6,0
12.785,2917,-4,68.6,0
12.785,2918,-7,68.6,0
12.785,2919,-10,68.6,0
12.785,2920,-13,68.6,0
12.803,2921,-16,68.6,0
12.803,2922,-17,68.6,0
12.803,2923,-19,68.6,0
12.803,2924,-20,68.6,0
12.825,2925,-22,68.6,0
12.825,2926,-24,68.6,0
12.825,2927,-25,68.6,0
12.825,2928,-30,68.6,0
12.852,2929,-38,68.6,0
12.853,2930,-52,68.6,0
12.853,2931,-69,68.6,0
12.853,2932,-83,68.6,0
12.873,2933,-85,68.6,0
12.873,2934,-64,68.6,0
12.873,2935,-16,68.6,0
12.873,2936,43,68.6,0
12.894,2937,116,68.6,0
12.894,2938,179,68.6,0
12.894,2939,235,68.6,0
12.894,2940,276,68.6,0
12.912,2941,286,68.6,0
12.912,2942,263,68.6,0
12.912,2943,205,68.6,0
12.912,2944,129,68.6,0
12.936,2945,54,68.6,0
12.936,2946,-4,68.6,0
12.936,2947,-42,68.6,0
12.936,2948,-64,68.6,0
12.955,2949,-73,68.6,0
12.955,2950,-78,68.6,0
12.955,2951,-82,68.6,0
12.955,2952,-84,68.6,0
12.973,2953,-88,68.6,0
12.973,2954,-90,68.6,0
12.973,2955,-90,68.6,0
12.973,2956,-89,68.6,0
12.995,2957,-85,68.6,0
12.995,2958,-82,68.6,0
12.995,2959,-78,68.6,0
12.995,2960,-76,68.6,0
13.015,2961,-73,68.6,0
13.016,2962,-69,68.6,0
13.016,2963,-67,68.6,0
13.016,2964,-64,68.6,0
13.033,2965,-61,68.6,0
13.033,2966,-59,68.6,0
13.033,2967,-55,68.6,0
13.033,2968,-53,68.6,0
13.055,2969,-49,68.6,0
13.055,2970,-47,68.6,0
13.055,2971,-44,68.6,0
13.055,2972,-41,68.6,0
13.087,2973,-37,68.6,0
13.087,2974,-35,68.6,0
13.087,2975,-32,68.6,0
13.087,2976,-29,68.6,0
13.102,2977,-27,68.6,0
13.103,2978,-25,68.6,0
13.103,2979,-21,68.6,0
13.103,2980,-17,68.6,0
13.125,2981,-14,68.6,0
13.125,2982,-10,68.6,0
13.125,2983,-6,68.6,0
13.125,2984,-2,68.6,0
13.125,2985,0,68.6,1
13.125,2986,3,68.6,0
13.143,2987,5,68.6,0
13.143,2988,6,68.6,0
13.143,2989,7,68.6,0
13.143,2990,7,68.6,0
13.143,2991,8,68.6,0
13.143,2992,8,68.6,0
13.165,2993,8,68.6,0
13.166,2994,7,68.6,0
13.166,2995,6,68.6,0
13.166,2996,4,68.6,0
13.166,2997,2,68.6,0
13.166,2998,0,68.6,1
13.166,2999,-1,68.6,0
13.185,3000,-3,68.6,0
13.185,3001,-5,68.6,0
13.185,3002,-7,68.6,0
13.185,3003,-10,68.6,0
13.203,3004,-12,68.6,0
13.203,3005,-14,68.6,0
13.203,3006,-16,68.6,0
13.203,3007,-18,68.6,0
13.229,3008,-19,68.6,0
13.229,3009,-20,68.6,0
13.229,3010,-20,68.6,0
13.229,3011,-21,68.6,0
13.246,3012,-22,68.6,0
13.246,3013,-23,68.6,0
13.246,3014,-25,68.6,0
13.246,3015,-26,68.6,0
13.262,3016,-27,68.6,0
13.262,3017,-26,68.6,0
13.262,3018,-26,68.6,0
13.262,3019,-25,68.6,0
13.286,3020,-24,68.6,0
13.286,3021,-23,68.6,0
13.286,3022,-22,68.6,0
13.286,3023,-22,68.6,0
13.313,3024,-20,68.6,0
13.313,3025,-19,68.6,0
13.313,3026,-16,68.6,0
13.313,3027,-14,68.6,0
13.335,3028,-11,68.6,0
13.335,3029,-8,68.6,0
13.335,3030,-6,68.6,0
13.335,3031,-4,68.6,0
13.335,3032,-3,68.6,0
13.353,3033,-1,68.6,0
13.353,3034,0,68.6,1
13.353,3035,0,68.6,1
13.353,3036,1,68.6,0
13.353,3037,2,68.6,0
13.353,3038,3,68.6,0
13.353,3039,5,68.6,0
13.373,3040,5,68.6,0
13.373,3041,6,68.6,0
13.373,3042,5,68.6,0
13.373,3043,5,68.6,0
13.373,3044,5,68.6,0
13.373,3045,5,68.6,0
13.392,3046,5,68.6,0
13.392,3047,4,68.6,0
13.392,3048,3,68.6,0
13.392,3049,4,68.6,0
13.393,3050,3,68.6,0
13.393,3051,3,68.6,0
13.393,3052,3,68.6,0
13.413,3053,3,68.6,0
13.413,3054,3,68.6,0
13.413,3055,3,68.6,0
13.413,3056,4,68.6,0
13.413,3057,4,68.6,0
13.413,3058,4,68.6,0
13.413,3059,5,68.6,0
13.432,3060,5,68.6,0
13.432,3061,5,68.6,0
13.432,3062,4,68.6,0
13.432,3063,4,68.6,0
13.432,3064,6,68.6,0
13.432,3065,6,68.6,0
13.454,3066,7,68.6,0
13.454,3067,7,68.6,0
13.454,3068,7,68.6,0
13.454,3069,8,68.6,0
13.454,3070,9,68.6,0
13.454,3071,9,68.6,0
13.454,3072,9,68.6,0
13.485,3073,9,68.6,0
13.485,3074,9,68.6,0
13.485,3075,9,68.6,0
13.485,3076,9,68.6,0
13.485,3077,10,68.6,0
13.485,3078,10,68.6,0
13.503,3079,11,68.6,0
13.504,3080,11,68.6,0
13.504,3081,12,68.6,0
13.504,3082,12,68.6,0
13.504,3083,12,68.6,0
13.524,3084,12,68.6,0
13.524,3085,12,68.6,0
13.524,3086,12,68.6,0
13.524,3087,12,68.6,0
13.524,3088,12,68.6,0
13.546,3089,14,68.6,0
13.546,3090,15,68.6,0
13.546,3091,18,68.6,0
13.546,3092,20,68.6,0
13.546,3093,21,68.6,0
13.564,3094,24,68.6,0
13.564,3095,26,68.6,0
13.564,3096,31,68.6,0
13.564,3097,37,68.6,0
13.564,3098,44,68.6,0
13.595,3099,51,69.3,0
13.595,3100,56,69.3,0
13.595,3101,61,69.3,0
13.595,3102,64,69.3,0
13.596,3103,65,69.3,0
13.623,3104,65,69.3,0
13.623,3105,63,69.3,0
13.623,3106,59,69.3,0
13.623,3107,54,69.3,0
13.623,3108,49,69.3,0
13.633,3109,44,69.3,0
13.633,3110,38,69.3,0
13.633,3111,32,69.3,0
13.633,3112,26,69.3,0
13.633,3113,21,69.3,0
13.652,3114,17,69.3,0
13.652,3115,14,69.3,0
13.652,3116,10,69.3,0
13.652,3117,7,69.3,0
13.652,3118,4,69.3,0
13.652,3119,1,69.3,0
13.672,3120,0,69.3,1
13.672,3121,-2,69.3,0
13.672,3122,-4,69.3,0
13.672,3123,-6,69.3,0
13.672,3124,-7,69.3,0
13.692,3125,-10,69.3,0
13.692,3126,-18,69.3,0
13.692,3127,-30,69.3,0
13.692,3128,-46,69.3,0
13.712,3129,-61,69.3,0
13.712,3130,-68,69.3,0
13.712,3131,-56,69.3,0
13.712,3132,-15,69.3,0
13.732,3133,38,69.3,0
13.732,3134,110,69.3,0
13.732,3135,174,69.3,0
13.732,3136,230,69.3,0
13.752,3137,276,69.3,0
13.752,3138,296,69.3,0
13.752,3139,286,69.3,0
13.752,3140,242,69.3,0
13.778,3141,174,69.3,0
13.778,3142,101,69.3,0
13.778,3143,37,69.3,0
13.778,3144,-10,69.3,0
13.806,3145,-41,69.3,0
13.806,3146,-58,69.3,0
13.806,3147,-65,69.3,0
13.806,3148,-67,69.3,0
13.833,3149,-68,69.3,0
13.833,3150,-70,69.3,0
13.833,3151,-73,69.3,0
13.833,3152,-74,69.3,0
13.844,3153,-74,69.3,0
13.844,3154,-72,69.3,0
13.844,3155,-70,69.3,0
13.844,3156,-68,69.3,0
13.863,3157,-65,69.3,0
13.863,3158,-62,69.3,0
13.863,3159,-58,69.3,0
13.863,3160,-55,69.3,0
13.886,3161,-52,69.3,0
13.886,3162,-49,69.3,0
13.886,3163,-47,69.3,0
13.886,3164,-44,69.3,0
13.906,3165,-40,69.3,0
13.906,3166,-37,69.3,0
13.906,3167,-35,69.3,0
13.906,3168,-32,69.3,0
13.936,3169,-30,69.3,0
13.936,3170,-27,69.3,0
13.936,3171,-23,69.3,0
13.936,3172,-19,69.3,0
13.943,3173,-14,69.3,0
13.943,3174,-10,69.3,0
13.943,3175,-7,69.3,0
13.943,3176,-4,69.3,0
13.943,3177,-1,69.3,0
13.966,3178,1,69.3,0
13.966,3179,3,69.3,0
13.966,3180,6,69.3,0
13.967,3181,9,69.3,0
13.967,3182,11,69.3,0
13.967,3183,14,69.3,0
13.982,3184,17,69.3,0
13.982,3185,20,69.3,0
13.982,3186,22,69.3,0
13.982,3187,23,69.3,0
13.982,3188,24,69.3,0
14.003,3189,24,69.3,0
14.003,3190,25,69.3,0
14.003,3191,26,69.3,0
14.003,3192,25,69.3,0
14.003,3193,26,69.3,0
14.038,3194,26,69.3,0
14.038,3195,25,69.3,0
14.038,3196,24,69.3,0
14.038,3197,23,69.3,0
14.038,3198,22,69.3,0
14.053,3199,21,69.3,0
14.053,3200,20,69.3,0
14.053,3201,19,69.3,0
14.053,3202,17,69.3,0
14.053,3203,16,69.3,0
14.076,3204,14,69.3,0
14.076,3205,13,69.3,0
14.076,3206,11,69.3,0
14.076,3207,8,69.3,0
14.076,3208,7,69.3,0
14.076,3209,6,69.3,0
14.092,3210,6,69.3,0
14.092,3211,5,69.3,0
14.092,3212,3,69.3,0
14.092,3213,2,69.3,0
14.092,3214,1,69.3,0
14.092,3215,1,69.3,0
14.114,3216,1,69.3,0
14.114,3217,0,69.3,1
14.114,3218,0,69.3,1
14.114,3219,0,69.3,1
14.114,3220,0,69.3,1
14.114,3221,0,69.3,1
14.114,3222,0,69.3,1
14.133,3223,0,69.3,1
14.133,3224,1,69.3,0
14.133,3225,2,69.3,0
14.133,3226,3,69.3,0
14.133,3227,4,69.3,0
14.133,3228,5,69.3,0
14.133,3229,6,69.3,0
14.153,3230,8,69.3,0
14.153,3231,9,69.3,0
14.153,3232,10,69.3,0
14.153,3233,11,69.3,0
14.153,3234,12,69.3,0
14.173,3235,13,69.3,0
14.173,3236,14,69.3,0
14.173,3237,15,69.3,0
14.173,3238,15,69.3,0
14.173,3239,15,69.3,0
14.192,3240,16,69.3,0
14.192,3241,16,69.3,0
14.192,3242,16,69.3,0
14.192,3243,16,69.3,0
14.192,3244,15,69.3,0
14.212,3245,15,69.3,0
14.212,3246,15,69.3,0
14.212,3247,14,69.3,0
14.212,3248,13,69.3,0
14.212,3249,12,69.3,0
14.236,3250,12,69.3,0
14.238,3251,12,69.3,0
14.238,3252,10,69.3,0
14.238,3253,10,69.3,0
14.238,3254,9,69.3,0
14.238,3255,9,69.3,0
14.263,3256,8,69.3,0
14.263,3257,8,69.3,0
14.263,3258,7,69.3,0
14.263,3259,7,69.3,0
14.263,3260,7,69.3,0
14.263,3261,7,69.3,0
14.284,3262,6,69.3,0
14.284,3263,6,69.3,0
14.284,3264,6,69.3,0
14.284,3265,6,69.3,0
14.284,3266,6,69.3,0
14.284,3267,5,69.3,0
14.284,3268,6,69.3,0
14.307,3269,5,69.3,0
14.307,3270,6,69.3,0
14.308,3271,5,69.3,0
14.308,3272,5,69.3,0
14.308,3273,6,69.3,0
14.308,3274,6,69.3,0
14.308,3275,7,69.3,0
14.332,3276,6,69.3,0
14.332,3277,6,69.3,0
14.332,3278,6,69.3,0
14.332,3279,6,69.3,0
14.332,3280,7,69.3,0
14.332,3281,7,69.3,0
14.353,3282,6,69.3,0
14.353,3283,7,69.3,0
14.353,3284,6,69.3,0
14.353,3285,7,69.3,0
14.353,3286,6,69.3,0
14.353,3287,5,69.3,0
14.353,3288,5,69.3,0
14.390,3289,5,69.3,0
14.390,3290,5,69.3,0
14.390,3291,6,69.3,0
14.390,3292,5,69.3,0
14.390,3293,6,69.3,0
14.390,3294,6,69.3,0
14.390,3295,6,69.3,0
14.413,3296,6,69.3,0
14.413,3297,6,69.3,0
14.413,3298,6,69.3,0
14.413,3299,6,69.3,0
14.413,3300,6,69.3,0
14.413,3301,5,69.3,0
14.433,3302,5,69.3,0
14.433,3303,6,69.3,0
14.433,3304,8,69.3,0
14.433,3305,10,69.3,0
14.433,3306,10,69.3,0
14.433,3307,10,69.3,0
14.455,3308,11,69.3,0
14.455,3309,13,69.3,0
14.455,3310,17,69.3,0
14.455,3311,22,69.3,0
14.455,3312,28,69.3,0
14.473,3313,35,69.3,0
14.473,3314,41,69.3,0
14.473,3315,46,68.5,0
14.473,3316,49,68.5,0
14.473,3317,50,68.5,0
14.495,3318,49,68.5,0
14.495,3319,46,68.5,0
14.495,3320,42,68.5,0
14.495,3321,37,68.5,0
14.495,3322,30,68.5,0
14.516,3323,24,68.5,0
14.516,3324,18,68.5,0
14.516,3325,12,68.5,0
14.516,3326,5,68.5,0
14.516,3327,0,68.5,1
14.542,3328,-4,68.5,0
14.542,3329,-9,68.5,0
14.542,3330,-12,68.5,0
14.542,3331,-15,68.5,0
14.542,3332,-19,68.5,0
14.564,3333,-21,68.5,0
14.564,3334,-23,68.5,0
14.564,3335,-24,68.5,0
14.564,3336,-26,68.5,0
14.582,3337,-27,68.5,0
14.582,3338,-28,68.5,0
14.582,3339,-31,68.5,0
14.582,3340,-36,68.5,0
14.602,3341,-46,68.5,0
14.602,3342,-61,68.5,0
14.602,3343,-78,68.5,0
14.602,3344,-92,68.5,0
14.626,3345,-92,68.5,0
14.626,3346,-69,68.5,0
14.626,3347,-20,68.5,0
14.626,3348,42,68.5,0
14.642,3349,113,68.5,0
14.642,3350,176,68.5,0
14.642,3351,231,68.5,0
14.642,3352,278,68.5,0
14.665,3353,295,68.5,0
14.665,3354,276,68.5,0
14.665,3355,219,68.5,0
14.665,3356,135,68.5,0
14.682,3357,54,68.5,0
14.682,3358,-1,68.5,0
14.682,3359,-34,68.5,0
14.682,3360,-47,68.5,0
14.705,3361,-54,68.5,0
14.705,3362,-60,68.5,0
14.705,3363,-67,68.5,0
14.705,3364,-75,68.5,0
14.722,3365,-79,68.5,0
14.722,3366,-81,68.5,0
14.722,3367,-81,68.5,0
14.722,3368,-81,68.5,0
14.745,3369,-81,68.5,0
14.745,3370,-81,68.5,0
14.746,3371,-80,68.5,0
14.746,3372,-78,68.5,0
14.776,3373,-76,68.5,0
14.776,3374,-73,68.5,0
14.776,3375,-72,68.5,0
14.776,3376,-70,68.5,0
14.792,3377,-68,68.5,0
14.792,3378,-66,68.5,0
14.792,3379,-64,68.5,0
14.792,3380,-62,68.5,0
14.812,3381,-60,68.5,0
14.812,3382,-58,68.5,0
14.812,3383,-55,68.5,0
14.812,3384,-51,68.5,0
14.832,3385,-48,68.5,0
14.832,3386,-44,68.5,0
14.832,3387,-41,68.5,0
14.832,3388,-39,68.5,0
14.856,3389,-36,68.5,0
14.856,3390,-34,68.5,0
14.856,3391,-30,68.5,0
14.856,3392,-27,68.5,0
14.872,3393,-24,68.5,0
14.872,3394,-22,68.5,0
14.872,3395,-20,68.5,0
14.872,3396,-18,68.5,0
14.892,3397,-16,68.5,0
14.892,3398,-14,68.5,0
14.892,3399,-13,68.5,0
14.892,3400,-12,68.5,0
14.912,3401,-11,68.5,0
14.912,3402,-10,68.5,0
14.912,3403,-10,68.5,0
14.912,3404,-10,68.5,0
14.935,3405,-11,68.5,0
14.935,3406,-11,68.5,0
14.935,3407,-11,68.5,0
14.935,3408,-13,68.5,0
14.956,3409,-14,68.5,0
14.956,3410,-16,68.5,0
14.956,3411,-17,68.5,0
14.956,3412,-20,68.5,0
14.972,3413,-21,68.5,0
14.972,3414,-24,68.5,0
14.972,3415,-27,68.5,0
14.972,3416,-28,68.5,0
15.002,3417,-30,68.5,0
15.002,3418,-31,68.5,0
15.002,3419,-32,68.5,0
15.002,3420,-33,68.5,0
15.023,3421,-33,68.5,0
15.023,3422,-33,68.5,0
15.023,3423,-30,68.5,0
15.023,3424,-30,68.5,0
15.042,3425,-27,68.5,0
15.042,3426,-26,68.5,0
15.042,3427,-25,68.5,0
15.042,3428,-24,68.5,0
15.073,3429,-22,68.5,0
15.073,3430,-21,68.5,0
15.073,3431,-19,68.5,0
15.073,3432,-18,68.5,0
15.082,3433,-17,68.5,0
15.082,3434,-16,68.5,0
15.082,3435,-15,68.5,0
15.082,3436,-14,68.5,0
15.103,3437,-13,68.5,0
15.103,3438,-11,68.5,0
15.103,3439,-10,68.5,0
15.103,3440,-9,68.5,0
15.103,3441,-9,68.5,0
15.124,3442,-9,68.5,0
15.124,3443,-8,68.5,0
15.124,3444,-7,68.5,0
15.124,3445,-7,68.5,0
15.124,3446,-6,68.5,0
15.142,3447,-7,68.5,0
15.142,3448,-7,68.5,0
15.142,3449,-8,68.5,0
15.142,3450,-7,68.5,0
15.142,3451,-7,68.5,0
15.163,3452,-7,68.5,0
15.163,3453,-7,68.5,0
15.163,3454,-7,68.5,0
15.163,3455,-7,68.5,0
15.163,3456,-7,68.5,0
15.186,3457,-7,68.5,0
15.186,3458,-7,68.5,0
15.186,3459,-7,68.5,0
15.186,3460,-7,68.5,0
15.186,3461,-7,68.5,0
15.213,3462,-7,68.5,0
15.213,3463,-7,68.5,0
15.213,3464,-7,68.5,0
15.213,3465,-7,68.5,0
15.213,3466,-6,68.5,0
15.235,3467,-6,68.5,0
15.235,3468,-5,68.5,0
15.235,3469,-5,68.5,0
15.235,3470,-5,68.5,0
15.235,3471,-5,68.5,0
15.252,3472,-5,68.5,0
15.252,3473,-4,68.5,0
15.252,3474,-5,68.5,0
15.252,3475,-5,68.5,0
15.252,3476,-5,68.5,0
15.272,3477,-5,68.5,0
15.272,3478,-5,68.5,0
15.273,3479,-5,68.5,0
15.273,3480,-5,68.5,0
15.273,3481,-5,68.5,0
15.296,3482,-5,68.5,0
15.296,3483,-4,68.5,0
15.296,3484,-4,68.5,0
15.296,3485,-4,68.5,0
15.296,3486,-4,68.5,0
15.316,3487,-4,68.5,0
15.316,3488,-3,68.5,0
15.316,3489,-3,68.5,0
15.316,3490,-3,68.5,0
15.316,3491,-3,68.5,0
15.336,3492,-2,68.5,0
15.336,3493,-2,68.5,0
15.336,3494,-1,68.5,0
15.336,3495,-1,68.5,0
15.336,3496,-1,68.5,0
15.353,3497,-1,68.5,0
15.353,3498,0,68.5,1
15.353,3499,0,68.5,1
15.353,3500,0,68.5,1
15.353,3501,2,68.5,0
15.353,3502,3,68.5,0
15.376,3503,6,68.5,0
15.376,3504,7,68.5,0
15.376,3505,8,68.5,0
15.376,3506,11,68.5,0
15.376,3507,12,68.5,0
15.376,3508,15,68.5,0
15.392,3509,18,68.5,0
15.392,3510,22,68.5,0
15.392,3511,29,68.5,0
15.392,3512,35,68.5,0
15.392,3513,43,68.5,0
15.412,3514,48,67.7,0
15.412,3515,52,67.7,0
15.412,3516,56,67.7,0
15.412,3517,56,67.7,0
15.412,3518,56,67.7,0
15.442,3519,53,67.7,0
15.442,3520,49,67.7,0
15.442,3521,45,67.7,0
15.442,3522,39,67.7,0
15.442,3523,34,67.7,0
15.465,3524,28,67.7,0
15.465,3525,22,67.7,0
15.465,3526,18,67.7,0
15.465,3527,13,67.7,0
15.465,3528,9,67.7,0
15.486,3529,5,67.7,0
15.486,3530,1,67.7,0
15.486,3531,0,67.7,1
15.486,3532,-3,67.7,0
15.486,3533,-4,67.7,0
15.486,3534,-6,67.7,0
15.503,3535,-8,67.7,0
15.503,3536,-9,67.7,0
15.503,3537,-11,67.7,0
15.503,3538,-12,67.7,0
15.522,3539,-15,67.7,0
15.522,3540,-22,67.7,0
15.522,3541,-33,67.7,0
15.522,3542,-51,67.7,0
15.545,3543,-69,67.7,0
15.545,3544,-83,67.7,0
15.545,3545,-81,67.7,0
15.545,3546,-49,67.7,0
15.566,3547,1,67.7,0
15.566,3548,69,67.7,0
15.566,3549,138,67.7,0
15.566,3550,198,67.7,0
15.567,3551,251,67.7,0
15.583,3552,294,67.7,0
15.583,3553,259,67.7,0
15.583,3554,225,67.7,0
15.583,3555,133,67.7,0
15.606,3556,65,67.7,0
15.606,3557,23,67.7,0
15.606,3558,1,67.7,0
15.606,3559,-10,67.7,0
15.623,3560,-21,67.7,0
15.623,3561,-30,67.7,0
15.623,3562,-40,67.7,0
15.623,3563,-46,67.7,0
15.643,3564,-51,67.7,0
15.643,3565,-53,67.7,0
15.643,3566,-56,67.7,0
15.643,3567,-57,67.7,0
15.676,3568,-58,67.7,0
15.676,3569,-60,67.7,0
15.676,3570,-60,67.7,0
15.676,3571,-60,67.7,0
15.693,3572,-60,67.7,0
15.693,3573,-60,67.7,0
15.693,3574,-59,67.7,0
15.693,3575,-57,67.7,0
15.713,3576,-55,67.7,0
15.713,3577,-52,67.7,0
15.713,3578,-51,67.7,0
15.713,3579,-48,67.7,0
15.732,3580,-45,67.7,0
15.732,3581,-43,67.7,0
15.732,3582,-39,67.7,0
15.732,3583,-37,67.7,0
15.752,3584,-33,67.7,0
15.752,3585,-31,67.7,0
15.752,3586,-29,67.7,0
15.752,3587,-27,67.7,0
15.772,3588,-23,67.7,0
15.772,3589,-20,67.7,0
15.772,3590,-17,67.7,0
15.772,3591,-14,67.7,0
15.795,3592,-12,67.7,0
15.795,3593,-9,67.7,0
15.795,3594,-7,67.7,0
15.795,3595,-4,67.7,0
15.795,3596,-2,67.7,0
15.795,3597,0,67.7,1
15.824,3598,1,67.7,0
15.824,3599,2,67.7,0
15.824,3600,4,67.7,0
15.824,3601,6,67.7,0
15.824,3602,7,67.7,0
15.824,3603,7,67.7,0
15.832,3604,7,67.7,0
15.832,3605,8,67.7,0
15.832,3606,7,67.7,0
15.832,3607,7,67.7,0
15.832,3608,6,67.7,0
15.832,3609,4,67.7,0
15.832,3610,3,67.7,0
15.852,3611,1,67.7,0
15.852,3612,0,67.7,1
15.852,3613,-2,67.7,0
15.852,3614,-4,67.7,0
15.852,3615,-4,67.7,0
15.872,3616,-7,67.7,0
15.872,3617,-8,67.7,0
15.872,3618,-12,67.7,0
15.872,3619,-15,67.7,0
15.872,3620,-16,67.7,0
15.912,3621,-18,67.7,0
15.912,3622,-18,67.7,0
15.912,3623,-19,67.7,0
15.912,3624,-21,67.7,0
15.922,3625,-20,67.7,0
15.923,3626,-21,67.7,0
15.923,3627,-21,67.7,0
15.923,3628,-22,67.7,0
15.942,3629,-22,67.7,0
15.943,3630,-21,67.7,0
15.943,3631,-21,67.7,0
15.943,3632,-19,67.7,0
15.968,3633,-18,67.7,0
15.968,3634,-17,67.7,0
15.968,3635,-15,67.7,0
15.968,3636,-14,67.7,0
15.987,3637,-13,67.7,0
15.987,3638,-13,67.7,0
15.987,3639,-12,67.7,0
15.987,3640,-10,67.7,0
16.004,3641,-9,67.7,0
16.004,3642,-6,67.7,0
16.004,3643,-5,67.7,0
16.004,3644,-3,67.7,0
16.004,3645,-4,67.7,0
16.026,3646,-4,67.7,0
16.026,3647,-4,67.7,0
16.026,3648,-4,67.7,0
16.026,3649,-4,67.7,0
16.026,3650,-4,67.7,0
16.045,3651,-4,67.7,0
16.045,3652,-5,67.7,0
16.045,3653,-5,67.7,0
16.045,3654,-5,67.7,0
16.045,3655,-5,67.7,0
16.062,3656,-5,67.7,0
16.062,3657,-5,67.7,0
16.062,3658,-6,67.7,0
16.062,3659,-6,67.7,0
16.062,3660,-6,67.7,0
16.083,3661,-6,67.7,0
16.083,3662,-6,67.7,0
16.083,3663,-7,67.7,0
16.083,3664,-7,67.7,0
16.083,3665,-7,67.7,0
16.113,3666,-7,67.7,0
16.113,3667,-7,67.7,0
16.113,3668,-7,67.7,0
16.113,3669,-7,67.7,0
16.113,3670,-7,67.7,0
16.134,3671,-7,67.7,0
16.134,3672,-8,67.7,0
16.134,3673,-8,67.7,0
16.134,3674,-9,67.7,0
16.134,3675,-9,67.7,0
16.156,3676,-8,67.7,0
16.156,3677,-8,67.7,0
16.156,3678,-8,67.7,0
16.156,3679,-8,67.7,0
16.156,3680,-9,67.7,0
16.172,3681,-7,67.7,0
16.172,3682,-7,67.7,0
16.172,3683,-5,67.7,0
16.172,3684,-5,67.7,0
16.172,3685,-5,67.7,0
16.196,3686,-4,67.7,0
16.196,3687,-4,67.7,0
16.196,3688,-3,67.7,0
16.196,3689,-4,67.7,0
16.196,3690,-5,67.7,0
16.212,3691,-4,67.7,0
16.212,3692,-4,67.7,0
16.212,3693,-3,67.7,0
16.212,3694,-3,67.7,0
16.212,3695,-3,67.7,0
16.233,3696,-1,67.7,0
16.233,3697,-1,67.7,0
16.233,3698,0,67.7,1
16.233,3699,0,67.7,1
16.233,3700,-1,67.7,0
16.252,3701,0,67.7,1
16.252,3702,-1,67.7,0
16.252,3703,0,67.7,1
16.252,3704,0,67.7,1
16.252,3705,0,67.7,1
16.252,3706,0,67.7,1
16.252,3707,0,67.7,1
16.272,3708,0,67.7,1
16.273,3709,0,67.7,1
16.273,3710,-1,67.7,0
16.273,3711,0,67.7,1
16.273,3712,0,67.7,1
16.273,3713,1,67.7,0
16.296,3714,1,67.7,0
16.296,3715,0,67.7,1
16.296,3716,1,67.7,0
16.296,3717,1,67.7,0
16.296,3718,3,67.7,0
16.296,3719,4,67.7,0
16.296,3720,5,67.7,0
16.313,3721,7,67.7,0
16.313,3722,8,67.7,0
16.313,3723,11,67.7,0
16.313,3724,14,67.7,0
16.313,3725,19,67.7,0
16.342,3726,26,67.7,0
16.342,3727,33,67.7,0
16.342,3728,40,67.7,0
16.342,3729,44,67.7,0
16.342,3730,47,66.6,0
16.366,3731,50,66.6,0
16.366,3732,49,66.6,0
16.366,3733,47,66.6,0
16.366,3734,43,66.6,0
16.366,3735,37,66.6,0
16.385,3736,34,66.6,0
16.385,3737,29,66.6,0
16.385,3738,24,66.6,0
16.385,3739,18,66.6,0
16.385,3740,11,66.6,0
16.402,3741,7,66.6,0
16.402,3742,2,66.6,0
16.402,3743,0,66.6,1
16.402,3744,-2,66.6,0
16.402,3745,-6,66.6,0
16.402,3746,-9,66.6,0
16.432,3747,-12,66.6,0
16.432,3748,-13,66.6,0
16.432,3749,-15,66.6,0
16.432,3750,-17,66.6,0
16.446,3751,-18,66.6,0
16.446,3752,-20,66.6,0
16.446,3753,-23,66.6,0
16.446,3754,-29,66.6,0
16.462,3755,-41,66.6,0
16.462,3756,-55,66.6,0
16.462,3757,-72,66.6,0
16.462,3758,-81,66.6,0
16.482,3759,-73,66.6,0
16.482,3760,-39,66.6,0
16.482,3761,13,66.6,0
16.483,3762,81,66.6,0
16.502,3763,149,66.6,0
16.502,3764,208,66.6,0
16.502,3765,259,66.6,0
16.502,3766,286,66.6,0
16.523,3767,281,66.6,0
16.523,3768,238,66.6,0
16.523,3769,173,66.6,0
16.523,3770,97,66.6,0
16.523,3771,39,66.6,0
16.543,3772,0,66.6,1
16.543,3773,-24,66.6,0
16.543,3774,-37,66.6,0
16.543,3775,-46,66.6,0
16.572,3776,-52,66.6,0
16.572,3777,-58,66.6,0
16.572,3778,-61,66.6,0
16.572,3779,-64,66.6,0
16.595,3780,-65,66.6,0
16.595,3781,-67,66.6,0
16.595,3782,-68,66.6,0
16.595,3783,-69,66.6,0
16.612,3784,-68,66.6,0
16.613,3785,-67,66.6,0
16.613,3786,-66,66.6,0
16.613,3787,-65,66.6,0
16.645,3788,-65,66.6,0
16.645,3789,-64,66.6,0
16.645,3790,-63,66.6,0
16.646,3791,-60,66.6,0
16.652,3792,-57,66.6,0
16.652,3793,-53,66.6,0
16.652,3794,-49,66.6,0
16.652,3795,-46,66.6,0
16.672,3796,-43,66.6,0
16.672,3797,-40,66.6,0
16.672,3798,-37,66.6,0
16.672,3799,-34,66.6,0
16.692,3800,-32,66.6,0
16.692,3801,-28,66.6,0
16.692,3802,-25,66.6,0
16.692,3803,-21,66.6,0
16.716,3804,-18,66.6,0
16.716,3805,-15,66.6,0
16.716,3806,-13,66.6,0
16.716,3807,-11,66.6,0
16.742,3808,-8,66.6,0
16.742,3809,-5,66.6,0
16.742,3810,-3,66.6,0
16.742,3811,0,66.6,1
16.742,3812,1,66.6,0
16.742,3813,3,66.6,0
16.753,3814,4,66.6,0
16.753,3815,6,66.6,0
16.753,3816,7,66.6,0
16.753,3817,9,66.6,0
16.753,3818,9,66.6,0
16.753,3819,10,66.6,0
16.786,3820,10,66.6,0
16.786,3821,9,66.6,0
16.786,3822,8,66.6,0
16.786,3823,7,66.6,0
16.786,3824,7,66.6,0
16.786,3825,6,66.6,0
16.786,3826,4,66.6,0
16.802,3827,2,66.6,0
16.802,3828,0,66.6,1
16.802,3829,-2,66.6,0
16.802,3830,-4,66.6,0
16.802,3831,-6,66.6,0
16.823,3832,-8,66.6,0
16.823,3833,-10,66.6,0
16.823,3834,-11,66.6,0
16.823,3835,-12,66.6,0
16.843,3836,-13,66.6,0
16.843,3837,-14,66.6,0
16.843,3838,-15,66.6,0
16.843,3839,-16,66.6,0
16.866,3840,-16,66.6,0
16.866,3841,-16,66.6,0
16.866,3842,-16,66.6,0
16.866,3843,-16,66.6,0
16.883,3844,-15,66.6,0
16.883,3845,-14,66.6,0
16.883,3846,-13,66.6,0
16.883,3847,-12,66.6,0
16.903,3848,-12,66.6,0
16.903,3849,-11,66.6,0
16.903,3850,-8,66.6,0
16.903,3851,-7,66.6,0
16.903,3852,-4,66.6,0
16.922,3853,-2,66.6,0
16.922,3854,0,66.6,1
16.922,3855,0,66.6,1
16.922,3856,3,66.6,0
16.922,3857,4,66.6,0
16.922,3858,6,66.6,0
16.942,3859,6,66.6,0
16.942,3860,6,66.6,0
16.942,3861,7,66.6,0
16.942,3862,7,66.6,0
16.942,3863,8,66.6,0
16.942,3864,7,66.6,0
16.942,3865,7,66.6,0
16.964,3866,8,66.6,0
16.964,3867,7,66.6,0
16.964,3868,8,66.6,0
16.964,3869,7,66.6,0
16.964,3870,6,66.6,0
16.964,3871,7,66.6,0
16.964,3872,6,66.6,0
16.986,3873,7,66.6,0
16.986,3874,6,66.6,0
16.986,3875,5,66.6,0
16.986,3876,6,66.6,0
16.986,3877,5,66.6,0
16.986,3878,6,66.6,0
17.013,3879,6,66.6,0
17.013,3880,6,66.6,0
17.013,3881,6,66.6,0
17.013,3882,4,66.6,0
17.013,3883,4,66.6,0
17.013,3884,4,66.6,0
17.013,3885,3,66.6,0
17.033,3886,4,66.6,0
17.033,3887,4,66.6,0
17.033,3888,5,66.6,0
17.033,3889,5,66.6,0
17.033,3890,4,66.6,0
17.033,3891,5,66.6,0
17.033,3892,4,66.6,0
17.056,3893,6,66.6,0
17.056,3894,5,66.6,0
17.056,3895,5,66.6,0
17.056,3896,6,66.6,0
17.056,3897,5,66.6,0
17.056,3898,6,66.6,0
17.085,3899,5,66.6,0
17.085,3900,5,66.6,0
17.085,3901,6,66.6,0
17.085,3902,6,66.6,0
17.085,3903,7,66.6,0
17.085,3904,7,66.6,0
17.085,3905,6,66.6,0
17.103,3906,7,66.6,0
17.103,3907,7,66.6,0
17.103,3908,8,66.6,0
17.103,3909,8,66.6,0
17.103,3910,8,66.6,0
17.103,3911,9,66.6,0
17.103,3912,8,66.6,0
17.135,3913,9,66.6,0
17.135,3914,8,66.6,0
17.135,3915,7,66.6,0
17.135,3916,8,66.6,0
17.135,3917,8,66.6,0
17.135,3918,9,66.6,0
17.163,3919,9,66.6,0
17.163,3920,9,66.6,0
17.163,3921,10,66.6,0
17.163,3922,9,66.6,0
17.163,3923,9,66.6,0
17.163,3924,8,66.6,0
17.163,3925,7,66.6,0
17.186,3926,8,66.6,0
17.186,3927,9,66.6,0
17.186,3928,11,66.6,0
17.186,3929,12,66.6,0
17.186,3930,13,66.6,0
17.203,3931,15,66.6,0
17.203,3932,15,66.6,0
17.203,3933,18,66.6,0
17.203,3934,21,66.6,0
17.203,3935,25,66.6,0
17.223,3936,33,66.6,0
17.223,3937,39,66.6,0
17.223,3938,47,66.6,0
17.223,3939,52,66.9,0
17.223,3940,56,66.9,0
17.246,3941,59,66.9,0
17.246,3942,60,66.9,0
17.246,3943,60,66.9,0
17.246,3944,57,66.9,0
17.246,3945,52,66.9,0
17.273,3946,48,66.9,0
17.273,3947,42,66.9,0
17.273,3948,37,66.9,0
17.273,3949,30,66.9,0
17.273,3950,23,66.9,0
17.292,3951,18,66.9,0
17.292,3952,13,66.9,0
17.292,3953,9,66.9,0
17.292,3954,5,66.9,0
17.292,3955,1,66.9,0
17.292,3956,0,66.9,1
17.314,3957,-2,66.9,0
17.314,3958,-3,66.9,0
17.314,3959,-6,66.9,0
17.314,3960,-8,66.9,0
17.314,3961,-9,66.9,0
17.333,3962,-11,66.9,0
17.333,3963,-12,66.9,0
17.333,3964,-17,66.9,0
17.333,3965,-26,66.9,0
17.354,3966,-39,66.9,0
17.354,3967,-56,66.9,0
17.354,3968,-71,66.9,0
17.354,3969,-77,66.9,0
17.373,3970,-62,66.9,0
17.373,3971,-17,66.9,0
17.373,3972,39,66.9,0
17.373,3973,112,66.9,0
17.392,3974,175,66.9,0
17.392,3975,230,66.9,0
17.392,3976,278,66.9,0
17.392,3977,295,66.9,0
17.413,3978,283,66.9,0
17.413,3979,234,66.9,0
17.413,3980,161,66.9,0
17.413,3981,86,66.9,0
17.413,3982,22,66.9,0
17.433,3983,-21,66.9,0
17.433,3984,-50,66.9,0
17.433,3985,-64,66.9,0
17.433,3986,-68,66.9,0
17.452,3987,-71,66.9,0
17.452,3988,-72,66.9,0
17.452,3989,-76,66.9,0
17.452,3990,-79,66.9,0
17.483,3991,-78,66.9,0
17.483,3992,-78,66.9,0
17.483,3993,-75,66.9,0
17.483,3994,-73,66.9,0
17.503,3995,-71,66.9,0
17.503,3996,-68,66.9,0
17.503,3997,-65,66.9,0
17.503,3998,-63,66.9,0
17.523,3999,-60,66.9,0
17.523,4000,-58,66.9,0
17.523,4001,-56,66.9,0
17.523,4002,-52,66.9,0
17.543,4003,-49,66.9,0
17.543,4004,-46,66.9,0
17.543,4005,-44,66.9,0
17.543,4006,-41,66.9,0
17.566,4007,-38,66.9,0
17.566,4008,-35,66.9,0
17.566,4009,-32,66.9,0
17.566,4010,-30,66.9,0
17.586,4011,-27,66.9,0
17.586,4012,-24,66.9,0
17.586,4013,-22,66.9,0
17.586,4014,-18,66.9,0
17.602,4015,-16,66.9,0
17.602,4016,-11,66.9,0
17.602,4017,-8,66.9,0
17.602,4018,-4,66.9,0
17.625,4019,-1,66.9,0
17.625,4020,1,66.9,0
17.625,4021,3,66.9,0
17.625,4022,6,66.9,0
17.625,4023,8,66.9,0
17.625,4024,10,66.9,0
17.643,4025,11,66.9,0
17.643,4026,12,66.9,0
17.643,4027,14,66.9,0
17.643,4028,15,66.9,0
17.643,4029,16,66.9,0
17.662,4030,17,66.9,0
17.663,4031,18,66.9,0
17.663,4032,18,66.9,0
17.663,4033,18,66.9,0
17.663,4034,18,66.9,0
17.685,4035,18,66.9,0
17.685,4036,17,66.9,0
17.685,4037,16,66.9,0
17.685,4038,15,66.9,0
17.685,4039,14,66.9,0
17.713,4040,12,66.9,0
17.713,4041,10,66.9,0
17.713,4042,8,66.9,0
17.713,4043,7,66.9,0
17.713,4044,5,66.9,0
17.713,4045,4,66.9,0
17.734,4046,2,66.9,0
17.734,4047,0,66.9,1
17.734,4048,0,66.9,1
17.734,4049,-2,66.9,0
17.734,4050,-3,66.9,0
17.734,4051,-4,66.9,0
17.753,4052,-5,66.9,0
17.753,4053,-6,66.9,0
17.753,4054,-7,66.9,0
17.753,4055,-7,66.9,0
17.753,4056,-7,66.9,0
17.776,4057,-7,66.9,0
17.776,4058,-7,66.9,0
17.776,4059,-7,66.9,0
17.776,4060,-8,66.9,0
17.776,4061,-8,66.9,0
17.795,4062,-7,66.9,0
17.795,4063,-6,66.9,0
17.795,4064,-5,66.9,0
17.795,4065,-5,66.9,0
17.795,4066,-3,66.9,0
17.815,4067,-2,66.9,0
17.815,4068,0,66.9,1
17.815,4069,0,66.9,1
17.815,4070,1,66.9,0
17.815,4071,2,66.9,0
17.815,4072,3,66.9,0
17.832,4073,3,66.9,0
17.832,4074,4,66.9,0
17.832,4075,4,66.9,0
17.832,4076,5,66.9,0
17.833,4077,5,66.9,0
17.833,4078,5,66.9,0
17.833,4079,5,66.9,0
17.855,4080,4,66.9,0
17.855,4081,3,66.9,0
17.855,4082,3,66.9,0
17.855,4083,2,66.9,0
17.855,4084,1,66.9,0
17.855,4085,1,66.9,0
17.855,4086,0,66.9,1
17.873,4087,0,66.9,1
17.873,4088,0,66.9,1
17.873,4089,0,66.9,1
17.873,4090,0,66.9,1
17.873,4091,-1,66.9,0
17.873,4092,-1,66.9,0
17.906,4093,-1,66.9,0
17.906,4094,-2,66.9,0
17.906,4095,-2,66.9,0
17.906,4096,-2,66.9,0
17.906,4097,-2,66.9,0
17.925,4098,-3,66.9,0
17.925,4099,-3,66.9,0
17.925,4100,-4,66.9,0
17.925,4101,-4,66.9,0
17.925,4102,-4,66.9,0
17.944,4103,-3,66.9,0
17.944,4104,-3,66.9,0
17.944,4105,-3,66.9,0
17.944,4106,-3,66.9,0
17.944,4107,-3,66.9,0
17.965,4108,-3,66.9,0
17.965,4109,-3,66.9,0
17.965,4110,-3,66.9,0
17.966,4111,-3,66.9,0
17.966,4112,-3,66.9,0
17.987,4113,-3,66.9,0
17.987,4114,-3,66.9,0
17.987,4115,-3,66.9,0
17.987,4116,-3,66.9,0
17.987,4117,-3,66.9,0
18.003,4118,-3,66.9,0
18.003,4119,-3,66.9,0
18.003,4120,-3,66.9,0
18.003,4121,-3,66.9,0
18.003,4122,-3,66.9,0
18.027,4123,-2,66.9,0
18.027,4124,-2,66.9,0
18.027,4125,-3,66.9,0
18.027,4126,-3,66.9,0
18.027,4127,-3,66.9,0
18.047,4128,-3,66.9,0
18.047,4129,-3,66.9,0
18.047,4130,-4,66.9,0
18.048,4131,-4,66.9,0
18.048,4132,-4,66.9,0
18.062,4133,-4,66.9,0
18.062,4134,-5,66.9,0
18.062,4135,-5,66.9,0
18.062,4136,-4,66.9,0
18.062,4137,-4,66.9,0
18.083,4138,-4,66.9,0
18.083,4139,-4,66.9,0
18.083,4140,-4,66.9,0
18.083,4141,-4,66.9,0
18.083,4142,-3,66.9,0
18.113,4143,-4,66.9,0
18.113,4144,-4,66.9,0
18.113,4145,-4,66.9,0
18.113,4146,-4,66.9,0
18.113,4147,-3,66.9,0
18.134,4148,-3,66.9,0
18.135,4149,-1,66.9,0
18.135,4150,0,66.9,1
18.135,4151,1,66.9,0
18.135,4152,2,66.9,0
18.135,4153,4,66.9,0
18.156,4154,7,66.9,0
18.157,4155,11,66.9,0
18.157,4156,18,66.9,0
18.157,4157,26,66.9,0
18.157,4158,33,66.9,0
18.175,4159,39,66.9,0
18.175,4160,43,66.9,0
18.175,4161,46,66.0,0
18.175,4162,48,66.0,0
18.175,4163,47,66.0,0
18.192,4164,44,66.0,0
18.192,4165,40,66.0,0
18.192,4166,35,66.0,0
18.192,4167,30,66.0,0
18.192,4168,24,66.0,0
18.212,4169,18,66.0,0
18.212,4170,13,66.0,0
18.212,4171,8,66.0,0
18.212,4172,4,66.0,0
18.212,4173,0,66.0,1
18.212,4174,-3,66.0,0
18.233,4175,-7,66.0,0
18.233,4176,-10,66.0,0
18.233,4177,-12,66.0,0
18.233,4178,-14,66.0,0
18.252,4179,-16,66.0,0
18.252,4180,-18,66.0,0
18.253,4181,-19,66.0,0
18.253,4182,-20,66.0,0
18.273,4183,-22,66.0,0
18.273,4184,-25,66.0,0
18.273,4185,-32,66.0,0
18.273,4186,-44,66.0,0
18.294,4187,-60,66.0,0
18.294,4188,-78,66.0,0
18.294,4189,-90,66.0,0
18.294,4190,-85,66.0,0
18.316,4191,-51,66.0,0
18.316,4192,1,66.0,0
18.316,4193,71,66.0,0
18.316,4194,139,66.0,0
18.333,4195,199,66.0,0
18.333,4196,241,66.0,0
18.333,4197,246,66.0,0
18.333,4198,213,66.0,0
18.365,4199,144,66.0,0
18.365,4200,62,66.0,0
18.365,4201,-4,66.0,0
18.365,4202,-46,66.0,0
18.365,4203,-65,66.0,0
18.383,4204,-71,66.0,0
18.383,4205,-74,66.0,0
18.383,4206,-79,66.0,0
18.383,4207,-84,66.0,0
18.403,4208,-88,66.0,0
18.403,4209,-88,66.0,0
18.403,4210,-87,66.0,0
18.403,4211,-84,66.0,0
18.422,4212,-80,66.0,0
18.422,4213,-77,66.0,0
18.422,4214,-75,66.0,0
18.422,4215,-72,66.0,0
18.443,4216,-70,66.0,0
18.443,4217,-68,66.0,0
18.443,4218,-66,66.0,0
18.443,4219,-63,66.0,0
18.464,4220,-61,66.0,0
18.464,4221,-59,66.0,0
18.464,4222,-55,66.0,0
18.464,4223,-53,66.0,0
18.483,4224,-50,66.0,0
18.483,4225,-47,66.0,0
18.483,4226,-44,66.0,0
18.483,4227,-41,66.0,0
18.502,4228,-39,66.0,0
18.502,4229,-36,66.0,0
18.502,4230,-33,66.0,0
18.502,4231,-31,66.0,0
18.526,4232,-27,66.0,0
18.526,4233,-25,66.0,0
18.526,4234,-22,66.0,0
18.526,4235,-19,66.0,0
18.546,4236,-17,66.0,0
18.546,4237,-14,66.0,0
18.546,4238,-11,66.0,0
18.546,4239,-9,66.0,0
18.566,4240,-7,66.0,0
18.566,4241,-5,66.0,0
18.566,4242,-3,66.0,0
18.566,4243,-1,66.0,0
18.566,4244,0,66.0,1
18.566,4245,0,66.0,1
18.592,4246,1,66.0,0
18.592,4247,1,66.0,0
18.592,4248,1,66.0,0
18.592,4249,1,66.0,0
18.592,4250,0,66.0,1
18.592,4251,0,66.0,1
18.613,4252,0,66.0,1
18.613,4253,-1,66.0,0
18.613,4254,-2,66.0,0
18.613,4255,-3,66.0,0
18.613,4256,-5,66.0,0
18.633,4257,-6,66.0,0
18.633,4258,-7,66.0,0
18.633,4259,-9,66.0,0
18.633,4260,-11,66.0,0
18.633,4261,-12,66.0,0
18.653,4262,-13,66.0,0
18.653,4263,-14,66.0,0
18.653,4264,-16,66.0,0
18.653,4265,-17,66.0,0
18.673,4266,-18,66.0,0
18.673,4267,-19,66.0,0
18.673,4268,-19,66.0,0
18.673,4269,-20,66.0,0
18.693,4270,-21,66.0,0
18.694,4271,-21,66.0,0
18.694,4272,-21,66.0,0
18.694,4273,-21,66.0,0
18.713,4274,-20,66.0,0
18.713,4275,-19,66.0,0
18.713,4276,-18,66.0,0
18.713,4277,-17,66.0,0
18.732,4278,-16,66.0,0
18.732,4279,-15,66.0,0
18.732,4280,-14,66.0,0
18.732,4281,-11,66.0,0
18.752,4282,-9,66.0,0
18.752,4283,-7,66.0,0
18.752,4284,-7,66.0,0
18.752,4285,-6,66.0,0
18.752,4286,-4,66.0,0
18.776,4287,-3,66.0,0
18.776,4288,-1,66.0,0
18.776,4289,-1,66.0,0
18.776,4290,-1,66.0,0
18.780,4291,0,66.0,1
18.794,4292,0,66.0,1
18.794,4293,0,66.0,1
18.794,4294,0,66.0,1
18.794,4295,-1,66.0,0
18.794,4296,0,66.0,1
18.794,4297,0,66.0,1
18.794,4298,0,66.0,1
18.833,4299,-1,66.0,0
18.833,4300,-1,66.0,0
18.833,4301,-1,66.0,0
18.833,4302,-1,66.0,0
18.833,4303,-1,66.0,0
18.846,4304,-2,66.0,0
18.846,4305,-2,66.0,0
18.846,4306,-1,66.0,0
18.846,4307,-1,66.0,0
18.846,4308,-1,66.0,0
18.866,4309,-2,66.0,0
18.866,4310,-2,66.0,0
18.866,4311,-1,66.0,0
18.866,4312,-1,66.0,0
18.866,4313,0,66.0,1
18.886,4314,0,66.0,1
18.886,4315,0,66.0,1
18.886,4316,1,66.0,0
18.886,4317,1,66.0,0
18.886,4318,1,66.0,0
18.886,4319,0,66.0,1
18.886,4320,0,66.0,1
18.903,4321,0,66.0,1
18.903,4322,0,66.0,1
18.903,4323,0,66.0,1
18.903,4324,0,66.0,1
18.903,4325,0,66.0,1
18.903,4326,0,66.0,1
18.926,4327,0,66.0,1
18.926,4328,0,66.0,1
18.926,4329,0,66.0,1
18.926,4330,0,66.0,1
18.926,4331,1,66.0,0
18.926,4332,2,66.0,0
18.926,4333,3,66.0,0
18.943,4334,3,66.0,0
18.943,4335,3,66.0,0
18.943,4336,3,66.0,0
18.943,4337,3,66.0,0
18.943,4338,3,66.0,0
18.943,4339,3,66.0,0
18.943,4340,2,66.0,0
18.964,4341,3,66.0,0
18.964,4342,2,66.0,0
18.964,4343,1,66.0,0
18.964,4344,0,66.0,1
18.964,4345,0,66.0,1
18.964,4346,1,66.0,0
18.992,4347,0,66.0,1
18.992,4348,0,66.0,1
18.992,4349,0,66.0,1
18.992,4350,0,66.0,1
18.992,4351,0,66.0,1
18.992,4352,0,66.0,1
18.992,4353,1,66.0,0
19.023,4354,1,66.0,0
19.023,4355,1,66.0,0
19.023,4356,3,66.0,0
19.023,4357,4,66.0,0
19.023,4358,6,66.0,0
19.023,4359,8,66.0,0
19.023,4360,9,66.0,0
19.044,4361,11,66.0,0
19.044,4362,12,66.0,0
19.044,4363,14,66.0,0
19.044,4364,17,66.0,0
19.044,4365,22,66.0,0
19.062,4366,29,66.0,0
19.062,4367,36,66.0,0
19.062,4368,42,66.0,0
19.062,4369,47,66.4,0
19.062,4370,51,66.4,0
19.084,4371,53,66.4,0
19.084,4372,53,66.4,0
19.084,4373,52,66.4,0
19.084,4374,49,66.4,0
19.084,4375,45,66.4,0
19.103,4376,40,66.4,0
19.103,4377,33,66.4,0
19.103,4378,27,66.4,0
19.103,4379,21,66.4,0
19.103,4380,15,66.4,0
19.123,4381,11,66.4,0
19.123,4382,6,66.4,0
19.123,4383,2,66.4,0
19.123,4384,-1,66.4,0
19.123,4385,-4,66.4,0
19.146,4386,-6,66.4,0
19.146,4387,-9,66.4,0
19.146,4388,-11,66.4,0
19.146,4389,-13,66.4,0
19.173,4390,-15,66.4,0
19.173,4391,-16,66.4,0
19.173,4392,-18,66.4,0
19.173,4393,-20,66.4,0
19.193,4394,-24,66.4,0
19.193,4395,-32,66.4,0
19.193,4396,-45,66.4,0
19.193,4397,-62,66.4,0
19.212,4398,-79,66.4,0
19.212,4399,-85,66.4,0
19.212,4400,-69,66.4,0
19.213,4401,-23,66.4,0
19.213,4402,35,66.4,0
19.234,4403,108,66.4,0
19.234,4404,172,66.4,0
19.234,4405,228,66.4,0
19.234,4406,277,66.4,0
19.252,4407,301,66.4,0
19.252,4408,290,66.4,0
19.252,4409,241,66.4,0
19.252,4410,162,66.4,0
19.273,4411,80,66.4,0
19.273,4412,15,66.4,0
19.273,4413,-25,66.4,0
19.273,4414,-45,66.4,0
19.293,4415,-53,66.4,0
19.293,4416,-58,66.4,0
19.293,4417,-64,66.4,0
19.293,4418,-71,66.4,0
19.312,4419,-77,66.4,0
19.312,4420,-81,66.4,0
19.312,4421,-83,66.4,0
19.312,4422,-83,66.4,0
19.332,4423,-82,66.4,0
19.332,4424,-82,66.4,0
19.332,4425,-81,66.4,0
19.332,4426,-80,66.4,0
19.355,4427,-79,66.4,0
19.355,4428,-78,66.4,0
19.355,4429,-76,66.4,0
19.355,4430,-74,66.4,0
19.373,4431,-72,66.4,0
19.373,4432,-69,66.4,0
19.373,4433,-68,66.4,0
19.373,4434,-66,66.4,0
19.402,4435,-63,66.4,0
19.402,4436,-61,66.4,0
19.402,4437,-59,66.4,0
19.402,4438,-57,66.4,0
19.422,4439,-55,66.4,0
19.422,4440,-52,66.4,0
19.422,4441,-50,66.4,0
19.422,4442,-46,66.4,0
19.444,4443,-44,66.4,0
19.444,4444,-41,66.4,0
19.444,4445,-37,66.4,0
19.444,4446,-34,66.4,0
19.463,4447,-29,66.4,0
19.463,4448,-25,66.4,0
19.463,4449,-22,66.4,0
19.463,4450,-20,66.4,0
19.482,4451,-18,66.4,0
19.482,4452,-16,66.4,0
19.482,4453,-14,66.4,0
19.482,4454,-12,66.4,0
19.503,4455,-11,66.4,0
19.503,4456,-9,66.4,0
19.503,4457,-7,66.4,0
19.503,4458,-6,66.4,0
19.503,4459,-6,66.4,0
19.522,4460,-6,66.4,0
19.523,4461,-5,66.4,0
19.523,4462,-5,66.4,0
19.523,4463,-4,66.4,0
19.523,4464,-5,66.4,0
19.546,4465,-6,66.4,0
19.546,4466,-8,66.4,0
19.546,4467,-9,66.4,0
19.546,4468,-11,66.4,0
19.566,4469,-12,66.4,0
19.566,4470,-15,66.4,0
19.566,4471,-17,66.4,0
19.566,4472,-19,66.4,0
19.582,4473,-22,66.4,0
19.582,4474,-23,66.4,0
19.582,4475,-25,66.4,0
19.582,4476,-25,66.4,0
19.613,4477,-26,66.4,0
19.613,4478,-27,66.4,0
19.613,4479,-27,66.4,0
19.613,4480,-27,66.4,0
19.636,4481,-26,66.4,0
19.636,4482,-25,66.4,0
19.636,4483,-24,66.4,0
19.636,4484,-23,66.4,0
19.652,4485,-22,66.4,0
19.652,4486,-20,66.4,0
19.652,4487,-19,66.4,0
19.652,4488,-19,66.4,0
19.676,4489,-18,66.4,0
19.676,4490,-16,66.4,0
19.676,4491,-14,66.4,0
19.676,4492,-13,66.4,0
19.700,4493,-12,66.4,0
19.700,4494,-8,66.4,0
19.700,4495,-8,66.4,0
19.700,4496,-5,66.4,0
19.700,4497,-5,66.4,0
19.716,4498,-5,66.4,0
19.716,4499,-5,66.4,0
19.716,4500,-5,66.4,0
19.716,4501,-5,66.4,0
19.716,4502,-5,66.4,0
19.736,4503,-5,66.4,0
19.736,4504,-4,66.4,0
19.736,4505,-4,66.4,0
19.736,4506,-4,66.4,0
19.736,4507,-4,66.4,0
19.758,4508,-4,66.4,0
19.758,4509,-4,66.4,0
19.758,4510,-4,66.4,0
19.758,4511,-4,66.4,0
19.758,4512,-4,66.4,0
19.772,4513,-5,66.4,0
19.772,4514,-5,66.4,0
19.772,4515,-5,66.4,0
19.772,4516,-6,66.4,0
19.772,4517,-6,66.4,0
19.792,4518,-6,66.4,0
19.792,4519,-6,66.4,0
19.792,4520,-6,66.4,0
19.792,4521,-6,66.4,0
19.792,4522,-6,66.4,0
19.812,4523,-5,66.4,0
19.813,4524,-5,66.4,0
19.813,4525,-4,66.4,0
19.813,4526,-4,66.4,0
19.813,4527,-3,66.4,0
19.845,4528,-2,66.4,0
19.845,4529,-2,66.4,0
19.845,4530,-2,66.4,0
19.845,4531,-1,66.4,0
19.845,4532,-1,66.4,0
19.845,4533,0,66.4,1
19.864,4534,0,66.4,1
19.864,4535,0,66.4,1
19.864,4536,0,66.4,1
19.864,4537,0,66.4,1
19.864,4538,0,66.4,1
19.864,4539,1,66.4,0
19.882,4540,1,66.4,0
19.882,4541,1,66.4,0
19.882,4542,1,66.4,0
19.882,4543,1,66.4,0
19.882,4544,1,66.4,0
19.882,4545,2,66.4,0
19.882,4546,2,66.4,0
19.904,4547,3,66.4,0
19.904,4548,3,66.4,0
19.904,4549,3,66.4,0
19.904,4550,3,66.4,0
19.904,4551,4,66.4,0
19.904,4552,4,66.4,0
19.904,4553,4,66.4,0
19.925,4554,4,66.4,0
19.925,4555,5,66.4,0
19.925,4556,6,66.4,0
19.925,4557,7,66.4,0
19.925,4558,9,66.4,0
19.925,4559,10,66.4,0
19.944,4560,11,66.4,0
19.944,4561,13,66.4,0
19.944,4562,15,66.4,0
19.944,4563,18,66.4,0
19.944,4564,23,66.4,0
19.965,4565,29,66.4,0
19.965,4566,36,66.4,0
19.965,4567,43,66.4,0
19.965,4568,48,66.4,0
19.965,4569,51,66.4,0
19.984,4570,54,66.4,0
19.984,4571,55,66.4,0
19.985,4572,54,66.4,0
19.985,4573,51,66.4,0
19.985,4574,46,66.4,0
20.002,4575,41,66.4,0
20.002,4576,36,66.4,0
20.002,4577,30,66.4,0
20.002,4578,25,66.4,0
20.002,4579,20,66.4,0
20.023,4580,15,66.4,0
20.023,4581,11,66.4,0
20.023,4582,7,66.4,0
20.023,4583,4,66.4,0
20.023,4584,0,66.4,1
20.023,4585,-1,66.4,0
20.047,4586,-3,66.4,0
20.047,4587,-5,66.4,0
20.047,4588,-7,66.4,0
20.047,4589,-8,66.4,0
20.047,4590,-9,66.4,0
20.073,4591,-10,66.4,0
20.073,4592,-12,66.4,0
20.073,4593,-16,66.4,0
20.073,4594,-25,66.4,0
20.093,4595,-39,66.4,0
20.093,4596,-55,66.4,0
20.093,4597,-68,66.4,0
20.093,4598,-70,66.4,0
20.112,4599,-49,66.4,0
20.112,4600,-2,66.4,0
20.112,4601,57,66.4,0
20.112,4602,128,66.4,0
20.133,4603,190,66.4,0
20.133,4604,244,66.4,0
20.133,4605,283,66.4,0
20.133,4606,292,66.4,0
20.153,4607,270,66.4,0
20.153,4608,217,66.4,0
20.153,4609,147,66.4,0
20.153,4610,77,66.4,0
20.174,4611,18,66.4,0
20.174,4612,-25,66.4,0
20.174,4613,-54,66.4,0
20.174,4614,-68,66.4,0
20.193,4615,-73,66.4,0
20.193,4616,-75,66.4,0
20.193,4617,-75,66.4,0
20.193,4618,-77,66.4,0
20.213,4619,-77,66.4,0
20.213,4620,-76,66.4,0
20.213,4621,-73,66.4,0
20.213,4622,-69,66.4,0
20.233,4623,-66,66.4,0
20.233,4624,-62,66.4,0
20.233,4625,-58,66.4,0
20.233,4626,-55,66.4,0
20.253,4627,-52,66.4,0
20.253,4628,-48,66.4,0
20.253,4629,-45,66.4,0
20.253,4630,-42,66.4,0
20.286,4631,-39,66.4,0
20.286,4632,-35,66.4,0
20.286,4633,-32,66.4,0
20.286,4634,-29,66.4,0
20.303,4635,-25,66.4,0
20.303,4636,-22,66.4,0
20.303,4637,-19,66.4,0
20.303,4638,-16,66.4,0
20.323,4639,-13,66.4,0
20.323,4640,-10,66.4,0
20.323,4641,-7,66.4,0
20.323,4642,-3,66.4,0
20.323,4643,0,66.4,1
20.323,4644,2,66.4,0
20.343,4645,5,66.4,0
20.343,4646,8,66.4,0
20.343,4647,11,66.4,0
20.343,4648,13,66.4,0
20.343,4649,16,66.4,0
20.363,4650,18,66.4,0
20.363,4651,19,66.4,0
20.363,4652,21,66.4,0
20.363,4653,22,66.4,0
20.363,4654,23,66.4,0
20.382,4655,24,66.4,0
20.382,4656,25,66.4,0
20.382,4657,26,66.4,0
20.382,4658,26,66.4,0
20.382,4659,27,66.4,0
20.403,4660,27,66.4,0
20.403,4661,27,66.4,0
20.403,4662,27,66.4,0
20.403,4663,26,66.4,0
20.403,4664,24,66.4,0
20.425,4665,23,66.4,0
20.425,4666,22,66.4,0
20.425,4667,21,66.4,0
20.425,4668,19,66.4,0
20.425,4669,17,66.4,0
20.443,4670,16,66.4,0
20.443,4671,15,66.4,0
20.443,4672,14,66.4,0
20.443,4673,12,66.4,0
20.443,4674,11,66.4,0
20.462,4675,10,66.4,0
20.462,4676,9,66.4,0
20.462,4677,8,66.4,0
20.462,4678,6,66.4,0
20.462,4679,5,66.4,0
20.462,4680,4,66.4,0
20.462,4681,3,66.4,0
20.482,4682,3,66.4,0
20.482,4683,3,66.4,0
20.482,4684,3,66.4,0
20.482,4685,3,66.4,0
20.482,4686,4,66.4,0
20.482,4687,4,66.4,0
20.512,4688,4,66.4,0
20.512,4689,4,66.4,0
20.512,4690,5,66.4,0
20.513,4691,6,66.4,0
20.513,4692,7,66.4,0
20.513,4693,8,66.4,0
20.513,4694,8,66.4,0
20.533,4695,9,66.4,0
20.533,4696,10,66.4,0
20.533,4697,11,66.4,0
20.533,4698,12,66.4,0
20.533,4699,12,66.4,0
20.556,4700,13,66.4,0
20.556,4701,14,66.4,0
20.556,4702,15,66.4,0
20.556,4703,16,66.4,0
20.556,4704,16,66.4,0
20.573,4705,16,66.4,0
20.573,4706,16,66.4,0
20.573,4707,16,66.4,0
20.573,4708,16,66.4,0
20.573,4709,16,66.4,0
20.592,4710,16,66.4,0
20.593,4711,16,66.4,0
20.593,4712,15,66.4,0
20.593,4713,15,66.4,0
20.593,4714,14,66.4,0
20.613,4715,14,66.4,0
20.613,4716,13,66.4,0
20.613,4717,12,66.4,0
20.613,4718,12,66.4,0
20.613,4719,12,66.4,0
20.633,4720,11,66.4,0
20.633,4721,11,66.4,0
20.633,4722,11,66.4,0
20.633,4723,10,66.4,0
20.633,4724,9,66.4,0
20.633,4725,9,66.4,0
20.655,4726,8,66.4,0
20.656,4727,7,66.4,0
20.656,4728,7,66.4,0
20.656,4729,7,66.4,0
20.656,4730,7,66.4,0
20.656,4731,7,66.4,0
20.676,4732,7,66.4,0
20.676,4733,7,66.4,0
20.676,4734,7,66.4,0
20.676,4735,7,66.4,0
20.676,4736,7,66.4,0
20.676,4737,6,66.4,0
20.676,4738,6,66.4,0
20.695,4739,6,66.4,0
20.695,4740,6,66.4,0
20.695,4741,6,66.4,0
20.695,4742,6,66.4,0
20.695,4743,5,66.4,0
20.695,4744,5,66.4,0
20.695,4745,5,66.4,0
20.723,4746,5,66.4,0
20.723,4747,5,66.4,0
20.723,4748,5,66.4,0
20.723,4749,5,66.4,0
20.723,4750,6,66.4,0
20.723,4751,6,66.4,0
20.743,4752,6,66.4,0
20.743,4753,7,66.4,0
20.743,4754,7,66.4,0
20.743,4755,7,66.4,0
20.743,4756,8,66.4,0
20.743,4757,8,66.4,0
20.743,4758,7,66.4,0
20.773,4759,7,66.4,0
20.773,4760,7,66.4,0
20.773,4761,7,66.4,0
20.773,4762,7,66.4,0
20.773,4763,6,66.4,0
20.773,4764,6,66.4,0
20.773,4765,6,66.4,0
20.793,4766,6,66.4,0
20.793,4767,7,66.4,0
20.793,4768,8,66.4,0
20.793,4769,9,66.4,0
20.793,4770,11,66.4,0
20.794,4771,12,66.4,0
20.823,4772,13,66.4,0
20.823,4773,14,66.4,0
20.823,4774,15,66.4,0
20.823,4775,18,66.4,0
20.823,4776,22,66.4,0
20.843,4777,29,66.4,0
20.843,4778,37,66.4,0
20.843,4779,44,66.4,0
20.843,4780,51,66.9,0
20.844,4781,56,66.9,0
20.865,4782,58,66.9,0
20.865,4783,59,66.9,0
20.865,4784,57,66.9,0
20.865,4785,55,66.9,0
20.865,4786,50,66.9,0
20.885,4787,45,66.9,0
20.885,4788,39,66.9,0
20.886,4789,32,66.9,0
20.886,4790,26,66.9,0
20.886,4791,20,66.9,0
20.904,4792,14,66.9,0
20.904,4793,9,66.9,0
20.904,4794,4,66.9,0
20.904,4795,1,66.9,0
20.904,4796,-2,66.9,0
20.926,4797,-5,66.9,0
20.926,4798,-8,66.9,0
20.926,4799,-10,66.9,0
20.926,4800,-12,66.9,0
20.926,4801,-14,66.9,0
20.942,4802,-15,66.9,0
20.942,4803,-17,66.9,0
20.942,4804,-19,66.9,0
20.942,4805,-23,66.9,0
20.962,4806,-30,66.9,0
20.962,4807,-43,66.9,0
20.962,4808,-61,66.9,0
20.962,4809,-79,66.9,0
20.985,4810,-89,66.9,0
20.985,4811,-79,66.9,0
20.985,4812,-38,66.9,0
20.985,4813,16,66.9,0
21.013,4814,87,66.9,0
21.013,4815,153,66.9,0
21.013,4816,211,66.9,0
21.013,4817,261,66.9,0
21.032,4818,296,66.9,0
21.032,4819,293,66.9,0
21.032,4820,256,66.9,0
21.032,4821,183,66.9,0
21.052,4822,98,66.9,0
21.052,4823,26,66.9,0
21.052,4824,-21,66.9,0
21.052,4825,-45,66.9,0
21.072,4826,-55,66.9,0
21.072,4827,-59,66.9,0
21.072,4828,-64,66.9,0
21.072,4829,-70,66.9,0
21.093,4830,-76,66.9,0
21.093,4831,-80,66.9,0
21.093,4832,-83,66.9,0
21.093,4833,-83,66.9,0
21.112,4834,-82,66.9,0
21.112,4835,-81,66.9,0
21.112,4836,-80,66.9,0
21.112,4837,-78,66.9,0
21.133,4838,-76,66.9,0
21.133,4839,-74,66.9,0
21.133,4840,-72,66.9,0
21.133,4841,-71,66.9,0
21.153,4842,-69,66.9,0
21.153,4843,-67,66.9,0
21.153,4844,-65,66.9,0
21.153,4845,-64,66.9,0
21.172,4846,-62,66.9,0
21.172,4847,-59,66.9,0
21.172,4848,-57,66.9,0
21.172,4849,-53,66.9,0
21.192,4850,-50,66.9,0
21.192,4851,-45,66.9,0
21.192,4852,-42,66.9,0
21.192,4853,-40,66.9,0
21.227,4854,-37,66.9,0
21.227,4855,-35,66.9,0
21.227,4856,-32,66.9,0
21.227,4857,-29,66.9,0
21.244,4858,-27,66.9,0
21.244,4859,-25,66.9,0
21.244,4860,-22,66.9,0
21.244,4861,-20,66.9,0
21.263,4862,-17,66.9,0
21.263,4863,-15,66.9,0
21.263,4864,-12,66.9,0
21.263,4865,-11,66.9,0
21.263,4866,-9,66.9,0
21.283,4867,-8,66.9,0
21.283,4868,-6,66.9,0
21.283,4869,-5,66.9,0
21.283,4870,-4,66.9,0
21.283,4871,-4,66.9,0
21.302,4872,-5,66.9,0
21.302,4873,-5,66.9,0
21.302,4874,-6,66.9,0
21.302,4875,-7,66.9,0
21.302,4876,-7,66.9,0
21.323,4877,-9,66.9,0
21.323,4878,-11,66.9,0
21.323,4879,-13,66.9,0
21.323,4880,-16,66.9,0
21.343,4881,-18,66.9,0
21.343,4882,-20,66.9,0
21.343,4883,-22,66.9,0
21.343,4884,-24,66.9,0
21.362,4885,-26,66.9,0
21.362,4886,-28,66.9,0
21.362,4887,-29,66.9,0
21.362,4888,-30,66.9,0
21.383,4889,-31,66.9,0
21.383,4890,-32,66.9,0
21.383,4891,-31,66.9,0
21.383,4892,-30,66.9,0
21.404,4893,-30,66.9,0
21.404,4894,-29,66.9,0
21.404,4895,-28,66.9,0
21.404,4896,-28,66.9,0
21.422,4897,-26,66.9,0
21.422,4898,-25,66.9,0
21.422,4899,-24,66.9,0
21.422,4900,-22,66.9,0
21.452,4901,-21,66.9,0
21.452,4902,-19,66.9,0
21.452,4903,-17,66.9,0
21.452,4904,-14,66.9,0
21.472,4905,-13,66.9,0
21.472,4906,-12,66.9,0
21.472,4907,-12,66.9,0
21.472,4908,-12,66.9,0
21.492,4909,-11,66.9,0
21.492,4910,-11,66.9,0
21.492,4911,-11,66.9,0
21.492,4912,-11,66.9,0
21.513,4913,-11,66.9,0
21.513,4914,-11,66.9,0
21.513,4915,-11,66.9,0
21.513,4916,-10,66.9,0
21.532,4917,-10,66.9,0
21.532,4918,-10,66.9,0
21.532,4919,-10,66.9,0
21.532,4920,-10,66.9,0
21.554,4921,-11,66.9,0
21.554,4922,-10,66.9,0
21.554,4923,-10,66.9,0
21.554,4924,-9,66.9,0
21.576,4925,-9,66.9,0
21.576,4926,-9,66.9,0
21.576,4927,-8,66.9,0
21.576,4928,-8,66.9,0
21.576,4929,-7,66.9,0
21.597,4930,-7,66.9,0
21.597,4931,-6,66.9,0
21.597,4932,-5,66.9,0
21.597,4933,-5,66.9,0
21.597,4934,-5,66.9,0
21.613,4935,-5,66.9,0
21.613,4936,-5,66.9,0
21.613,4937,-5,66.9,0
21.613,4938,-5,66.9,0
21.613,4939,-5,66.9,0
21.632,4940,-5,66.9,0
21.633,4941,-5,66.9,0
21.633,4942,-5,66.9,0
21.633,4943,-5,66.9,0
21.633,4944,-6,66.9,0
21.652,4945,-6,66.9,0
21.652,4946,-6,66.9,0
21.652,4947,-6,66.9,0
21.652,4948,-6,66.9,0
21.652,4949,-7,66.9,0
21.682,4950,-7,66.9,0
21.683,4951,-7,66.9,0
21.683,4952,-7,66.9,0
21.683,4953,-6,66.9,0
21.683,4954,-7,66.9,0
21.706,4955,-6,66.9,0
21.706,4956,-6,66.9,0
21.706,4957,-6,66.9,0
21.706,4958,-6,66.9,0
21.706,4959,-7,66.9,0
21.724,4960,-7,66.9,0
21.724,4961,-7,66.9,0
21.724,4962,-6,66.9,0
21.724,4963,-5,66.9,0
21.724,4964,-4,66.9,0
21.748,4965,-2,66.9,0
21.748,4966,0,66.9,1
21.748,4967,2,66.9,0
21.748,4968,4,66.9,0
21.748,4969,6,66.9,0
21.748,4970,7,66.9,0
21.748,4971,9,66.9,0
21.764,4972,12,66.9,0
21.764,4973,17,66.9,0
21.764,4974,23,66.9,0
21.764,4975,31,66.9,0
21.764,4976,38,66.9,0
21.783,4977,44,66.9,0
21.783,4978,48,66.1,0
21.783,4979,50,66.1,0
21.783,4980,50,66.1,0
21.784,4981,49,66.1,0
21.803,4982,46,66.1,0
21.803,4983,41,66.1,0
21.803,4984,36,66.1,0
21.803,4985,31,66.1,0
21.803,4986,26,66.1,0
21.823,4987,21,66.1,0
21.823,4988,15,66.1,0
21.823,4989,10,66.1,0
21.823,4990,5,66.1,0
21.823,4991,1,66.1,0
21.842,4992,-2,66.1,0
21.842,4993,-5,66.1,0
21.842,4994,-9,66.1,0
21.842,4995,-12,66.1,0
21.842,4996,-14,66.1,0
21.865,4997,-16,66.1,0
21.865,4998,-17,66.1,0
21.865,4999,-19,66.1,0
21.865,5000,-20,66.1,0
21.882,5001,-22,66.1,0
21.882,5002,-26,66.1,0
21.882,5003,-36,66.1,0
21.882,5004,-50,66.1,0
21.913,5005,-68,66.1,0
21.913,5006,-85,66.1,0
21.913,5007,-90,66.1,0
21.913,5008,-51,66.1,0
21.932,5009,-7,66.1,0
21.932,5010,71,66.1,0
21.933,5011,138,66.1,0
21.933,5012,170,66.1,0
21.955,5013,165,66.1,0
21.955,5014,118,66.1,0
21.955,5015,46,66.1,0
21.955,5016,-22,66.1,0
21.973,5017,-68,66.1,0
21.973,5018,-91,66.1,0
21.973,5019,-97,66.1,0
21.973,5020,-96,66.1,0
21.993,5021,-93,66.1,0
21.993,5022,-92,66.1,0
21.993,5023,-90,66.1,0
21.993,5024,-88,66.1,0
22.013,5025,-87,66.1,0
22.013,5026,-85,66.1,0
22.013,5027,-82,66.1,0
22.013,5028,-79,66.1,0
22.033,5029,-76,66.1,0
22.033,5030,-74,66.1,0
22.033,5031,-72,66.1,0
22.033,5032,-69,66.1,0
22.053,5033,-66,66.1,0
22.053,5034,-63,66.1,0
22.053,5035,-60,66.1,0
22.053,5036,-56,66.1,0
22.073,5037,-53,66.1,0
22.073,5038,-50,66.1,0
22.073,5039,-47,66.1,0
22.073,5040,-44,66.1,0
22.092,5041,-42,66.1,0
22.092,5042,-39,66.1,0
22.093,5043,-36,66.1,0
22.093,5044,-33,66.1,0
22.123,5045,-31,66.1,0
22.123,5046,-29,66.1,0
22.123,5047,-27,66.1,0
22.123,5048,-25,66.1,0
22.142,5049,-22,66.1,0
22.142,5050,-19,66.1,0
22.142,5051,-16,66.1,0
22.142,5052,-13,66.1,0
22.165,5053,-10,66.1,0
22.165,5054,-6,66.1,0
22.165,5055,-3,66.1,0
22.165,5056,-1,66.1,0
22.165,5057,0,66.1,1
22.165,5058,1,66.1,0
22.182,5059,3,66.1,0
22.182,5060,5,66.1,0
22.182,5061,6,66.1,0
22.182,5062,7,66.1,0
22.182,5063,8,66.1,0
22.182,5064,8,66.1,0
22.203,5065,8,66.1,0
22.203,5066,6,66.1,0
22.203,5067,5,66.1,0
22.203,5068,4,66.1,0
22.203,5069,3,66.1,0
22.203,5070,1,66.1,0
22.203,5071,0,66.1,1
22.224,5072,-2,66.1,0
22.224,5073,-5,66.1,0
22.224,5074,-6,66.1,0
22.224,5075,-8,66.1,0
22.224,5076,-10,66.1,0
22.242,5077,-12,66.1,0
22.243,5078,-13,66.1,0
22.243,5079,-15,66.1,0
22.243,5080,-16,66.1,0
22.264,5081,-18,66.1,0
22.264,5082,-18,66.1,0
22.264,5083,-19,66.1,0
22.264,5084,-19,66.1,0
22.286,5085,-19,66.1,0
22.286,5086,-20,66.1,0
22.286,5087,-20,66.1,0
22.286,5088,-20,66.1,0
22.303,5089,-20,66.1,0
22.303,5090,-19,66.1,0
22.303,5091,-19,66.1,0
22.303,5092,-17,66.1,0
22.322,5093,-16,66.1,0
22.323,5094,-15,66.1,0
22.323,5095,-14,66.1,0
22.323,5096,-12,66.1,0
22.356,5097,-10,66.1,0
22.356,5098,-8,66.1,0
22.356,5099,-5,66.1,0
22.356,5100,-3,66.1,0
22.356,5101,0,66.1,1
22.372,5102,0,66.1,1
22.372,5103,1,66.1,0
22.372,5104,1,66.1,0
22.372,5105,2,66.1,0
22.372,5106,2,66.1,0
22.372,5107,3,66.1,0
22.393,5108,4,66.1,0
22.393,5109,4,66.1,0
22.393,5110,5,66.1,0
22.393,5111,5,66.1,0
22.393,5112,6,66.1,0
22.393,5113,5,66.1,0
22.393,5114,5,66.1,0
22.415,5115,5,66.1,0
22.415,5116,5,66.1,0
22.415,5117,5,66.1,0
22.415,5118,4,66.1,0
22.415,5119,4,66.1,0
22.415,5120,4,66.1,0
22.415,5121,4,66.1,0
22.433,5122,3,66.1,0
22.433,5123,3,66.1,0
22.433,5124,2,66.1,0
22.433,5125,2,66.1,0
22.433,5126,2,66.1,0
22.433,5127,2,66.1,0
22.452,5128,2,66.1,0
22.452,5129,2,66.1,0
22.452,5130,2,66.1,0
22.452,5131,2,66.1,0
22.452,5132,1,66.1,0
22.452,5133,0,66.1,1
22.452,5134,0,66.1,1
22.473,5135,0,66.1,1
22.473,5136,0,66.1,1
22.473,5137,0,66.1,1
22.473,5138,0,66.1,1
22.473,5139,-1,66.1,0
22.473,5140,-1,66.1,0
22.493,5141,-1,66.1,0
22.493,5142,-2,66.1,0
22.493,5143,-3,66.1,0
22.493,5144,-2,66.1,0
22.493,5145,-2,66.1,0
22.513,5146,-2,66.1,0
22.513,5147,-2,66.1,0
22.513,5148,-2,66.1,0
22.513,5149,-2,66.1,0
22.513,5150,-2,66.1,0
22.536,5151,-1,66.1,0
22.536,5152,-1,66.1,0
22.536,5153,-2,66.1,0
22.536,5154,-1,66.1,0
22.536,5155,-1,66.1,0
22.566,5156,-1,66.1,0
22.566,5157,-2,66.1,0
22.566,5158,-2,66.1,0
22.566,5159,-2,66.1,0
22.566,5160,-3,66.1,0
22.583,5161,-2,66.1,0
22.583,5162,-3,66.1,0
22.583,5163,-3,66.1,0
22.583,5164,-3,66.1,0
22.583,5165,-2,66.1,0
22.605,5166,-2,66.1,0
22.605,5167,-2,66.1,0
22.605,5168,-3,66.1,0
22.605,5169,-3,66.1,0
22.605,5170,-2,66.1,0
22.622,5171,-1,66.1,0
22.622,5172,-1,66.1,0
22.622,5173,0,66.1,1
22.622,5174,1,66.1,0
22.622,5175,2,66.1,0
22.622,5176,4,66.1,0
22.644,5177,6,66.1,0
22.644,5178,8,66.1,0
22.644,5179,11,66.1,0
22.644,5180,15,66.1,0
22.644,5181,21,66.1,0
22.665,5182,28,66.1,0
22.665,5183,34,66.1,0
22.665,5184,40,66.1,0
22.665,5185,44,66.1,0
22.665,5186,47,66.6,0
22.682,5187,47,66.6,0
22.682,5188,46,66.6,0
22.682,5189,43,66.6,0
22.682,5190,38,66.6,0
22.682,5191,33,66.6,0
22.703,5192,28,66.6,0
22.703,5193,21,66.6,0
22.703,5194,15,66.6,0
22.703,5195,9,66.6,0
22.703,5196,4,66.6,0
22.703,5197,0,66.6,1
22.725,5198,-3,66.6,0
22.725,5199,-6,66.6,0
22.725,5200,-9,66.6,0
22.725,5201,-11,66.6,0
22.725,5202,-13,66.6,0
22.753,5203,-14,66.6,0
22.753,5204,-16,66.6,0
22.753,5205,-16,66.6,0
22.753,5206,-17,66.6,0
22.773,5207,-18,66.6,0
22.773,5208,-19,66.6,0
22.773,5209,-23,66.6,0
22.773,5210,-29,66.6,0
22.797,5211,-41,66.6,0
22.797,5212,-55,66.6,0
22.797,5213,-71,66.6,0
22.797,5214,-78,66.6,0
22.813,5215,-68,66.6,0
22.813,5216,-28,66.6,0
22.813,5217,26,66.6,0
22.813,5218,96,66.6,0
22.832,5219,163,66.6,0
22.832,5220,222,66.6,0
22.832,5221,270,66.6,0
22.832,5222,292,66.6,0
22.857,5223,283,66.6,0
22.857,5224,238,66.6,0
22.857,5225,169,66.6,0
22.857,5226,95,66.6,0
22.875,5227,29,66.6,0
22.875,5228,-20,66.6,0
22.875,5229,-52,66.6,0
22.875,5230,-69,66.6,0
22.895,5231,-76,66.6,0
22.895,5232,-79,66.6,0
22.895,5233,-81,66.6,0
22.896,5234,-82,66.6,0
22.925,5235,-83,66.6,0
22.925,5236,-82,66.6,0
22.925,5237,-80,66.6,0
22.925,5238,-76,66.6,0
22.936,5239,-73,66.6,0
22.936,5240,-69,66.6,0
22.936,5241,-66,66.6,0
22.936,5242,-64,66.6,0
22.953,5243,-62,66.6,0
22.953,5244,-59,66.6,0
22.953,5245,-56,66.6,0
22.953,5246,-53,66.6,0
22.983,5247,-50,66.6,0
22.983,5248,-48,66.6,0
22.983,5249,-45,66.6,0
22.983,5250,-42,66.6,0
23.003,5251,-39,66.6,0
23.003,5252,-37,66.6,0
23.003,5253,-34,66.6,0
23.003,5254,-32,66.6,0
23.023,5255,-30,66.6,0
23.023,5256,-26,66.6,0
23.023,5257,-23,66.6,0
23.023,5258,-19,66.6,0
23.043,5259,-15,66.6,0
23.043,5260,-12,66.6,0
23.043,5261,-8,66.6,0
23.043,5262,-5,66.6,0
23.043,5263,-1,66.6,0
23.062,5264,1,66.6,0
23.062,5265,4,66.6,0
23.062,5266,6,66.6,0
23.062,5267,9,66.6,0
23.062,5268,12,66.6,0
23.062,5269,15,66.6,0
23.083,5270,16,66.6,0
23.083,5271,17,66.6,0
23.083,5272,18,66.6,0
23.083,5273,18,66.6,0
23.083,5274,18,66.6,0
23.103,5275,17,66.6,0
23.103,5276,17,66.6,0
23.103,5277,17,66.6,0
23.103,5278,16,66.6,0
23.103,5279,15,66.6,0
23.122,5280,13,66.6,0
23.123,5281,12,66.6,0
23.123,5282,10,66.6,0
23.123,5283,8,66.6,0
23.123,5284,6,66.6,0
23.123,5285,4,66.6,0
23.145,5286,2,66.6,0
23.146,5287,0,66.6,1
23.146,5288,-1,66.6,0
23.146,5289,-2,66.6,0
23.146,5290,-4,66.6,0
23.163,5291,-5,66.6,0
23.163,5292,-5,66.6,0
23.163,5293,-6,66.6,0
23.163,5294,-7,66.6,0
23.163,5295,-7,66.6,0
23.182,5296,-8,66.6,0
23.182,5297,-8,66.6,0
23.182,5298,-8,66.6,0
23.182,5299,-8,66.6,0
23.182,5300,-8,66.6,0
23.213,5301,-8,66.6,0
23.213,5302,-8,66.6,0
23.213,5303,-7,66.6,0
23.213,5304,-6,66.6,0
23.213,5305,-5,66.6,0
23.234,5306,-4,66.6,0
23.234,5307,-3,66.6,0
23.234,5308,-1,66.6,0
23.234,5309,0,66.6,1
23.234,5310,0,66.6,1
23.234,5311,2,66.6,0
23.253,5312,3,66.6,0
23.253,5313,5,66.6,0
23.253,5314,7,66.6,0
23.253,5315,8,66.6,0
23.253,5316,10,66.6,0
23.253,5317,10,66.6,0
23.273,5318,10,66.6,0
23.273,5319,9,66.6,0
23.273,5320,9,66.6,0
23.273,5321,10,66.6,0
23.273,5322,11,66.6,0
23.273,5323,11,66.6,0
23.296,5324,11,66.6,0
23.296,5325,11,66.6,0
23.296,5326,11,66.6,0
23.296,5327,11,66.6,0
23.296,5328,11,66.6,0
23.312,5329,10,66.6,0
23.312,5330,10,66.6,0
23.312,5331,9,66.6,0
23.312,5332,9,66.6,0
23.312,5333,9,66.6,0
23.312,5334,9,66.6,0
23.333,5335,8,66.6,0
23.333,5336,8,66.6,0
23.333,5337,8,66.6,0
23.333,5338,7,66.6,0
23.333,5339,6,66.6,0
23.333,5340,6,66.6,0
23.353,5341,6,66.6,0
23.353,5342,7,66.6,0
23.353,5343,7,66.6,0
23.353,5344,6,66.6,0
23.353,5345,6,66.6,0
23.353,5346,7,66.6,0
23.353,5347,7,66.6,0
23.372,5348,8,66.6,0
23.372,5349,8,66.6,0
23.372,5350,8,66.6,0
23.372,5351,8,66.6,0
23.372,5352,8,66.6,0
23.372,5353,8,66.6,0
23.372,5354,8,66.6,0
23.403,5355,8,66.6,0
23.403,5356,8,66.6,0
23.403,5357,8,66.6,0
23.403,5358,8,66.6,0
23.403,5359,8,66.6,0
23.403,5360,8,66.6,0
23.422,5361,8,66.6,0
23.422,5362,9,66.6,0
23.422,5363,9,66.6,0
23.422,5364,10,66.6,0
23.422,5365,11,66.6,0
23.422,5366,11,66.6,0
23.446,5367,11,66.6,0
23.446,5368,11,66.6,0
23.446,5369,11,66.6,0
23.446,5370,11,66.6,0
23.446,5371,11,66.6,0
23.473,5372,12,66.6,0
23.473,5373,12,66.6,0
23.473,5374,13,66.6,0
23.473,5375,13,66.6,0
23.473,5376,13,66.6,0
23.492,5377,14,66.6,0
23.492,5378,16,66.6,0
23.492,5379,17,66.6,0
23.492,5380,19,66.6,0
23.492,5381,21,66.6,0
23.516,5382,22,66.6,0
23.516,5383,24,66.6,0
23.516,5384,27,66.6,0
23.516,5385,30,66.6,0
23.516,5386,36,66.6,0
23.532,5387,43,66.6,0
23.532,5388,50,67.2,0
23.532,5389,56,67.2,0
23.532,5390,60,67.2,0
23.532,5391,63,67.2,0
23.553,5392,65,67.2,0
23.553,5393,64,67.2,0
23.553,5394,62,67.2,0
23.553,5395,57,67.2,0
23.553,5396,53,67.2,0
23.574,5397,48,67.2,0
23.574,5398,42,67.2,0
23.575,5399,36,67.2,0
23.575,5400,30,67.2,0
23.575,5401,25,67.2,0
23.596,5402,20,67.2,0
23.596,5403,16,67.2,0
23.596,5404,12,67.2,0
23.596,5405,9,67.2,0
23.596,5406,6,67.2,0
23.596,5407,3,67.2,0
23.614,5408,1,67.2,0
23.614,5409,0,67.2,1
23.614,5410,-2,67.2,0
23.614,5411,-3,67.2,0
23.614,5412,-4,67.2,0
23.635,5413,-5,67.2,0
23.635,5414,-8,67.2,0
23.635,5415,-14,67.2,0
23.635,5416,-23,67.2,0
23.662,5417,-38,67.2,0
23.662,5418,-55,67.2,0
23.662,5419,-68,67.2,0
23.662,5420,-66,67.2,0
23.683,5421,-38,67.2,0
23.683,5422,11,67.2,0
23.683,5423,76,67.2,0
23.683,5424,145,67.2,0
23.683,5425,204,67.2,0
23.705,5426,256,67.2,0
23.705,5427,291,67.2,0
23.705,5428,295,67.2,0
23.705,5429,267,67.2,0
23.725,5430,207,67.2,0
23.725,5431,133,67.2,0
23.725,5432,63,67.2,0
23.725,5433,7,67.2,0
23.753,5434,-31,67.2,0
23.753,5435,-53,67.2,0
23.753,5436,-62,67.2,0
23.753,5437,-65,67.2,0
23.765,5438,-67,67.2,0
23.765,5439,-70,67.2,0
23.765,5440,-73,67.2,0
23.765,5441,-75,67.2,0
23.783,5442,-76,67.2,0
23.783,5443,-75,67.2,0
23.783,5444,-73,67.2,0
23.783,5445,-71,67.2,0
23.808,5446,-69,67.2,0
23.808,5447,-67,67.2,0
23.808,5448,-63,67.2,0
23.808,5449,-60,67.2,0
23.823,5450,-57,67.2,0
23.823,5451,-55,67.2,0
23.823,5452,-52,67.2,0
23.823,5453,-50,67.2,0
23.843,5454,-48,67.2,0
23.843,5455,-45,67.2,0
23.843,5456,-42,67.2,0
23.843,5457,-39,67.2,0
23.865,5458,-36,67.2,0
23.865,5459,-33,67.2,0
23.865,5460,-30,67.2,0
23.868,5461,-26,67.2,0
23.893,5462,-22,67.2,0
23.893,5463,-18,67.2,0
23.893,5464,-15,67.2,0
23.893,5465,-12,67.2,0
23.893,5466,-9,67.2,0
23.916,5467,-7,67.2,0
23.916,5468,-4,67.2,0
23.916,5469,-1,67.2,0
23.916,5470,0,67.2,1
23.916,5471,2,67.2,0
23.936,5472,4,67.2,0
23.936,5473,7,67.2,0
23.936,5474,9,67.2,0
23.936,5475,11,67.2,0
23.936,5476,13,67.2,0
23.936,5477,15,67.2,0
23.956,5478,17,67.2,0
23.956,5479,18,67.2,0
23.956,5480,19,67.2,0
23.956,5481,19,67.2,0
23.956,5482,20,67.2,0
23.973,5483,20,67.2,0
23.973,5484,21,67.2,0
23.973,5485,21,67.2,0
23.973,5486,20,67.2,0
23.973,5487,18,67.2,0
23.995,5488,18,67.2,0
23.995,5489,17,67.2,0
23.995,5490,16,67.2,0
23.995,5491,14,67.2,0
23.995,5492,13,67.2,0
24.012,5493,11,67.2,0
24.012,5494,10,67.2,0
24.012,5495,8,67.2,0
24.012,5496,5,67.2,0
24.012,5497,3,67.2,0
24.012,5498,1,67.2,0
24.033,5499,0,67.2,1
24.033,5500,-1,67.2,0
24.033,5501,-2,67.2,0
24.033,5502,-3,67.2,0
24.033,5503,-4,67.2,0
24.063,5504,-4,67.2,0
24.063,5505,-5,67.2,0
24.063,5506,-6,67.2,0
24.063,5507,-7,67.2,0
24.063,5508,-7,67.2,0
24.073,5509,-6,67.2,0
24.073,5510,-6,67.2,0
24.073,5511,-5,67.2,0
24.073,5512,-5,67.2,0
24.073,5513,-4,67.2,0
24.093,5514,-3,67.2,0
24.093,5515,-2,67.2,0
24.093,5516,-1,67.2,0
24.093,5517,0,67.2,1
24.093,5518,1,67.2,0
24.093,5519,2,67.2,0
24.122,5520,4,67.2,0
24.122,5521,5,67.2,0
24.122,5522,7,67.2,0
24.122,5523,8,67.2,0
24.122,5524,8,67.2,0
24.122,5525,8,67.2,0
24.122,5526,8,67.2,0
24.143,5527,8,67.2,0
24.143,5528,9,67.2,0
24.143,5529,9,67.2,0
24.143,5530,9,67.2,0
24.143,5531,8,67.2,0
24.143,5532,7,67.2,0
24.163,5533,7,67.2,0
24.163,5534,7,67.2,0
24.163,5535,7,67.2,0
24.163,5536,7,67.2,0
24.163,5537,6,67.2,0
24.163,5538,6,67.2,0
24.163,5539,5,67.2,0
24.183,5540,5,67.2,0
24.183,5541,4,67.2,0
24.183,5542,4,67.2,0
24.183,5543,3,67.2,0
24.183,5544,2,67.2,0
24.183,5545,2,67.2,0
24.183,5546,1,67.2,0
24.203,5547,1,67.2,0
24.203,5548,1,67.2,0
24.203,5549,0,67.2,1
24.203,5550,0,67.2,1
24.203,5551,0,67.2,1
24.203,5552,0,67.2,1
24.239,5553,1,67.2,0
24.239,5554,1,67.2,0
24.239,5555,1,67.2,0
24.239,5556,1,67.2,0
24.239,5557,1,67.2,0
24.239,5558,1,67.2,0
24.239,5559,1,67.2,0
24.252,5560,1,67.2,0
24.252,5561,2,67.2,0
24.252,5562,2,67.2,0
24.252,5563,3,67.2,0
24.252,5564,3,67.2,0
24.252,5565,3,67.2,0
24.252,5566,3,67.2,0
24.287,5567,3,67.2,0
24.287,5568,4,67.2,0
24.287,5569,4,67.2,0
24.287,5570,3,67.2,0
24.288,5571,2,67.2,0
24.288,5572,2,67.2,0
24.312,5573,2,67.2,0
24.312,5574,3,67.2,0
24.312,5575,3,67.2,0
24.312,5576,3,67.2,0
24.312,5577,3,67.2,0
24.312,5578,3,67.2,0
24.312,5579,3,67.2,0
24.332,5580,3,67.2,0
24.332,5581,3,67.2,0
24.332,5582,3,67.2,0
24.332,5583,3,67.2,0
24.332,5584,3,67.2,0
24.332,5585,3,67.2,0
24.332,5586,2,67.2,0
24.365,5587,2,67.2,0
24.365,5588,2,67.2,0
24.365,5589,1,67.2,0
24.365,5590,1,67.2,0
24.365,5591,1,67.2,0
24.365,5592,1,67.2,0
24.382,5593,2,67.2,0
24.382,5594,3,67.2,0
24.382,5595,5,67.2,0
24.382,5596,7,67.2,0
24.382,5597,8,67.2,0
24.382,5598,9,67.2,0
24.382,5599,11,67.2,0
24.421,5600,13,67.2,0
24.422,5601,17,67.2,0
24.422,5602,24,67.2,0
24.422,5603,31,67.2,0
24.422,5604,37,67.2,0
24.432,5605,42,67.2,0
24.432,5606,46,67.1,0
24.432,5607,48,67.1,0
24.432,5608,49,67.1,0
24.432,5609,47,67.1,0
24.453,5610,43,67.1,0
24.453,5611,38,67.1,0
24.453,5612,32,67.1,0
24.453,5613,27,67.1,0
24.453,5614,21,67.1,0
24.474,5615,15,67.1,0
24.474,5616,9,67.1,0
24.474,5617,4,67.1,0
24.474,5618,0,67.1,1
24.474,5619,-4,67.1,0
24.492,5620,-7,67.1,0
24.492,5621,-11,67.1,0
24.492,5622,-14,67.1,0
24.492,5623,-17,67.1,0
24.515,5624,-19,67.1,0
24.515,5625,-21,67.1,0
24.515,5626,-24,67.1,0
24.515,5627,-25,67.1,0
24.535,5628,-26,67.1,0
24.535,5629,-28,67.1,0
24.535,5630,-31,67.1,0
24.535,5631,-38,67.1,0
24.555,5632,-50,67.1,0
24.555,5633,-67,67.1,0
24.555,5634,-84,67.1,0
24.555,5635,-94,67.1,0
24.583,5636,-86,67.1,0
24.583,5637,-47,67.1,0
24.583,5638,8,67.1,0
24.583,5639,80,67.1,0
24.583,5640,148,67.1,0
24.603,5641,207,67.1,0
24.603,5642,258,67.1,0
24.603,5643,294,67.1,0
24.603,5644,293,67.1,0
24.625,5645,256,67.1,0
24.625,5646,182,67.1,0
24.625,5647,96,67.1,0
24.625,5648,24,67.1,0
24.644,5649,-22,67.1,0
24.644,5650,-46,67.1,0
24.644,5651,-56,67.1,0
24.644,5652,-61,67.1,0
24.666,5653,-67,67.1,0
24.666,5654,-74,67.1,0
24.666,5655,-80,67.1,0
24.666,5656,-84,67.1,0
24.683,5657,-86,67.1,0
24.683,5658,-86,67.1,0
24.683,5659,-84,67.1,0
24.683,5660,-83,67.1,0
24.705,5661,-80,67.1,0
24.705,5662,-78,67.1,0
24.705,5663,-76,67.1,0
24.705,5664,-74,67.1,0
24.722,5665,-72,67.1,0
24.722,5666,-69,67.1,0
24.722,5667,-66,67.1,0
24.722,5668,-64,67.1,0
24.743,5669,-62,67.1,0
24.743,5670,-60,67.1,0
24.743,5671,-57,67.1,0
24.743,5672,-55,67.1,0
24.766,5673,-52,67.1,0
24.766,5674,-49,67.1,0
24.766,5675,-46,67.1,0
24.766,5676,-43,67.1,0
24.795,5677,-40,67.1,0
24.795,5678,-37,67.1,0
24.795,5679,-34,67.1,0
24.795,5680,-31,67.1,0
24.814,5681,-28,67.1,0
24.814,5682,-25,67.1,0
24.814,5683,-22,67.1,0
24.814,5684,-19,67.1,0
24.836,5685,-17,67.1,0
24.836,5686,-15,67.1,0
24.836,5687,-12,67.1,0
24.836,5688,-10,67.1,0
24.836,5689,-8,67.1,0
24.852,5690,-6,67.1,0
24.852,5691,-5,67.1,0
24.852,5692,-3,67.1,0
24.852,5693,-2,67.1,0
24.852,5694,-1,67.1,0
24.874,5695,-1,67.1,0
24.874,5696,-1,67.1,0
24.874,5697,-2,67.1,0
24.874,5698,-3,67.1,0
24.874,5699,-4,67.1,0
24.892,5700,-5,67.1,0
24.892,5701,-7,67.1,0
24.892,5702,-9,67.1,0
24.892,5703,-11,67.1,0
24.913,5704,-12,67.1,0
24.913,5705,-14,67.1,0
24.913,5706,-15,67.1,0
24.913,5707,-17,67.1,0
24.933,5708,-19,67.1,0
24.933,5709,-19,67.1,0
24.933,5710,-21,67.1,0
24.933,5711,-21,67.1,0
24.953,5712,-22,67.1,0
24.953,5713,-23,67.1,0
24.953,5714,-22,67.1,0
24.953,5715,-23,67.1,0
24.972,5716,-23,67.1,0
24.972,5717,-23,67.1,0
24.972,5718,-24,67.1,0
24.972,5719,-23,67.1,0
25.004,5720,-23,67.1,0
25.004,5721,-22,67.1,0
25.004,5722,-21,67.1,0
25.004,5723,-19,67.1,0
25.013,5724,-17,67.1,0
25.013,5725,-15,67.1,0
25.013,5726,-13,67.1,0
25.013,5727,-12,67.1,0
25.044,5728,-11,67.1,0
25.044,5729,-8,67.1,0
25.044,5730,-7,67.1,0
25.044,5731,-5,67.1,0
25.044,5732,-5,67.1,0
25.062,5733,-3,67.1,0
25.062,5734,-2,67.1,0
25.062,5735,0,67.1,1
25.062,5736,0,67.1,1
25.062,5737,1,67.1,0
25.062,5738,1,67.1,0
25.082,5739,0,67.1,1
25.082,5740,0,67.1,1
25.082,5741,0,67.1,1
25.082,5742,0,67.1,1
25.082,5743,0,67.1,1
25.082,5744,0,67.1,1
25.082,5745,-1,67.1,0
25.103,5746,-1,67.1,0
25.103,5747,-1,67.1,0
25.103,5748,-2,67.1,0
25.103,5749,-2,67.1,0
25.103,5750,-2,67.1,0
25.123,5751,-2,67.1,0
25.123,5752,-2,67.1,0
25.123,5753,-2,67.1,0
25.123,5754,-2,67.1,0
25.123,5755,-1,67.1,0
25.143,5756,0,67.1,1
25.143,5757,0,67.1,1
25.143,5758,0,67.1,1
25.143,5759,1,67.1,0
25.143,5760,2,67.1,0
25.144,5761,2,67.1,0
25.164,5762,3,67.1,0
25.164,5763,3,67.1,0
25.164,5764,3,67.1,0
25.164,5765,3,67.1,0
25.164,5766,3,67.1,0
25.164,5767,3,67.1,0
25.164,5768,3,67.1,0
25.182,5769,2,67.1,0
25.182,5770,2,67.1,0
25.182,5771,2,67.1,0
25.182,5772,2,67.1,0
25.182,5773,2,67.1,0
25.182,5774,2,67.1,0
25.182,5775,3,67.1,0
25.203,5776,3,67.1,0
25.203,5777,3,67.1,0
25.203,5778,3,67.1,0
25.203,5779,3,67.1,0
25.203,5780,3,67.1,0
25.203,5781,3,67.1,0
25.232,5782,3,67.1,0
25.232,5783,3,67.1,0
25.232,5784,3,67.1,0
25.232,5785,3,67.1,0
25.232,5786,3,67.1,0
25.232,5787,3,67.1,0
25.232,5788,2,67.1,0
25.253,5789,2,67.1,0
25.253,5790,2,67.1,0
25.253,5791,2,67.1,0
25.253,5792,3,67.1,0
25.253,5793,3,67.1,0
25.253,5794,2,67.1,0
25.253,5795,2,67.1,0
25.285,5796,2,67.1,0
25.285,5797,3,67.1,0
25.285,5798,3,67.1,0
25.285,5799,4,67.1,0
25.285,5800,5,67.1,0
25.285,5801,7,67.1,0
25.306,5802,8,67.1,0
25.306,5803,10,67.1,0
25.306,5804,12,67.1,0
25.306,5805,16,67.1,0
25.306,5806,20,67.1,0
25.323,5807,26,67.1,0
25.323,5808,33,67.1,0
25.323,5809,40,67.1,0
25.323,5810,46,67.1,0
25.324,5811,51,67.2,0
25.343,5812,54,67.2,0
25.343,5813,55,67.2,0
25.343,5814,53,67.2,0
25.343,5815,50,67.2,0
25.343,5816,45,67.2,0
25.362,5817,40,67.2,0
25.362,5818,34,67.2,0
25.362,5819,27,67.2,0
25.362,5820,21,67.2,0
25.362,5821,14,67.2,0
25.362,5822,9,67.2,0
25.393,5823,4,67.2,0
25.393,5824,0,67.2,1
25.393,5825,-3,67.2,0
25.393,5826,-6,67.2,0
25.393,5827,-9,67.2,0
25.414,5828,-12,67.2,0
25.414,5829,-15,67.2,0
25.414,5830,-16,67.2,0
25.414,5831,-17,67.2,0
25.432,5832,-18,67.2,0
25.432,5833,-20,67.2,0
25.432,5834,-22,67.2,0
25.432,5835,-25,67.2,0
25.454,5836,-30,67.2,0
25.454,5837,-39,67.2,0
25.454,5838,-53,67.2,0
25.454,5839,-70,67.2,0
25.475,5840,-84,67.2,0
25.475,5841,-85,67.2,0
25.475,5842,-61,67.2,0
25.475,5843,-12,67.2,0
25.492,5844,51,67.2,0
25.492,5845,122,67.2,0
25.492,5846,185,67.2,0
25.492,5847,239,67.2,0
25.515,5848,282,67.2,0
25.515,5849,292,67.2,0
25.515,5850,267,67.2,0
25.515,5851,206,67.2,0
25.535,5852,124,67.2,0
25.535,5853,47,67.2,0
25.535,5854,-10,67.2,0
25.535,5855,-46,67.2,0
25.554,5856,-63,67.2,0
25.554,5857,-69,67.2,0
25.554,5858,-74,67.2,0
25.554,5859,-77,67.2,0
25.575,5860,-82,67.2,0
25.575,5861,-86,67.2,0
25.575,5862,-87,67.2,0
25.575,5863,-87,67.2,0
25.602,5864,-87,67.2,0
25.602,5865,-86,67.2,0
25.602,5866,-84,67.2,0
25.602,5867,-81,67.2,0
25.623,5868,-79,67.2,0
25.623,5869,-76,67.2,0
25.623,5870,-74,67.2,0
25.623,5871,-71,67.2,0
25.645,5872,-69,67.2,0
25.645,5873,-67,67.2,0
25.645,5874,-65,67.2,0
25.645,5875,-62,67.2,0
25.662,5876,-60,67.2,0
25.662,5877,-57,67.2,0
25.662,5878,-55,67.2,0
25.662,5879,-52,67.2,0
25.682,5880,-49,67.2,0
25.682,5881,-46,67.2,0
25.682,5882,-42,67.2,0
25.682,5883,-39,67.2,0
25.705,5884,-36,67.2,0
25.705,5885,-32,67.2,0
25.705,5886,-29,67.2,0
25.705,5887,-25,67.2,0
25.727,5888,-22,67.2,0
25.727,5889,-19,67.2,0
25.727,5890,-15,67.2,0
25.727,5891,-12,67.2,0
25.727,5892,-8,67.2,0
25.742,5893,-4,67.2,0
25.742,5894,-2,67.2,0
25.742,5895,0,67.2,1
25.742,5896,0,67.2,1
25.742,5897,1,67.2,0
25.742,5898,2,67.2,0
25.763,5899,2,67.2,0
25.763,5900,2,67.2,0
25.763,5901,2,67.2,0
25.763,5902,2,67.2,0
25.763,5903,2,67.2,0
25.763,5904,2,67.2,0
25.782,5905,1,67.2,0
25.782,5906,0,67.2,1
25.782,5907,0,67.2,1
25.782,5908,-2,67.2,0
25.782,5909,-4,67.2,0
25.782,5910,-5,67.2,0
25.802,5911,-8,67.2,0
25.802,5912,-9,67.2,0
25.802,5913,-11,67.2,0
25.802,5914,-13,67.2,0
25.832,5915,-14,67.2,0
25.832,5916,-17,67.2,0
25.832,5917,-19,67.2,0
25.832,5918,-20,67.2,0
25.856,5919,-21,67.2,0
25.856,5920,-23,67.2,0
25.856,5921,-24,67.2,0
25.856,5922,-25,67.2,0
25.876,5923,-25,67.2,0
25.876,5924,-25,67.2,0
25.876,5925,-25,67.2,0
25.876,5926,-26,67.2,0
25.893,5927,-25,67.2,0
25.893,5928,-24,67.2,0
25.893,5929,-23,67.2,0
25.893,5930,-20,67.2,0
25.914,5931,-19,67.2,0
25.914,5932,-17,67.2,0
25.914,5933,-15,67.2,0
25.914,5934,-14,67.2,0
25.932,5935,-12,67.2,0
25.932,5936,-11,67.2,0
25.932,5937,-9,67.2,0
25.932,5938,-7,67.2,0
25.932,5939,-6,67.2,0
25.953,5940,-2,67.2,0
25.953,5941,-1,67.2,0
25.953,5942,1,67.2,0
25.953,5943,1,67.2,0
25.953,5944,2,67.2,0
25.953,5945,4,67.2,0
25.978,5946,4,67.2,0
25.978,5947,5,67.2,0
25.978,5948,4,67.2,0
25.978,5949,3,67.2,0
25.978,5950,4,67.2,0
25.978,5951,3,67.2,0
25.978,5952,5,67.2,0
25.993,5953,5,67.2,0
25.993,5954,4,67.2,0
25.993,5955,6,67.2,0
25.993,5956,5,67.2,0
25.993,5957,6,67.2,0
25.993,5958,4,67.2,0
26.013,5959,2,67.2,0
26.013,5960,4,67.2,0
26.013,5961,3,67.2,0
26.013,5962,4,67.2,0
26.013,5963,4,67.2,0
26.013,5964,3,67.2,0
26.013,5965,5,67.2,0
26.045,5966,4,67.2,0
26.045,5967,4,67.2,0
26.045,5968,3,67.2,0
26.045,5969,2,67.2,0
26.045,5970,4,67.2,0
26.045,5971,3,67.2,0
26.045,5972,5,67.2,0
26.062,5973,4,67.2,0
26.062,5974,3,67.2,0
26.062,5975,3,67.2,0
26.062,5976,2,67.2,0
26.062,5977,2,67.2,0
26.062,5978,2,67.2,0
26.082,5979,1,67.2,0
26.082,5980,1,67.2,0
26.082,5981,0,67.2,1
26.082,5982,0,67.2,1
26.082,5983,1,67.2,0
26.082,5984,1,67.2,0
26.082,5985,1,67.2,0
26.112,5986,0,67.2,1
26.112,5987,0,67.2,1
26.112,5988,-1,67.2,0
26.112,5989,-1,67.2,0
26.112,5990,-1,67.2,0
26.134,5991,-1,67.2,0
26.134,5992,0,67.2,1
26.134,5993,0,67.2,1
26.134,5994,0,67.2,1
26.134,5995,3,67.2,0
26.134,5996,3,67.2,0
26.134,5997,5,67.2,0
26.163,5998,4,67.2,0
26.163,5999,4,67.2,0
26.163,6000,6,67.2,0
26.163,6001,5,67.2,0
26.163,6002,8,67.2,0
26.163,6003,8,67.2,0
26.163,6004,8,67.2,0
26.186,6005,10,67.2,0
26.186,6006,11,67.2,0
26.186,6007,12,67.2,0
26.186,6008,14,67.2,0
26.186,6009,16,67.2,0
26.203,6010,19,67.2,0
26.203,6011,24,67.2,0
26.203,6012,31,67.2,0
26.203,6013,38,67.2,0
26.203,6014,44,67.2,0
26.225,6015,49,67.4,0
26.225,6016,52,67.4,0
26.225,6017,54,67.4,0
26.225,6018,54,67.4,0
26.225,6019,51,67.4,0
26.242,6020,47,67.4,0
26.242,6021,42,67.4,0
26.242,6022,36,67.4,0
26.242,6023,31,67.4,0
26.242,6024,25,67.4,0
26.273,6025,20,67.4,0
26.273,6026,14,67.4,0
26.273,6027,9,67.4,0
26.273,6028,5,67.4,0
26.273,6029,2,67.4,0
26.296,6030,-1,67.4,0
26.296,6031,-4,67.4,0
26.296,6032,-7,67.4,0
26.296,6033,-9,67.4,0
26.296,6034,-10,67.4,0
26.312,6035,-9,67.4,0
26.312,6036,-11,67.4,0
26.312,6037,-10,67.4,0
26.312,6038,-12,67.4,0
26.333,6039,-14,67.4,0
26.333,6040,-17,67.4,0
26.333,6041,-26,67.4,0
26.333,6042,-38,67.4,0
26.353,6043,-56,67.4,0
26.353,6044,-70,67.4,0
26.353,6045,-69,67.4,0
26.353,6046,-48,67.4,0
26.353,6047,1,67.4,0
26.372,6048,61,67.4,0
26.373,6049,132,67.4,0
26.373,6050,193,67.4,0
26.373,6051,247,67.4,0
26.396,6052,285,67.4,0
26.396,6053,293,67.4,0
26.396,6054,268,67.4,0
26.396,6055,213,67.4,0
26.415,6056,141,67.4,0
26.415,6057,72,67.4,0
26.415,6058,13,67.4,0
26.415,6059,-29,67.4,0
26.437,6060,-54,67.4,0
26.437,6061,-68,67.4,0
26.437,6062,-70,67.4,0
26.437,6063,-72,67.4,0
26.455,6064,-74,67.4,0
26.455,6065,-74,67.4,0
26.455,6066,-75,67.4,0
26.455,6067,-73,67.4,0
26.475,6068,-73,67.4,0
26.475,6069,-71,67.4,0
26.475,6070,-67,67.4,0
26.476,6071,-66,67.4,0
26.492,6072,-62,67.4,0
26.492,6073,-60,67.4,0
26.492,6074,-58,67.4,0
26.492,6075,-53,67.4,0
26.524,6076,-52,67.4,0
26.524,6077,-47,67.4,0
26.524,6078,-45,67.4,0
26.524,6079,-43,67.4,0
26.545,6080,-38,67.4,0
26.545,6081,-35,67.4,0
26.545,6082,-31,67.4,0
26.545,6083,-29,67.4,0
26.565,6084,-27,67.4,0
26.565,6085,-23,67.4,0
26.565,6086,-19,67.4,0
26.565,6087,-15,67.4,0
26.583,6088,-11,67.4,0
26.583,6089,-9,67.4,0
26.583,6090,-7,67.4,0
26.583,6091,-5,67.4,0
26.583,6092,-3,67.4,0
26.605,6093,0,67.4,1
26.605,6094,1,67.4,0
26.605,6095,4,67.4,0
26.605,6096,7,67.4,0
26.605,6097,9,67.4,0
26.605,6098,11,67.4,0
26.622,6099,12,67.4,0
26.622,6100,13,67.4,0
26.622,6101,15,67.4,0
26.622,6102,16,67.4,0
26.622,6103,17,67.4,0
26.642,6104,18,67.4,0
26.642,6105,19,67.4,0
26.642,6106,20,67.4,0
26.642,6107,19,67.4,0
26.642,6108,19,67.4,0
26.662,6109,19,67.4,0
26.662,6110,20,67.4,0
26.662,6111,19,67.4,0
26.662,6112,19,67.4,0
26.662,6113,17,67.4,0
26.685,6114,16,67.4,0
26.685,6115,16,67.4,0
26.685,6116,14,67.4,0
26.685,6117,12,67.4,0
26.685,6118,10,67.4,0
26.685,6119,9,67.4,0
26.702,6120,8,67.4,0
26.703,6121,7,67.4,0
26.703,6122,5,67.4,0
26.703,6123,3,67.4,0
26.703,6124,1,67.4,0
26.703,6125,0,67.4,1
26.732,6126,0,67.4,1
26.733,6127,-1,67.4,0
26.733,6128,-2,67.4,0
26.733,6129,-2,67.4,0
26.733,6130,-2,67.4,0
26.755,6131,-3,67.4,0
26.755,6132,-3,67.4,0
26.755,6133,-4,67.4,0
26.755,6134,-3,67.4,0
26.755,6135,-2,67.4,0
26.773,6136,-1,67.4,0
26.773,6137,-1,67.4,0
26.773,6138,0,67.4,1
26.773,6139,1,67.4,0
26.773,6140,2,67.4,0
26.773,6141,3,67.4,0
26.773,6142,5,67.4,0
26.794,6143,6,67.4,0
26.794,6144,7,67.4,0
26.794,6145,8,67.4,0
26.794,6146,9,67.4,0
26.794,6147,10,67.4,0
26.794,6148,10,67.4,0
26.816,6149,11,67.4,0
26.816,6150,12,67.4,0
26.816,6151,13,67.4,0
26.816,6152,14,67.4,0
26.816,6153,15,67.4,0
26.833,6154,15,67.4,0
26.833,6155,15,67.4,0
26.833,6156,16,67.4,0
26.833,6157,16,67.4,0
26.833,6158,16,67.4,0
26.853,6159,16,67.4,0
26.853,6160,15,67.4,0
26.853,6161,15,67.4,0
26.853,6162,14,67.4,0
26.853,6163,14,67.4,0
26.874,6164,14,67.4,0
26.874,6165,14,67.4,0
26.874,6166,14,67.4,0
26.874,6167,14,67.4,0
26.874,6168,13,67.4,0
26.896,6169,13,67.4,0
26.896,6170,13,67.4,0
26.896,6171,12,67.4,0
26.896,6172,11,67.4,0
26.896,6173,11,67.4,0
26.912,6174,10,67.4,0
26.912,6175,9,67.4,0
26.912,6176,8,67.4,0
26.912,6177,8,67.4,0
26.912,6178,7,67.4,0
26.912,6179,7,67.4,0
26.933,6180,7,67.4,0
26.933,6181,7,67.4,0
26.933,6182,7,67.4,0
26.933,6183,7,67.4,0
26.933,6184,8,67.4,0
26.933,6185,8,67.4,0
26.933,6186,8,67.4,0
26.962,6187,9,67.4,0
26.962,6188,9,67.4,0
26.962,6189,9,67.4,0
26.962,6190,9,67.4,0
26.962,6191,9,67.4,0
26.962,6192,9,67.4,0
26.983,6193,10,67.4,0
26.983,6194,10,67.4,0
26.983,6195,10,67.4,0
26.983,6196,10,67.4,0
26.983,6197,11,67.4,0
27.004,6198,11,67.4,0
27.004,6199,12,67.4,0
27.004,6200,12,67.4,0
27.004,6201,12,67.4,0
27.004,6202,12,67.4,0
27.022,6203,11,67.4,0
27.022,6204,11,67.4,0
27.022,6205,11,67.4,0
27.022,6206,11,67.4,0
27.022,6207,10,67.4,0
27.043,6208,9,67.4,0
27.043,6209,9,67.4,0
27.043,6210,10,67.4,0
27.043,6211,10,67.4,0
27.043,6212,10,67.4,0
27.043,6213,10,67.4,0
27.062,6214,11,67.4,0
27.062,6215,11,67.4,0
27.062,6216,11,67.4,0
27.062,6217,11,67.4,0
27.062,6218,11,67.4,0
27.082,6219,11,67.4,0
27.082,6220,12,67.4,0
27.082,6221,13,67.4,0
27.082,6222,14,67.4,0
27.082,6223,15,67.4,0
27.103,6224,17,67.4,0
27.103,6225,18,67.4,0
27.103,6226,19,67.4,0
27.103,6227,21,67.4,0
27.103,6228,23,67.4,0
27.123,6229,27,67.4,0
27.123,6230,33,67.4,0
27.123,6231,39,67.4,0
27.123,6232,46,67.4,0
27.123,6233,52,66.9,0
27.143,6234,57,66.9,0
27.143,6235,60,66.9,0
27.143,6236,61,66.9,0
27.143,6237,60,66.9,0
27.143,6238,57,66.9,0
27.173,6239,54,66.9,0
27.173,6240,49,66.9,0
27.173,6241,43,66.9,0
27.173,6242,36,66.9,0
27.173,6243,30,66.9,0
27.193,6244,24,66.9,0
27.193,6245,18,66.9,0
27.193,6246,13,66.9,0
27.193,6247,8,66.9,0
27.193,6248,3,66.9,0
27.212,6249,0,66.9,1
27.212,6250,-2,66.9,0
27.212,6251,-5,66.9,0
27.212,6252,-7,66.9,0
27.212,6253,-10,66.9,0
27.233,6254,-12,66.9,0
27.233,6255,-14,66.9,0
27.233,6256,-15,66.9,0
27.233,6257,-16,66.9,0
27.253,6258,-18,66.9,0
27.253,6259,-21,66.9,0
27.253,6260,-29,66.9,0
27.253,6261,-43,66.9,0
27.274,6262,-60,66.9,0
27.274,6263,-79,66.9,0
27.274,6264,-88,66.9,0
27.274,6265,-77,66.9,0
27.293,6266,-35,66.9,0
27.293,6267,20,66.9,0
27.293,6268,93,66.9,0
27.293,6269,158,66.9,0
27.312,6270,215,66.9,0
27.313,6271,265,66.9,0
27.313,6272,297,66.9,0
27.313,6273,292,66.9,0
27.332,6274,248,66.9,0
27.332,6275,185,66.9,0
27.332,6276,113,66.9,0
27.332,6277,66,66.9,0
27.332,6278,38,66.9,0
27.355,6279,21,66.9,0
27.355,6280,5,66.9,0
27.356,6281,-9,66.9,0
27.356,6282,-23,66.9,0
27.356,6283,-34,66.9,0
27.374,6284,-42,66.9,0
27.374,6285,-46,66.9,0
27.374,6286,-50,66.9,0
27.374,6287,-53,66.9,0
27.403,6288,-53,66.9,0
27.403,6289,-55,66.9,0
27.403,6290,-54,66.9,0
27.403,6291,-55,66.9,0
27.422,6292,-56,66.9,0
27.422,6293,-54,66.9,0
27.422,6294,-54,66.9,0
27.422,6295,-50,66.9,0
27.443,6296,-50,66.9,0
27.443,6297,-49,66.9,0
27.443,6298,-49,66.9,0
27.443,6299,-48,66.9,0
27.462,6300,-46,66.9,0
27.462,6301,-44,66.9,0
27.462,6302,-43,66.9,0
27.462,6303,-42,66.9,0
27.483,6304,-41,66.9,0
27.483,6305,-40,66.9,0
27.483,6306,-38,66.9,0
27.483,6307,-37,66.9,0
27.506,6308,-34,66.9,0
27.506,6309,-32,66.9,0
27.506,6310,-29,66.9,0
27.506,6311,-27,66.9,0
27.523,6312,-24,66.9,0
27.523,6313,-18,66.9,0
27.523,6314,-16,66.9,0
27.523,6315,-10,66.9,0
27.545,6316,-9,66.9,0
27.545,6317,-7,66.9,0
27.545,6318,-6,66.9,0
27.545,6319,-6,66.9,0
27.545,6320,-5,66.9,0
27.562,6321,-5,66.9,0
27.562,6322,-6,66.9,0
27.562,6323,-5,66.9,0
27.562,6324,-6,66.9,0
27.562,6325,-7,66.9,0
27.583,6326,-8,66.9,0
27.583,6327,-10,66.9,0
27.583,6328,-11,66.9,0
27.583,6329,-13,66.9,0
27.605,6330,-14,66.9,0
27.605,6331,-16,66.9,0
27.605,6332,-18,66.9,0
27.605,6333,-20,66.9,0
27.633,6334,-22,66.9,0
27.633,6335,-23,66.9,0
27.633,6336,-24,66.9,0
27.633,6337,-26,66.9,0
27.652,6338,-27,66.9,0
27.652,6339,-27,66.9,0
27.652,6340,-28,66.9,0
27.652,6341,-28,66.9,0
27.672,6342,-29,66.9,0
27.672,6343,-29,66.9,0
27.672,6344,-29,66.9,0
27.672,6345,-29,66.9,0
27.692,6346,-28,66.9,0
27.692,6347,-27,66.9,0
27.692,6348,-26,66.9,0
27.692,6349,-26,66.9,0
27.712,6350,-25,66.9,0
27.712,6351,-25,66.9,0
27.712,6352,-24,66.9,0
27.712,6353,-23,66.9,0
27.732,6354,-22,66.9,0
27.732,6355,-21,66.9,0
27.732,6356,-19,66.9,0
27.732,6357,-18,66.9,0
27.752,6358,-16,66.9,0
27.752,6359,-15,66.9,0
27.752,6360,-14,66.9,0
27.752,6361,-13,66.9,0
27.773,6362,-13,66.9,0
27.773,6363,-12,66.9,0
27.773,6364,-12,66.9,0
27.773,6365,-12,66.9,0
27.793,6366,-12,66.9,0
27.793,6367,-13,66.9,0
27.793,6368,-12,66.9,0
27.793,6369,-12,66.9,0
27.812,6370,-12,66.9,0
27.812,6371,-12,66.9,0
27.812,6372,-12,66.9,0
27.812,6373,-11,66.9,0
27.846,6374,-11,66.9,0
27.846,6375,-11,66.9,0
27.846,6376,-11,66.9,0
27.846,6377,-12,66.9,0
27.863,6378,-9,66.9,0
27.863,6379,-10,66.9,0
27.863,6380,-7,66.9,0
27.863,6381,-8,66.9,0
27.863,6382,-9,66.9,0
27.883,6383,-7,66.9,0
27.883,6384,-8,66.9,0
27.883,6385,-6,66.9,0
27.883,6386,-7,66.9,0
27.883,6387,-8,66.9,0
27.902,6388,-8,66.9,0
27.902,6389,-9,66.9,0
27.902,6390,-9,66.9,0
27.902,6391,-10,66.9,0
27.922,6392,-10,66.9,0
27.922,6393,-7,66.9,0
27.922,6394,-8,66.9,0
27.922,6395,-7,66.9,0
27.922,6396,-8,66.9,0
27.942,6397,-9,66.9,0
27.942,6398,-7,66.9,0
27.942,6399,-8,66.9,0
27.942,6400,-6,66.9,0
27.942,6401,-8,66.9,0
27.962,6402,-9,66.9,0
27.962,6403,-7,66.9,0
27.962,6404,-8,66.9,0
27.962,6405,-7,66.9,0
27.962,6406,-7,66.9,0
27.982,6407,-8,66.9,0
27.982,6408,-8,66.9,0
27.982,6409,-8,66.9,0
27.982,6410,-9,66.9,0
27.982,6411,-9,66.9,0
28.002,6412,-10,66.9,0
28.002,6413,-11,66.9,0
28.002,6414,-11,66.9,0
28.002,6415,-12,66.9,0
28.023,6416,-13,66.9,0
28.023,6417,-13,66.9,0
28.023,6418,-13,66.9,0
28.023,6419,-12,66.9,0
28.042,6420,-11,66.9,0
28.043,6421,-9,66.9,0
28.043,6422,-7,66.9,0
28.043,6423,-6,66.9,0
28.043,6424,-4,66.9,0
28.074,6425,-2,66.9,0
28.074,6426,-1,66.9,0
28.074,6427,1,66.9,0
28.074,6428,5,66.9,0
28.074,6429,11,66.9,0
28.096,6430,19,66.9,0
28.096,6431,26,66.9,0
28.096,6432,31,66.9,0
28.096,6433,35,66.9,0
28.096,6434,38,66.9,0
28.115,6435,38,66.9,0
28.115,6436,36,66.9,0
28.115,6437,32,66.9,0
28.115,6438,28,66.9,0
28.115,6439,23,66.9,0
28.133,6440,18,66.9,0
28.133,6441,13,66.9,0
28.133,6442,7,66.9,0
28.133,6443,2,66.9,0
28.133,6444,-2,66.9,0
28.133,6445,-6,66.9,0
28.162,6446,-10,66.9,0
28.162,6447,-13,66.9,0
28.162,6448,-15,66.9,0
28.162,6449,-18,66.9,0
28.172,6450,-20,66.9,0
28.172,6451,-22,66.9,0
28.172,6452,-24,66.9,0
28.172,6453,-25,66.9,0
28.192,6454,-26,66.9,0
28.192,6455,-28,66.9,0
28.192,6456,-31,66.9,0
28.192,6457,-42,66.9,0
28.213,6458,-56,66.9,0
28.213,6459,-76,66.9,0
28.213,6460,-91,66.9,0
28.213,6461,-89,66.9,0
28.237,6462,-59,66.9,0
28.237,6463,-9,66.9,0
28.237,6464,33,66.9,0
28.237,6465,50,66.9,0
28.237,6466,23,63.6,0
28.254,6467,-32,63.6,0
28.254,6468,-90,63.6,0
28.254,6469,-130,63.6,0
28.274,6470,-145,63.6,0
28.274,6471,-144,63.6,0
28.274,6472,-134,63.6,0
28.274,6473,-127,63.6,0
28.303,6474,-123,63.6,0
28.303,6475,-119,63.6,0
28.303,6476,-116,63.6,0
28.326,6477,-110,63.6,0
28.326,6478,-103,63.6,0
28.326,6479,-98,63.6,0
28.326,6480,-91,63.6,0
28.353,6481,-85,63.6,0
28.353,6482,-81,63.6,0
28.353,6483,-76,63.6,0
28.353,6484,-71,63.6,0
28.363,6485,-67,63.6,0
28.363,6486,-63,63.6,0
28.363,6487,-59,63.6,0
28.363,6488,-55,63.6,0
28.383,6489,-51,63.6,0
28.383,6490,-48,63.6,0
28.383,6491,-45,63.6,0
28.383,6492,-42,63.6,0
28.403,6493,-39,63.6,0
28.403,6494,-36,63.6,0
28.403,6495,-34,63.6,0
28.403,6496,-31,63.6,0
28.423,6497,-26,63.6,0
28.423,6498,-23,63.6,0
28.423,6499,-19,63.6,0
28.423,6500,-16,63.6,0
28.444,6501,-15,63.6,0
28.444,6502,-12,63.6,0
28.444,6503,-10,63.6,0
28.444,6504,-8,63.6,0
28.464,6505,-6,63.6,0
28.464,6506,-4,63.6,0
28.464,6507,-2,63.6,0
28.464,6508,-1,63.6,0
28.464,6509,1,63.6,0
28.486,6510,3,63.6,0
28.486,6511,4,63.6,0
28.486,6512,6,63.6,0
28.486,6513,7,63.6,0
28.486,6514,8,63.6,0
28.486,6515,9,63.6,0
28.486,6516,9,63.6,0
28.508,6517,10,63.6,0
28.508,6518,9,63.6,0
28.508,6519,9,63.6,0
28.508,6520,8,63.6,0
28.508,6521,6,63.6,0
28.508,6522,5,63.6,0
28.534,6523,3,63.6,0
28.534,6524,2,63.6,0
28.534,6525,0,63.6,1
28.534,6526,-2,63.6,0
28.534,6527,-4,63.6,0
28.534,6528,-6,63.6,0
28.553,6529,-7,63.6,0
28.553,6530,-8,63.6,0
28.553,6531,-10,63.6,0
28.553,6532,-11,63.6,0
28.578,6533,-13,63.6,0
28.578,6534,-14,63.6,0
28.578,6535,-15,63.6,0
28.578,6536,-15,63.6,0
28.597,6537,-14,63.6,0
28.597,6538,-15,63.6,0
28.597,6539,-13,63.6,0
28.597,6540,-13,63.6,0
28.613,6541,-14,63.6,0
28.613,6542,-11,63.6,0
28.613,6543,-11,63.6,0
28.613,6544,-9,63.6,0
28.613,6545,-9,63.6,0
28.633,6546,-9,63.6,0
28.633,6547,-6,63.6,0
28.633,6548,-6,63.6,0
28.633,6549,-4,63.6,0
28.633,6550,-3,63.6,0
28.652,6551,-2,63.6,0
28.652,6552,-1,63.6,0
28.652,6553,0,63.6,1
28.652,6554,0,63.6,1
28.652,6555,0,63.6,1
28.652,6556,0,63.6,1
28.677,6557,0,63.6,1
28.677,6558,0,63.6,1
28.677,6559,0,63.6,1
28.677,6560,0,63.6,1
28.677,6561,0,63.6,1
28.677,6562,0,63.6,1
28.694,6563,0,63.6,1
28.694,6564,0,63.6,1
28.694,6565,0,63.6,1
28.694,6566,0,63.6,1
28.694,6567,0,63.6,1
28.694,6568,0,63.6,1
28.694,6569,0,63.6,1
28.717,6570,0,63.6,1
28.717,6571,0,63.6,1
28.717,6572,0,63.6,1
28.717,6573,0,63.6,1
28.717,6574,0,63.6,1
28.717,6575,-1,63.6,0
28.743,6576,-1,63.6,0
28.743,6577,-1,63.6,0
28.743,6578,-1,63.6,0
28.743,6579,0,63.6,1
28.743,6580,-1,63.6,0
28.764,6581,-1,63.6,0
28.765,6582,-1,63.6,0
28.765,6583,0,63.6,1
28.765,6584,0,63.6,1
28.765,6585,0,63.6,1
28.765,6586,0,63.6,1
28.765,6587,0,63.6,1
28.786,6588,0,63.6,1
28.786,6589,1,63.6,0
28.786,6590,0,63.6,1
28.786,6591,1,63.6,0
28.786,6592,1,63.6,0
28.786,6593,2,63.6,0
28.805,6594,2,63.6,0
28.805,6595,2,63.6,0
28.805,6596,2,63.6,0
28.805,6597,2,63.6,0
28.805,6598,2,63.6,0
28.805,6599,2,63.6,0
28.805,6600,2,63.6,0
28.824,6601,1,63.6,0
28.824,6602,1,63.6,0
28.824,6603,2,63.6,0
28.824,6604,2,63.6,0
28.824,6605,3,63.6,0
28.824,6606,3,63.6,0
28.824,6607,3,63.6,0
28.854,6608,3,63.6,0
28.854,6609,4,63.6,0
28.854,6610,3,63.6,0
28.857,6611,3,63.6,0
28.857,6612,3,63.6,0
28.857,6613,3,63.6,0
28.886,6614,4,63.6,0
28.886,6615,4,63.6,0
28.886,6616,4,63.6,0
28.886,6617,4,63.6,0
28.886,6618,4,63.6,0
28.886,6619,4,63.6,0
28.886,6620,3,63.6,0
28.906,6621,3,63.6,0
28.906,6622,4,63.6,0
28.906,6623,5,63.6,0
28.906,6624,6,63.6,0
28.906,6625,6,63.6,0
28.906,6626,6,63.6,0
28.906,6627,6,63.6,0
28.936,6628,6,63.6,0
28.936,6629,6,63.6,0
28.936,6630,6,63.6,0
28.936,6631,7,63.6,0
28.936,6632,7,63.6,0
28.936,6633,8,63.6,0
28.956,6634,10,63.6,0
28.956,6635,12,63.6,0
28.956,6636,14,63.6,0
28.956,6637,15,63.6,0
28.956,6638,17,63.6,0
28.973,6639,21,63.6,0
28.973,6640,26,63.6,0
28.973,6641,33,63.6,0
28.973,6642,40,63.6,0
28.973,6643,46,63.6,0
28.992,6644,51,68.1,0
28.993,6645,53,68.1,0
28.993,6646,55,68.1,0
28.993,6647,54,68.1,0
28.993,6648,52,68.1,0
29.027,6649,49,68.1,0
29.027,6650,44,68.1,0
29.027,6651,39,68.1,0
29.027,6652,33,68.1,0
29.027,6653,28,68.1,0
29.044,6654,22,68.1,0
29.044,6655,17,68.1,0
29.044,6656,13,68.1,0
29.044,6657,9,68.1,0
29.044,6658,7,68.1,0
29.044,6659,4,68.1,0
29.066,6660,1,68.1,0
29.066,6661,-1,68.1,0
29.066,6662,-4,68.1,0
29.066,6663,-5,68.1,0
29.066,6664,-7,68.1,0
29.086,6665,-8,68.1,0
29.086,6666,-9,68.1,0
29.086,6667,-10,68.1,0
29.086,6668,-12,68.1,0
29.102,6669,-18,68.1,0
29.102,6670,-29,68.1,0
29.102,6671,-45,68.1,0
29.102,6672,-61,68.1,0
29.123,6673,-70,68.1,0
29.123,6674,-62,68.1,0
29.123,6675,-27,68.1,0
29.123,6676,26,68.1,0
29.123,6677,94,68.1,0
29.146,6678,161,68.1,0
29.146,6679,219,68.1,0
29.146,6680,269,68.1,0
29.146,6681,295,68.1,0
29.165,6682,291,68.1,0
29.165,6683,253,68.1,0
29.165,6684,189,68.1,0
29.165,6685,116,68.1,0
29.183,6686,48,68.1,0
29.183,6687,-5,68.1,0
29.183,6688,-43,68.1,0
29.183,6689,-65,68.1,0
29.213,6690,-74,68.1,0
29.213,6691,-76,68.1,0
29.213,6692,-76,68.1,0
29.213,6693,-77,68.1,0
29.233,6694,-78,68.1,0
29.233,6695,-80,68.1,0
29.233,6696,-79,68.1,0
29.233,6697,-77,68.1,0
29.256,6698,-75,68.1,0
29.256,6699,-72,68.1,0
29.256,6700,-70,68.1,0
29.256,6701,-67,68.1,0
29.277,6702,-64,68.1,0
29.277,6703,-62,68.1,0
29.277,6704,-58,68.1,0
29.277,6705,-56,68.1,0
29.299,6706,-53,68.1,0
29.299,6707,-51,68.1,0
29.299,6708,-48,68.1,0
29.299,6709,-44,68.1,0
29.313,6710,-41,68.1,0
29.313,6711,-39,68.1,0
29.313,6712,-36,68.1,0
29.313,6713,-32,68.1,0
29.332,6714,-29,68.1,0
29.332,6715,-27,68.1,0
29.332,6716,-23,68.1,0
29.332,6717,-20,68.1,0
29.356,6718,-16,68.1,0
29.356,6719,-12,68.1,0
29.356,6720,-8,68.1,0
29.356,6721,-4,68.1,0
29.356,6722,-1,68.1,0
29.373,6723,1,68.1,0
29.373,6724,4,68.1,0
29.373,6725,7,68.1,0
29.373,6726,9,68.1,0
29.373,6727,11,68.1,0
29.373,6728,14,68.1,0
29.394,6729,17,68.1,0
29.394,6730,19,68.1,0
29.395,6731,21,68.1,0
29.395,6732,22,68.1,0
29.395,6733,24,68.1,0
29.413,6734,25,68.1,0
29.414,6735,26,68.1,0
29.414,6736,27,68.1,0
29.414,6737,28,68.1,0
29.414,6738,29,68.1,0
29.442,6739,29,68.1,0
29.442,6740,29,68.1,0
29.442,6741,28,68.1,0
29.442,6742,28,68.1,0
29.442,6743,28,68.1,0
29.465,6744,27,68.1,0
29.465,6745,26,68.1,0
29.465,6746,25,68.1,0
29.465,6747,23,68.1,0
29.466,6748,22,68.1,0
29.485,6749,21,68.1,0
29.485,6750,19,68.1,0
29.486,6751,18,68.1,0
29.486,6752,16,68.1,0
29.486,6753,15,68.1,0
29.503,6754,14,68.1,0
29.503,6755,13,68.1,0
29.503,6756,12,68.1,0
29.503,6757,11,68.1,0
29.503,6758,10,68.1,0
29.527,6759,9,68.1,0
29.527,6760,9,68.1,0
29.527,6761,9,68.1,0
29.527,6762,10,68.1,0
29.527,6763,10,68.1,0
29.527,6764,11,68.1,0
29.546,6765,11,68.1,0
29.546,6766,12,68.1,0
29.546,6767,12,68.1,0
29.546,6768,13,68.1,0
29.546,6769,14,68.1,0
29.565,6770,15,68.1,0
29.565,6771,15,68.1,0
29.565,6772,15,68.1,0
29.565,6773,16,68.1,0
29.565,6774,16,68.1,0
29.586,6775,17,68.1,0
29.586,6776,18,68.1,0
29.586,6777,18,68.1,0
29.586,6778,19,68.1,0
29.586,6779,20,68.1,0
29.615,6780,21,68.1,0
29.615,6781,21,68.1,0
29.615,6782,22,68.1,0
29.615,6783,22,68.1,0
29.615,6784,23,68.1,0
29.624,6785,23,68.1,0
29.624,6786,22,68.1,0
29.624,6787,22,68.1,0
29.624,6788,21,68.1,0
29.624,6789,21,68.1,0
29.644,6790,21,68.1,0
29.644,6791,21,68.1,0
29.644,6792,21,68.1,0
29.644,6793,22,68.1,0
29.644,6794,22,68.1,0
29.676,6795,22,68.1,0
29.676,6796,22,68.1,0
29.676,6797,21,68.1,0
29.676,6798,23,68.1,0
29.676,6799,21,68.1,0
29.692,6800,22,68.1,0
29.692,6801,21,68.1,0
29.693,6802,20,68.1,0
29.693,6803,23,68.1,0
29.693,6804,22,68.1,0
29.717,6805,24,68.1,0
29.717,6806,24,68.1,0
29.717,6807,23,68.1,0
29.717,6808,25,68.1,0
29.717,6809,25,68.1,0
29.733,6810,26,68.1,0
29.733,6811,26,68.1,0
29.733,6812,25,68.1,0
29.733,6813,25,68.1,0
29.733,6814,24,68.1,0
29.757,6815,24,68.1,0
29.757,6816,24,68.1,0
29.757,6817,23,68.1,0
29.757,6818,24,68.1,0
29.757,6819,23,68.1,0
29.776,6820,24,68.1,0
29.776,6821,23,68.1,0
29.776,6822,22,68.1,0
29.776,6823,23,68.1,0
29.776,6824,22,68.1,0
29.792,6825,23,68.1,0
29.792,6826,23,68.1,0
29.792,6827,23,68.1,0
29.792,6828,24,68.1,0
29.792,6829,23,68.1,0
29.812,6830,26,68.1,0
29.813,6831,25,68.1,0
29.813,6832,27,68.1,0
29.813,6833,25,68.1,0
29.813,6834,24,68.1,0
29.834,6835,26,68.1,0
29.834,6836,25,68.1,0
29.834,6837,26,68.1,0
29.834,6838,24,68.1,0
29.834,6839,23,68.1,0
29.852,6840,25,68.1,0
29.852,6841,25,68.1,0
29.852,6842,28,68.1,0
29.852,6843,29,68.1,0
29.852,6844,29,68.1,0
29.872,6845,30,68.1,0
29.872,6846,32,68.1,0
29.872,6847,35,68.1,0
29.872,6848,41,68.1,0
29.872,6849,48,67.7,0
29.906,6850,55,67.7,0
29.906,6851,60,67.7,0
29.906,6852,64,67.7,0
29.906,6853,67,67.7,0
29.906,6854,68,67.7,0
29.933,6855,67,67.7,0
29.933,6856,64,67.7,0
29.933,6857,59,67.7,0
29.933,6858,53,67.7,0
29.933,6859,47,67.7,0
29.942,6860,41,67.7,0
29.942,6861,35,67.7,0
29.942,6862,28,67.7,0
29.942,6863,23,67.7,0
29.942,6864,18,67.7,0
29.963,6865,14,67.7,0
29.963,6866,11,67.7,0
29.963,6867,8,67.7,0
29.963,6868,5,67.7,0
29.963,6869,2,67.7,0
29.963,6870,0,67.7,1
29.983,6871,-2,67.7,0
29.983,6872,-4,67.7,0
29.983,6873,-6,67.7,0
29.983,6874,-7,67.7,0
29.983,6875,-9,67.7,0
30.003,6876,-12,67.7,0
30.003,6877,-19,67.7,0
30.003,6878,-31,67.7,0
30.003,6879,-46,67.7,0
30.024,6880,-64,67.7,0
30.024,6881,-78,67.7,0
30.024,6882,-76,67.7,0
30.024,6883,-48,67.7,0
30.045,6884,1,67.7,0
30.045,6885,66,67.7,0
30.045,6886,135,67.7,0
30.045,6887,194,67.7,0
30.063,6888,244,67.7,0
30.063,6889,259,67.7,0
30.063,6890,240,67.7,0
30.063,6891,204,67.7,0
30.083,6892,150,67.7,0
30.083,6893,113,67.7,0
30.083,6894,86,67.7,0
30.083,6895,64,67.7,0
30.083,6896,43,67.7,0
30.103,6897,23,67.7,0
30.103,6898,6,67.7,0
30.103,6899,-7,67.7,0
30.103,6900,-18,67.7,0
30.103,6901,-26,67.7,0
30.133,6902,-32,67.7,0
30.133,6903,-37,67.7,0
30.133,6904,-41,67.7,0
30.133,6905,-44,67.7,0
30.154,6906,-46,67.7,0
30.154,6907,-46,67.7,0
30.154,6908,-47,67.7,0
30.154,6909,-46,67.7,0
30.172,6910,-47,67.7,0
30.172,6911,-48,67.7,0
30.172,6912,-48,67.7,0
30.172,6913,-47,67.7,0
30.193,6914,-45,67.7,0
30.193,6915,-44,67.7,0
30.193,6916,-42,67.7,0
30.193,6917,-41,67.7,0
30.212,6918,-40,67.7,0
30.212,6919,-39,67.7,0
30.212,6920,-37,67.7,0
30.212,6921,-35,67.7,0
30.235,6922,-33,67.7,0
30.235,6923,-31,67.7,0
30.235,6924,-29,67.7,0
30.235,6925,-28,67.7,0
30.253,6926,-26,67.7,0
30.253,6927,-24,67.7,0
30.253,6928,-21,67.7,0
30.253,6929,-19,67.7,0
30.272,6930,-18,67.7,0
30.272,6931,-16,67.7,0
30.272,6932,-14,67.7,0
30.272,6933,-12,67.7,0
30.295,6934,-10,67.7,0
30.295,6935,-8,67.7,0
30.295,6936,-7,67.7,0
30.295,6937,-6,67.7,0
30.312,6938,-5,67.7,0
30.312,6939,-4,67.7,0
30.313,6940,-3,67.7,0
30.313,6941,-3,67.7,0
30.313,6942,-4,67.7,0
30.343,6943,-5,67.7,0
30.343,6944,-5,67.7,0
30.343,6945,-6,67.7,0
30.343,6946,-7,67.7,0
30.343,6947,-9,67.7,0
30.366,6948,-11,67.7,0
30.366,6949,-13,67.7,0
30.366,6950,-16,67.7,0
30.366,6951,-18,67.7,0
30.385,6952,-20,67.7,0
30.385,6953,-21,67.7,0
30.385,6954,-23,67.7,0
30.385,6955,-25,67.7,0
30.402,6956,-26,67.7,0
30.402,6957,-27,67.7,0
30.402,6958,-28,67.7,0
30.402,6959,-28,67.7,0
30.425,6960,-28,67.7,0
30.425,6961,-28,67.7,0
30.425,6962,-28,67.7,0
30.425,6963,-28,67.7,0
30.453,6964,-26,67.7,0
30.453,6965,-25,67.7,0
30.453,6966,-20,67.7,0
30.453,6967,-20,67.7,0
30.466,6968,-16,67.7,0
30.466,6969,-16,67.7,0
30.466,6970,-16,67.7,0
30.466,6971,-14,67.7,0
30.482,6972,-13,67.7,0
30.482,6973,-11,67.7,0
30.482,6974,-11,67.7,0
30.482,6975,-10,67.7,0
30.508,6976,-10,67.7,0
30.508,6977,-9,67.7,0
30.508,6978,-8,67.7,0
30.508,6979,-7,67.7,0
30.508,6980,-7,67.7,0
30.522,6981,-5,67.7,0
30.522,6982,-6,67.7,0
30.522,6983,-5,67.7,0
30.522,6984,-6,67.7,0
30.522,6985,-6,67.7,0
30.543,6986,-5,67.7,0
30.543,6987,-6,67.7,0
30.543,6988,-5,67.7,0
30.543,6989,-7,67.7,0
30.543,6990,-8,67.7,0
30.574,6991,-7,67.7,0
30.574,6992,-9,67.7,0
30.574,6993,-8,67.7,0
30.574,6994,-9,67.7,0
30.574,6995,-10,67.7,0
30.592,6996,-8,67.7,0
30.592,6997,-9,67.7,0
30.592,6998,-8,67.7,0
30.592,6999,-8,67.7,0
30.592,7000,-9,67.7,0
30.612,7001,-7,67.7,0
30.612,7002,-8,67.7,0
30.612,7003,-6,67.7,0
30.612,7004,-7,67.7,0
30.612,7005,-8,67.7,0
30.633,7006,-8,67.7,0
30.633,7007,-8,67.7,0
30.633,7008,-8,67.7,0
30.633,7009,-9,67.7,0
30.633,7010,-9,67.7,0
30.652,7011,-9,67.7,0
30.652,7012,-9,67.7,0
30.652,7013,-9,67.7,0
30.652,7014,-9,67.7,0
30.652,7015,-10,67.7,0
30.676,7016,-10,67.7,0
30.676,7017,-9,67.7,0
30.676,7018,-9,67.7,0
30.676,7019,-9,67.7,0
30.696,7020,-10,67.7,0
30.696,7021,-10,67.7,0
30.696,7022,-10,67.7,0
30.696,7023,-10,67.7,0
30.714,7024,-10,67.7,0
30.715,7025,-9,67.7,0
30.715,7026,-9,67.7,0
30.715,7027,-9,67.7,0
30.715,7028,-7,67.7,0
30.732,7029,-7,67.7,0
30.732,7030,-5,67.7,0
30.733,7031,-5,67.7,0
30.733,7032,-5,67.7,0
30.733,7033,-1,67.7,0
30.753,7034,-1,67.7,0
30.753,7035,2,67.7,0
30.753,7036,3,67.7,0
30.753,7037,4,67.7,0
30.753,7038,6,67.7,0
30.753,7039,9,67.7,0
30.772,7040,14,67.7,0
30.772,7041,21,67.7,0
30.772,7042,28,67.7,0
30.772,7043,36,67.7,0
30.772,7044,42,67.7,0
30.802,7045,45,67.5,0
30.802,7046,47,67.5,0
30.802,7047,48,67.5,0
30.802,7048,47,67.5,0
30.802,7049,44,67.5,0
30.823,7050,40,67.5,0
30.823,7051,34,67.5,0
30.823,7052,28,67.5,0
30.823,7053,22,67.5,0
30.823,7054,17,67.5,0
30.843,7055,11,67.5,0
30.843,7056,6,67.5,0
30.843,7057,1,67.5,0
30.843,7058,-2,67.5,0
30.843,7059,-5,67.5,0
30.843,7060,-8,67.5,0
30.865,7061,-11,67.5,0
30.865,7062,-14,67.5,0
30.865,7063,-16,67.5,0
30.865,7064,-19,67.5,0
30.893,7065,-20,67.5,0
30.893,7066,-22,67.5,0
30.893,7067,-23,67.5,0
30.893,7068,-25,67.5,0
30.903,7069,-28,67.5,0
30.903,7070,-35,67.5,0
30.903,7071,-49,67.5,0
30.903,7072,-58,67.5,0
30.925,7073,-58,67.5,0
30.925,7074,-30,67.5,0
30.925,7075,18,67.5,0
30.925,7076,84,67.5,0
30.946,7077,150,67.5,0
30.946,7078,209,67.5,0
30.946,7079,244,67.5,0
30.946,7080,249,67.5,0
30.963,7081,210,67.5,0
30.963,7082,141,67.5,0
30.963,7083,59,67.5,0
30.963,7084,-7,67.5,0
30.963,7085,-47,67.5,0
30.982,7086,-66,67.5,0
30.982,7087,-70,67.5,0
30.982,7088,-73,67.5,0
30.982,7089,-76,67.5,0
31.012,7090,-82,67.5,0
31.013,7091,-86,67.5,0
31.013,7092,-87,67.5,0
31.013,7093,-87,67.5,0
31.033,7094,-84,67.5,0
31.034,7095,-81,67.5,0
31.034,7096,-78,67.5,0
31.034,7097,-76,67.5,0
31.055,7098,-73,67.5,0
31.055,7099,-71,67.5,0
31.055,7100,-69,67.5,0
31.055,7101,-66,67.5,0
31.073,7102,-64,67.5,0
31.073,7103,-61,67.5,0
31.073,7104,-58,67.5,0
31.073,7105,-55,67.5,0
31.102,7106,-52,67.5,0
31.102,7107,-50,67.5,0
31.102,7108,-45,67.5,0
31.102,7109,-43,67.5,0
31.112,7110,-40,67.5,0
31.113,7111,-37,67.5,0
31.113,7112,-35,67.5,0
31.113,7113,-32,67.5,0
31.132,7114,-30,67.5,0
31.132,7115,-28,67.5,0
31.132,7116,-25,67.5,0
31.132,7117,-22,67.5,0
31.152,7118,-19,67.5,0
31.152,7119,-16,67.5,0
31.152,7120,-14,67.5,0
31.152,7121,-12,67.5,0
31.173,7122,-10,67.5,0
31.173,7123,-9,67.5,0
31.173,7124,-8,67.5,0
31.173,7125,-7,67.5,0
31.193,7126,-5,67.5,0
31.193,7127,-3,67.5,0
31.193,7128,-2,67.5,0
31.193,7129,-1,67.5,0
31.193,7130,-1,67.5,0
31.213,7131,-1,67.5,0
31.213,7132,-1,67.5,0
31.213,7133,-1,67.5,0
31.213,7134,-2,67.5,0
31.213,7135,-3,67.5,0
31.248,7136,-4,67.5,0
31.248,7137,-5,67.5,0
31.248,7138,-7,67.5,0
31.248,7139,-8,67.5,0
31.248,7140,-10,67.5,0
31.263,7141,-12,67.5,0
31.263,7142,-13,67.5,0
31.263,7143,-15,67.5,0
31.263,7144,-16,67.5,0
31.283,7145,-17,67.5,0
31.283,7146,-19,67.5,0
31.283,7147,-19,67.5,0
31.283,7148,-19,67.5,0
31.312,7149,-20,67.5,0
31.312,7150,-20,67.5,0
31.313,7151,-19,67.5,0
31.313,7152,-20,67.5,0
31.323,7153,-19,67.5,0
31.323,7154,-19,67.5,0
31.323,7155,-19,67.5,0
31.323,7156,-18,67.5,0
31.343,7157,-17,67.5,0
31.343,7158,-15,67.5,0
31.343,7159,-14,67.5,0
31.343,7160,-12,67.5,0
31.365,7161,-11,67.5,0
31.365,7162,-9,67.5,0
31.365,7163,-7,67.5,0
31.365,7164,-6,67.5,0
31.365,7165,-5,67.5,0
31.382,7166,-5,67.5,0
31.382,7167,-5,67.5,0
31.382,7168,-4,67.5,0
31.382,7169,-4,67.5,0
31.382,7170,-3,67.5,0
31.402,7171,-2,67.5,0
31.402,7172,-1,67.5,0
31.402,7173,0,67.5,1
31.402,7174,0,67.5,1
31.402,7175,0,67.5,1
31.402,7176,0,67.5,1
31.423,7177,1,67.5,0
31.424,7178,1,67.5,0
31.424,7179,1,67.5,0
31.424,7180,1,67.5,0
31.424,7181,1,67.5,0
31.424,7182,1,67.5,0
31.424,7183,1,67.5,0
31.442,7184,1,67.5,0
31.442,7185,1,67.5,0
31.442,7186,1,67.5,0
31.442,7187,2,67.5,0
31.442,7188,2,67.5,0
31.442,7189,3,67.5,0
31.476,7190,3,67.5,0
31.476,7191,3,67.5,0
31.476,7192,3,67.5,0
31.476,7193,3,67.5,0
31.476,7194,3,67.5,0
31.476,7195,3,67.5,0
31.476,7196,3,67.5,0
31.493,7197,3,67.5,0
31.493,7198,3,67.5,0
31.493,7199,2,67.5,0
31.493,7200,2,67.5,0
31.493,7201,2,67.5,0
31.493,7202,2,67.5,0
31.493,7203,2,67.5,0
31.517,7204,2,67.5,0
31.517,7205,2,67.5,0
31.517,7206,2,67.5,0
31.517,7207,2,67.5,0
31.517,7208,2,67.5,0
31.517,7209,2,67.5,0
31.532,7210,1,67.5,0
31.532,7211,0,67.5,1
31.532,7212,0,67.5,1
31.532,7213,0,67.5,1
31.532,7214,0,67.5,1
31.532,7215,0,67.5,1
31.532,7216,0,67.5,1
31.552,7217,-1,67.5,0
31.552,7218,-2,67.5,0
31.552,7219,-2,67.5,0
31.552,7220,-2,67.5,0
31.552,7221,-3,67.5,0
31.583,7222,-3,67.5,0
31.583,7223,-3,67.5,0
31.583,7224,-3,67.5,0
31.583,7225,-4,67.5,0
31.583,7226,-4,67.5,0
31.603,7227,-4,67.5,0
31.603,7228,-3,67.5,0
31.603,7229,-2,67.5,0
31.603,7230,-2,67.5,0
31.603,7231,-2,67.5,0
31.622,7232,-2,67.5,0
31.622,7233,-3,67.5,0
31.622,7234,-3,67.5,0
31.622,7235,-3,67.5,0
31.622,7236,-3,67.5,0
31.646,7237,-2,67.5,0
31.646,7238,0,67.5,1
31.646,7239,0,67.5,1
31.646,7240,1,67.5,0
31.646,7241,2,67.5,0
31.646,7242,4,67.5,0
31.665,7243,6,67.5,0
31.665,7244,9,67.5,0
31.665,7245,14,67.5,0
31.665,7246,21,67.5,0
31.665,7247,28,67.5,0
31.665,7248,35,67.5,0
31.684,7249,40,67.5,0
31.684,7250,44,67.5,0
31.684,7251,46,67.1,0
31.684,7252,47,67.1,0
31.684,7253,45,67.1,0
31.702,7254,42,67.1,0
31.702,7255,37,67.1,0
31.702,7256,32,67.1,0
31.702,7257,26,67.1,0
31.702,7258,21,67.1,0
31.733,7259,15,67.1,0
31.733,7260,9,67.1,0
31.733,7261,4,67.1,0
31.733,7262,0,67.1,1
31.733,7263,-3,67.1,0
31.754,7264,-6,67.1,0
31.754,7265,-9,67.1,0
31.754,7266,-11,67.1,0
31.754,7267,-14,67.1,0
31.754,7268,-16,67.1,0
31.773,7269,-18,67.1,0
31.773,7270,-21,67.1,0
31.773,7271,-23,67.1,0
31.773,7272,-25,67.1,0
31.792,7273,-27,67.1,0
31.792,7274,-30,67.1,0
31.792,7275,-38,67.1,0
31.792,7276,-51,67.1,0
31.814,7277,-67,67.1,0
31.814,7278,-84,67.1,0
31.814,7279,-92,67.1,0
31.814,7280,-81,67.1,0
31.836,7281,-41,67.1,0
31.836,7282,13,67.1,0
31.836,7283,86,67.1,0
31.836,7284,153,67.1,0
31.852,7285,211,67.1,0
31.852,7286,262,67.1,0
31.852,7287,287,67.1,0
31.852,7288,279,67.1,0
31.873,7289,234,67.1,0
31.873,7290,160,67.1,0
31.874,7291,79,67.1,0
31.874,7292,12,67.1,0
31.895,7293,-32,67.1,0
31.895,7294,-58,67.1,0
31.895,7295,-70,67.1,0
31.895,7296,-76,67.1,0
31.915,7297,-80,67.1,0
31.915,7298,-84,67.1,0
31.915,7299,-89,67.1,0
31.915,7300,-91,67.1,0
31.942,7301,-91,67.1,0
31.942,7302,-90,67.1,0
31.942,7303,-89,67.1,0
31.942,7304,-87,67.1,0
31.963,7305,-85,67.1,0
31.963,7306,-83,67.1,0
31.963,7307,-80,67.1,0
31.963,7308,-77,67.1,0
31.985,7309,-74,67.1,0
31.985,7310,-72,67.1,0
31.986,7311,-69,67.1,0
31.986,7312,-67,67.1,0
32.004,7313,-64,67.1,0
32.004,7314,-60,67.1,0
32.004,7315,-59,67.1,0
32.004,7316,-55,67.1,0
32.025,7317,-53,67.1,0
32.025,7318,-51,67.1,0
32.025,7319,-48,67.1,0
32.025,7320,-45,67.1,0
32.043,7321,-41,67.1,0
32.043,7322,-37,67.1,0
32.043,7323,-33,67.1,0
32.043,7324,-31,67.1,0
32.062,7325,-28,67.1,0
32.062,7326,-25,67.1,0
32.062,7327,-22,67.1,0
32.062,7328,-19,67.1,0
32.082,7329,-17,67.1,0
32.082,7330,-15,67.1,0
32.082,7331,-13,67.1,0
32.082,7332,-11,67.1,0
32.082,7333,-8,67.1,0
32.105,7334,-6,67.1,0
32.105,7335,-4,67.1,0
32.106,7336,-3,67.1,0
32.106,7337,-2,67.1,0
32.106,7338,-1,67.1,0
32.125,7339,-1,67.1,0
32.125,7340,0,67.1,1
32.125,7341,0,67.1,1
32.125,7342,-1,67.1,0
32.125,7343,-2,67.1,0
32.143,7344,-2,67.1,0
32.143,7345,-3,67.1,0
32.143,7346,-3,67.1,0
32.143,7347,-4,67.1,0
32.143,7348,-5,67.1,0
32.173,7349,-7,67.1,0
32.173,7350,-9,67.1,0
32.173,7351,-10,67.1,0
32.173,7352,-12,67.1,0
32.192,7353,-14,67.1,0
32.192,7354,-15,67.1,0
32.192,7355,-17,67.1,0
32.192,7356,-18,67.1,0
32.213,7357,-19,67.1,0
32.213,7358,-19,67.1,0
32.213,7359,-20,67.1,0
32.213,7360,-20,67.1,0
32.235,7361,-20,67.1,0
32.235,7362,-20,67.1,0
32.235,7363,-20,67.1,0
32.236,7364,-18,67.1,0
32.255,7365,-16,67.1,0
32.255,7366,-14,67.1,0
32.255,7367,-13,67.1,0
32.255,7368,-12,67.1,0
32.275,7369,-11,67.1,0
32.275,7370,-10,67.1,0
32.275,7371,-8,67.1,0
32.275,7372,-7,67.1,0
32.275,7373,-5,67.1,0
32.292,7374,-4,67.1,0
32.292,7375,-4,67.1,0
32.292,7376,-3,67.1,0
32.292,7377,-2,67.1,0
32.292,7378,-1,67.1,0
32.316,7379,0,67.1,1
32.316,7380,0,67.1,1
32.316,7381,0,67.1,1
32.316,7382,0,67.1,1
32.316,7383,0,67.1,1
32.316,7384,0,67.1,1
32.316,7385,0,67.1,1
32.333,7386,0,67.1,1
32.333,7387,0,67.1,1
32.333,7388,0,67.1,1
32.333,7389,0,67.1,1
32.333,7390,0,67.1,1
32.333,7391,0,67.1,1
32.352,7392,-1,67.1,0
32.352,7393,-2,67.1,0
32.352,7394,-2,67.1,0
32.352,7395,-2,67.1,0
32.352,7396,-3,67.1,0
32.374,7397,-3,67.1,0
32.374,7398,-3,67.1,0
32.374,7399,-4,67.1,0
32.374,7400,-3,67.1,0
32.374,7401,-3,67.1,0
32.402,7402,-3,67.1,0
32.402,7403,-3,67.1,0
32.402,7404,-3,67.1,0
32.402,7405,-4,67.1,0
32.402,7406,-4,67.1,0
32.424,7407,-5,67.1,0
32.424,7408,-4,67.1,0
32.424,7409,-3,67.1,0
32.424,7410,-3,67.1,0
32.425,7411,-2,67.1,0
32.444,7412,-2,67.1,0
32.444,7413,-2,67.1,0
32.444,7414,-1,67.1,0
32.444,7415,-1,67.1,0
32.444,7416,-1,67.1,0
32.462,7417,-1,67.1,0
32.463,7418,-2,67.1,0
32.463,7419,-2,67.1,0
32.463,7420,-2,67.1,0
32.463,7421,-3,67.1,0
32.483,7422,-2,67.1,0
32.483,7423,-2,67.1,0
32.483,7424,-1,67.1,0
32.483,7425,-1,67.1,0
32.483,7426,-1,67.1,0
32.505,7427,-1,67.1,0
32.505,7428,-1,67.1,0
32.505,7429,-1,67.1,0
32.505,7430,-1,67.1,0
32.505,7431,0,67.1,1
32.505,7432,0,67.1,1
32.522,7433,1,67.1,0
32.522,7434,1,67.1,0
32.522,7435,2,67.1,0
32.522,7436,2,67.1,0
32.522,7437,3,67.1,0
32.522,7438,5,67.1,0
32.522,7439,6,67.1,0
32.563,7440,7,67.1,0
32.563,7441,9,67.1,0
32.563,7442,11,67.1,0
32.563,7443,13,67.1,0
32.563,7444,16,67.1,0
32.563,7445,20,67.1,0
32.563,7446,26,67.1,0
32.563,7447,34,67.1,0
32.563,7448,42,67.1,0
32.563,7449,48,67.4,0
32.583,7450,52,67.4,0
32.583,7451,55,67.4,0
32.583,7452,56,67.4,0
32.583,7453,57,67.4,0
32.583,7454,55,67.4,0
32.603,7455,51,67.4,0
32.603,7456,46,67.4,0
32.603,7457,44,67.4,0
32.603,7458,37,67.4,0
32.603,7459,32,67.4,0
32.633,7460,24,67.4,0
32.633,7461,17,67.4,0
32.633,7462,12,67.4,0
32.633,7463,8,67.4,0
32.633,7464,4,67.4,0
32.633,7465,1,67.4,0
32.662,7466,-1,67.4,0
32.662,7467,-3,67.4,0
32.662,7468,-5,67.4,0
32.662,7469,-6,67.4,0
32.662,7470,-8,67.4,0
32.673,7471,-10,67.4,0
32.673,7472,-10,67.4,0
32.673,7473,-11,67.4,0
32.673,7474,-13,67.4,0
32.692,7475,-20,67.4,0
32.692,7476,-33,67.4,0
32.692,7477,-49,67.4,0
32.692,7478,-65,67.4,0
32.713,7479,-73,67.4,0
32.713,7480,-62,67.4,0
32.713,7481,-22,67.4,0
32.713,7482,31,67.4,0
32.735,7483,102,67.4,0
32.735,7484,167,67.4,0
32.735,7485,224,67.4,0
32.735,7486,271,67.4,0
32.752,7487,291,67.4,0
32.752,7488,281,67.4,0
32.752,7489,238,67.4,0
32.752,7490,181,67.4,0
32.774,7491,123,67.4,0
32.775,7492,83,67.4,0
32.775,7493,56,67.4,0
32.775,7494,38,67.4,0
32.775,7495,24,67.4,0
32.794,7496,10,67.4,0
32.794,7497,-1,67.4,0
32.794,7498,-12,67.4,0
32.794,7499,-21,67.4,0
32.815,7500,-27,67.4,0
32.815,7501,-31,67.4,0
32.815,7502,-34,67.4,0
32.815,7503,-37,67.4,0
32.843,7504,-38,67.4,0
32.843,7505,-39,67.4,0
32.843,7506,-38,67.4,0
32.843,7507,-38,67.4,0
32.863,7508,-36,67.4,0
32.863,7509,-35,67.4,0
32.863,7510,-34,67.4,0
32.863,7511,-33,67.4,0
32.882,7512,-32,67.4,0
32.882,7513,-31,67.4,0
32.882,7514,-30,67.4,0
32.882,7515,-29,67.4,0
32.903,7516,-27,67.4,0
32.903,7517,-26,67.4,0
32.903,7518,-23,67.4,0
32.903,7519,-20,67.4,0
32.925,7520,-17,67.4,0
32.925,7521,-14,67.4,0
32.925,7522,-10,67.4,0
32.925,7523,-8,67.4,0
32.925,7524,-5,67.4,0
32.946,7525,-3,67.4,0
32.946,7526,0,67.4,1
32.946,7527,1,67.4,0
32.946,7528,4,67.4,0
32.946,7529,6,67.4,0
32.946,7530,7,67.4,0
32.966,7531,10,67.4,0
32.966,7532,12,67.4,0
32.966,7533,14,67.4,0
32.966,7534,15,67.4,0
32.966,7535,16,67.4,0
32.983,7536,18,67.4,0
32.983,7537,19,67.4,0
32.983,7538,20,67.4,0
32.983,7539,20,67.4,0
32.983,7540,20,67.4,0
33.002,7541,20,67.4,0
33.002,7542,20,67.4,0
33.002,7543,19,67.4,0
33.002,7544,19,67.4,0
33.002,7545,18,67.4,0
33.022,7546,18,67.4,0
33.022,7547,17,67.4,0
33.022,7548,16,67.4,0
33.022,7549,14,67.4,0
33.022,7550,12,67.4,0
33.043,7551,10,67.4,0
33.043,7552,8,67.4,0
33.043,7553,6,67.4,0
33.043,7554,4,67.4,0
33.043,7555,2,67.4,0
33.043,7556,1,67.4,0
33.083,7557,0,67.4,1
33.083,7558,0,67.4,1
33.083,7559,0,67.4,1
33.083,7560,-1,67.4,0
33.083,7561,-1,67.4,0
33.083,7562,-1,67.4,0
33.093,7563,-1,67.4,0
33.093,7564,-2,67.4,0
33.093,7565,-2,67.4,0
33.093,7566,-1,67.4,0
33.093,7567,-1,67.4,0
33.113,7568,-1,67.4,0
33.113,7569,-1,67.4,0
33.113,7570,-1,67.4,0
33.113,7571,0,67.4,1
33.113,7572,0,67.4,1
33.113,7573,1,67.4,0
33.136,7574,2,67.4,0
33.136,7575,3,67.4,0
33.136,7576,4,67.4,0
33.136,7577,4,67.4,0
33.136,7578,5,67.4,0
33.136,7579,5,67.4,0
33.155,7580,5,67.4,0
33.156,7581,5,67.4,0
33.156,7582,6,67.4,0
33.156,7583,6,67.4,0
33.156,7584,7,67.4,0
33.156,7585,7,67.4,0
33.156,7586,7,67.4,0
33.174,7587,7,67.4,0
33.174,7588,7,67.4,0
33.174,7589,7,67.4,0
33.174,7590,7,67.4,0
33.174,7591,7,67.4,0
33.174,7592,6,67.4,0
33.174,7593,6,67.4,0
33.195,7594,5,67.4,0
33.195,7595,4,67.4,0
33.195,7596,4,67.4,0
33.195,7597,2,67.4,0
33.195,7598,2,67.4,0
33.195,7599,1,67.4,0
33.215,7600,0,67.4,1
33.215,7601,0,67.4,1
33.215,7602,0,67.4,1
33.215,7603,0,67.4,1
33.215,7604,-1,67.4,0
33.215,7605,-1,67.4,0
33.234,7606,-2,67.4,0
33.234,7607,-2,67.4,0
33.234,7608,-1,67.4,0
33.234,7609,-1,67.4,0
33.234,7610,-1,67.4,0
33.265,7611,-1,67.4,0
33.265,7612,-1,67.4,0
33.265,7613,-1,67.4,0
33.265,7614,-1,67.4,0
33.265,7615,0,67.4,1
33.265,7616,0,67.4,1
33.282,7617,0,67.4,1
33.282,7618,0,67.4,1
33.282,7619,0,67.4,1
33.282,7620,0,67.4,1
33.283,7621,0,67.4,1
33.283,7622,0,67.4,1
33.313,7623,0,67.4,1
33.313,7624,0,67.4,1
33.313,7625,0,67.4,1
33.313,7626,0,67.4,1
33.313,7627,0,67.4,1
33.313,7628,0,67.4,1
33.313,7629,0,67.4,1
33.332,7630,1,67.4,0
33.332,7631,1,67.4,0
33.332,7632,2,67.4,0
33.332,7633,3,67.4,0
33.332,7634,4,67.4,0
33.332,7635,4,67.4,0
33.332,7636,4,67.4,0
33.363,7637,5,67.4,0
33.363,7638,6,67.4,0
33.363,7639,7,67.4,0
33.363,7640,9,67.4,0
33.363,7641,11,67.4,0
33.363,7642,13,67.4,0
33.386,7643,14,67.4,0
33.386,7644,17,67.4,0
33.386,7645,21,67.4,0
33.386,7646,28,67.4,0
33.386,7647,35,67.4,0
33.403,7648,42,67.4,0
33.403,7649,49,68.4,0
33.403,7650,55,68.4,0
33.403,7651,59,68.4,0
33.403,7652,61,68.4,0
33.423,7653,61,68.4,0
33.423,7654,59,68.4,0
33.423,7655,55,68.4,0
33.423,7656,49,68.4,0
33.423,7657,44,68.4,0
33.443,7658,37,68.4,0
33.443,7659,31,68.4,0
33.443,7660,24,68.4,0
33.443,7661,18,68.4,0
33.443,7662,12,68.4,0
33.463,7663,7,68.4,0
33.463,7664,2,68.4,0
33.463,7665,-1,68.4,0
33.463,7666,-4,68.4,0
33.463,7667,-7,68.4,0
33.482,7668,-10,68.4,0
33.482,7669,-12,68.4,0
33.482,7670,-15,68.4,0
33.482,7671,-16,68.4,0
33.512,7672,-17,68.4,0
33.512,7673,-19,68.4,0
33.512,7674,-21,68.4,0
33.512,7675,-25,68.4,0
33.533,7676,-34,68.4,0
33.533,7677,-47,68.4,0
33.533,7678,-65,68.4,0
33.533,7679,-82,68.4,0
33.552,7680,-89,68.4,0
33.552,7681,-74,68.4,0
33.552,7682,-28,68.4,0
33.552,7683,29,68.4,0
33.572,7684,102,68.4,0
33.572,7685,166,68.4,0
33.572,7686,222,68.4,0
33.572,7687,271,68.4,0
33.593,7688,297,68.4,0
33.593,7689,287,68.4,0
33.593,7690,240,68.4,0
33.594,7691,163,68.4,0
33.612,7692,80,68.4,0
33.612,7693,12,68.4,0
33.612,7694,-31,68.4,0
33.612,7695,-53,68.4,0
33.612,7696,-63,68.4,0
33.636,7697,-67,68.4,0
33.636,7698,-71,68.4,0
33.636,7699,-76,68.4,0
33.636,7700,-81,68.4,0
33.653,7701,-84,68.4,0
33.653,7702,-84,68.4,0
33.653,7703,-83,68.4,0
33.653,7704,-81,68.4,0
33.672,7705,-78,68.4,0
33.672,7706,-76,68.4,0
33.672,7707,-73,68.4,0
33.672,7708,-71,68.4,0
33.693,7709,-69,68.4,0
33.693,7710,-67,68.4,0
33.693,7711,-65,68.4,0
33.693,7712,-63,68.4,0
33.714,7713,-61,68.4,0
33.714,7714,-59,68.4,0
33.714,7715,-55,68.4,0
33.714,7716,-52,68.4,0
33.746,7717,-48,68.4,0
33.746,7718,-44,68.4,0
33.746,7719,-41,68.4,0
33.746,7720,-37,68.4,0
33.763,7721,-35,68.4,0
33.763,7722,-32,68.4,0
33.763,7723,-29,68.4,0
33.763,7724,-27,68.4,0
33.785,7725,-24,68.4,0
33.785,7726,-22,68.4,0
33.785,7727,-19,68.4,0
33.785,7728,-17,68.4,0
33.802,7729,-15,68.4,0
33.802,7730,-12,68.4,0
33.802,7731,-8,68.4,0
33.802,7732,-6,68.4,0
33.823,7733,-4,68.4,0
33.823,7734,-3,68.4,0
33.823,7735,-1,68.4,0
33.823,7736,0,68.4,1
33.823,7737,0,68.4,1
33.823,7738,1,68.4,0
33.847,7739,2,68.4,0
33.847,7740,2,68.4,0
33.847,7741,3,68.4,0
33.847,7742,2,68.4,0
33.847,7743,2,68.4,0
33.847,7744,2,68.4,0
33.847,7745,2,68.4,0
33.862,7746,1,68.4,0
33.862,7747,0,68.4,1
33.862,7748,0,68.4,1
33.862,7749,-2,68.4,0
33.862,7750,-4,68.4,0
33.887,7751,-6,68.4,0
33.887,7752,-8,68.4,0
33.887,7753,-10,68.4,0
33.887,7754,-13,68.4,0
33.887,7755,-14,68.4,0
33.905,7756,-16,68.4,0
33.905,7757,-17,68.4,0
33.905,7758,-19,68.4,0
33.905,7759,-20,68.4,0
33.922,7760,-21,68.4,0
33.922,7761,-21,68.4,0
33.922,7762,-22,68.4,0
33.922,7763,-23,68.4,0
33.942,7764,-24,68.4,0
33.942,7765,-23,68.4,0
33.942,7766,-23,68.4,0
33.942,7767,-21,68.4,0
33.972,7768,-20,68.4,0
33.972,7769,-19,68.4,0
33.972,7770,-17,68.4,0
33.972,7771,-17,68.4,0
33.993,7772,-15,68.4,0
33.993,7773,-14,68.4,0
33.993,7774,-12,68.4,0
33.993,7775,-9,68.4,0
34.024,7776,-8,68.4,0
34.024,7777,-6,68.4,0
34.024,7778,-6,68.4,0
34.024,7779,-6,68.4,0
34.024,7780,-4,68.4,0
34.032,7781,-3,68.4,0
34.032,7782,-1,68.4,0
34.032,7783,-1,68.4,0
34.032,7784,-2,68.4,0
34.032,7785,-1,68.4,0
34.052,7786,-2,68.4,0
34.052,7787,-1,68.4,0
34.052,7788,-2,68.4,0
34.052,7789,-2,68.4,0
34.052,7790,-3,68.4,0
34.075,7791,-4,68.4,0
34.075,7792,-4,68.4,0
34.075,7793,-4,68.4,0
34.075,7794,-5,68.4,0
34.075,7795,-5,68.4,0
34.095,7796,-5,68.4,0
34.095,7797,-6,68.4,0
34.095,7798,-7,68.4,0
34.095,7799,-7,68.4,0
34.095,7800,-7,68.4,0
34.115,7801,-6,68.4,0
34.115,7802,-6,68.4,0
34.115,7803,-6,68.4,0
34.115,7804,-6,68.4,0
34.115,7805,-6,68.4,0
34.134,7806,-6,68.4,0
34.134,7807,-6,68.4,0
34.134,7808,-5,68.4,0
34.134,7809,-6,68.4,0
34.134,7810,-6,68.4,0
34.154,7811,-6,68.4,0
34.154,7812,-6,68.4,0
34.154,7813,-6,68.4,0
34.154,7814,-6,68.4,0
34.154,7815,-5,68.4,0
34.172,7816,-5,68.4,0
34.172,7817,-5,68.4,0
34.172,7818,-5,68.4,0
34.172,7819,-5,68.4,0
34.172,7820,-4,68.4,0
34.206,7821,-4,68.4,0
34.206,7822,-3,68.4,0
34.206,7823,-3,68.4,0
34.206,7824,-3,68.4,0
34.206,7825,-3,68.4,0
34.224,7826,-3,68.4,0
34.224,7827,-3,68.4,0
34.224,7828,-2,68.4,0
34.224,7829,-2,68.4,0
34.224,7830,-2,68.4,0
34.245,7831,-3,68.4,0
34.245,7832,-3,68.4,0
34.245,7833,-2,68.4,0
34.245,7834,-1,68.4,0
34.245,7835,0,68.4,1
34.262,7836,1,68.4,0
34.262,7837,4,68.4,0
34.262,7838,5,68.4,0
34.262,7839,6,68.4,0
34.262,7840,8,68.4,0
34.262,7841,11,68.4,0
34.285,7842,16,68.4,0
34.286,7843,22,68.4,0
34.286,7844,30,68.4,0
34.286,7845,37,68.4,0
34.286,7846,43,68.4,0
34.303,7847,48,68.3,0
34.303,7848,51,68.3,0
34.303,7849,52,68.3,0
34.303,7850,50,68.3,0
34.303,7851,47,68.3,0
34.324,7852,43,68.3,0
34.324,7853,37,68.3,0
34.324,7854,32,68.3,0
34.324,7855,25,68.3,0
34.324,7856,19,68.3,0
34.343,7857,13,68.3,0
34.343,7858,7,68.3,0
34.343,7859,2,68.3,0
34.343,7860,-1,68.3,0
34.343,7861,-5,68.3,0
34.343,7862,-8,68.3,0
34.366,7863,-11,68.3,0
34.366,7864,-14,68.3,0
34.366,7865,-17,68.3,0
34.366,7866,-20,68.3,0
34.383,7867,-22,68.3,0
34.383,7868,-24,68.3,0
34.383,7869,-26,68.3,0
34.383,7870,-28,68.3,0
34.402,7871,-31,68.3,0
34.402,7872,-36,68.3,0
34.402,7873,-48,68.3,0
34.402,7874,-64,68.3,0
34.434,7875,-56,68.3,0
34.434,7876,-29,68.3,0
34.434,7877,25,68.3,0
34.434,7878,96,68.3,0
34.454,7879,161,68.3,0
34.454,7880,218,68.3,0
34.454,7881,268,68.3,0
34.454,7882,234,68.3,0
34.474,7883,210,68.3,0
34.474,7884,125,68.3,0
34.474,7885,67,68.3,0
34.474,7886,35,68.3,0
34.474,7887,17,68.3,0
34.493,7888,4,68.3,0
34.493,7889,-7,68.3,0
34.493,7890,-22,68.3,0
34.493,7891,-33,68.3,0
34.515,7892,-43,68.3,0
34.515,7893,-50,68.3,0
34.515,7894,-53,68.3,0
34.515,7895,-57,68.3,0
34.532,7896,-57,68.3,0
34.532,7897,-57,68.3,0
34.532,7898,-57,68.3,0
34.532,7899,-56,68.3,0
34.553,7900,-55,68.3,0
34.553,7901,-55,68.3,0
34.553,7902,-53,68.3,0
34.553,7903,-53,68.3,0
34.576,7904,-50,68.3,0
34.576,7905,-49,68.3,0
34.576,7906,-47,68.3,0
34.576,7907,-46,68.3,0
34.594,7908,-46,68.3,0
34.594,7909,-43,68.3,0
34.594,7910,-42,68.3,0
34.594,7911,-38,68.3,0
34.613,7912,-37,68.3,0
34.613,7913,-35,68.3,0
34.613,7914,-31,68.3,0
34.613,7915,-30,68.3,0
34.642,7916,-27,68.3,0
34.642,7917,-25,68.3,0
34.642,7918,-23,68.3,0
34.642,7919,-20,68.3,0
34.662,7920,-19,68.3,0
34.662,7921,-15,68.3,0
34.662,7922,-14,68.3,0
34.662,7923,-13,68.3,0
34.683,7924,-10,68.3,0
34.683,7925,-8,68.3,0
34.683,7926,-6,68.3,0
34.683,7927,-4,68.3,0
34.683,7928,-4,68.3,0
34.702,7929,-1,68.3,0
34.702,7930,0,68.3,1
34.702,7931,2,68.3,0
34.702,7932,2,68.3,0
34.702,7933,2,68.3,0
34.702,7934,3,68.3,0
34.702,7935,2,68.3,0
34.723,7936,2,68.3,0
34.723,7937,1,68.3,0
34.723,7938,0,68.3,1
34.723,7939,-1,68.3,0
34.723,7940,-3,68.3,0
34.723,7941,-5,68.3,0
34.757,7942,-7,68.3,0
34.757,7943,-10,68.3,0
34.757,7944,-13,68.3,0
34.757,7945,-16,68.3,0
34.763,7946,-18,68.3,0
34.763,7947,-20,68.3,0
34.763,7948,-22,68.3,0
34.763,7949,-24,68.3,0
34.783,7950,-25,68.3,0
34.783,7951,-27,68.3,0
34.783,7952,-28,68.3,0
34.783,7953,-28,68.3,0
34.802,7954,-28,68.3,0
34.803,7955,-28,68.3,0
34.803,7956,-28,68.3,0
34.803,7957,-28,68.3,0
34.824,7958,-28,68.3,0
34.824,7959,-28,68.3,0
34.824,7960,-28,68.3,0
34.824,7961,-27,68.3,0
34.853,7962,-26,68.3,0
34.853,7963,-23,68.3,0
34.853,7964,-22,68.3,0
34.853,7965,-20,68.3,0
34.875,7966,-19,68.3,0
34.875,7967,-19,68.3,0
34.875,7968,-17,68.3,0
34.875,7969,-16,68.3,0
34.892,7970,-13,68.3,0
34.892,7971,-12,68.3,0
34.892,7972,-10,68.3,0
34.892,7973,-10,68.3,0
34.913,7974,-11,68.3,0
34.913,7975,-9,68.3,0
34.913,7976,-9,68.3,0
34.913,7977,-7,68.3,0
34.913,7978,-7,68.3,0
34.933,7979,-8,68.3,0
34.933,7980,-9,68.3,0
34.933,7981,-9,68.3,0
34.933,7982,-9,68.3,0
34.933,7983,-9,68.3,0
34.952,7984,-8,68.3,0
34.952,7985,-9,68.3,0
34.952,7986,-10,68.3,0
34.952,7987,-9,68.3,0
34.973,7988,-10,68.3,0
34.973,7989,-9,68.3,0
34.973,7990,-10,68.3,0
34.973,7991,-11,68.3,0
34.993,7992,-10,68.3,0
34.993,7993,-11,68.3,0
34.993,7994,-10,68.3,0
34.993,7995,-11,68.3,0
35.012,7996,-11,68.3,0
35.012,7997,-10,68.3,0
35.012,7998,-11,68.3,0
35.012,7999,-10,68.3,0
35.036,8000,-10,68.3,0
35.036,8001,-11,68.3,0
35.036,8002,-10,68.3,0
35.036,8003,-10,68.3,0
35.036,8004,-9,68.3,0
35.053,8005,-9,68.3,0
35.053,8006,-10,68.3,0
35.053,8007,-10,68.3,0
35.053,8008,-10,68.3,0
35.075,8009,-10,68.3,0
35.075,8010,-10,68.3,0
35.075,8011,-10,68.3,0
35.075,8012,-10,68.3,0
35.103,8013,-9,68.3,0
35.103,8014,-8,68.3,0
35.103,8015,-8,68.3,0
35.103,8016,-7,68.3,0
35.103,8017,-6,68.3,0
35.124,8018,-5,68.3,0
35.124,8019,-3,68.3,0
35.124,8020,-1,68.3,0
35.124,8021,0,68.3,1
35.124,8022,1,68.3,0
35.124,8023,5,68.3,0
35.147,8024,10,68.3,0
35.147,8025,17,68.3,0
35.147,8026,24,68.3,0
35.147,8027,31,68.3,0
35.147,8028,36,68.3,0
35.163,8029,41,68.3,0
35.163,8030,43,68.3,0
35.163,8031,43,68.3,0
35.163,8032,41,68.3,0
35.163,8033,37,68.3,0
35.188,8034,32,68.3,0
35.188,8035,27,68.3,0
35.188,8036,21,68.3,0
35.188,8037,14,68.3,0
35.188,8038,8,68.3,0
35.205,8039,3,68.3,0
35.205,8040,0,68.3,1
35.205,8041,-4,68.3,0
35.205,8042,-8,68.3,0
35.205,8043,-11,68.3,0
35.226,8044,-14,68.3,0
35.226,8045,-17,68.3,0
35.226,8046,-19,68.3,0
35.226,8047,-21,68.3,0
35.243,8048,-23,68.3,0
35.243,8049,-23,68.3,0
35.243,8050,-23,68.3,0
35.243,8051,-24,68.3,0
35.272,8052,-27,68.3,0
35.272,8053,-39,68.3,0
35.272,8054,-48,68.3,0
35.272,8055,-58,68.3,0
35.285,8056,-46,68.3,0
35.285,8057,-5,68.3,0
35.285,8058,48,68.3,0
35.285,8059,118,68.3,0
35.303,8060,181,68.3,0
35.303,8061,237,68.3,0
35.303,8062,278,68.3,0
35.303,8063,292,68.3,0
35.336,8064,276,68.3,0
35.337,8065,227,68.3,0
35.337,8066,180,68.3,0
35.337,8067,126,68.3,0
35.337,8068,97,68.3,0
35.353,8069,72,68.3,0
35.353,8070,50,68.3,0
35.353,8071,30,68.3,0
35.353,8072,13,68.3,0
35.353,8073,0,68.3,1
35.374,8074,-11,68.3,0
35.374,8075,-20,68.3,0
35.374,8076,-27,68.3,0
35.374,8077,-33,68.3,0
35.392,8078,-37,68.3,0
35.392,8079,-40,68.3,0
35.392,8080,-43,68.3,0
35.392,8081,-45,68.3,0
35.416,8082,-47,68.3,0
35.416,8083,-48,68.3,0
35.416,8084,-48,68.3,0
35.416,8085,-48,68.3,0
35.437,8086,-47,68.3,0
35.437,8087,-46,68.3,0
35.437,8088,-44,68.3,0
35.437,8089,-43,68.3,0
35.453,8090,-41,68.3,0
35.454,8091,-40,68.3,0
35.454,8092,-40,68.3,0
35.454,8093,-37,68.3,0
35.473,8094,-35,68.3,0
35.473,8095,-32,68.3,0
35.473,8096,-29,68.3,0
35.473,8097,-26,68.3,0
35.493,8098,-23,68.3,0
35.493,8099,-20,68.3,0
35.493,8100,-17,68.3,0
35.493,8101,-15,68.3,0
35.512,8102,-13,68.3,0
35.512,8103,-10,68.3,0
35.512,8104,-7,68.3,0
35.512,8105,-4,68.3,0
35.543,8106,-1,68.3,0
35.543,8107,0,68.3,1
35.543,8108,2,68.3,0
35.543,8109,5,68.3,0
35.543,8110,6,68.3,0
35.543,8111,8,68.3,0
35.543,8112,9,68.3,0
35.566,8113,10,68.3,0
35.566,8114,10,68.3,0
35.566,8115,10,68.3,0
35.566,8116,10,68.3,0
35.566,8117,10,68.3,0
35.583,8118,9,68.3,0
35.583,8119,8,68.3,0
35.583,8120,6,68.3,0
35.583,8121,4,68.3,0
35.583,8122,3,68.3,0
35.583,8123,2,68.3,0
35.583,8124,1,68.3,0
35.602,8125,0,68.3,1
35.602,8126,-1,68.3,0
35.602,8127,-3,68.3,0
35.602,8128,-5,68.3,0
35.602,8129,-6,68.3,0
35.625,8130,-7,68.3,0
35.625,8131,-8,68.3,0
35.625,8132,-9,68.3,0
35.625,8133,-10,68.3,0
35.642,8134,-11,68.3,0
35.642,8135,-12,68.3,0
35.642,8136,-12,68.3,0
35.642,8137,-13,68.3,0
35.663,8138,-13,68.3,0
35.664,8139,-12,68.3,0
35.664,8140,-12,68.3,0
35.664,8141,-11,68.3,0
35.685,8142,-10,68.3,0
35.685,8143,-10,68.3,0
35.685,8144,-9,68.3,0
35.685,8145,-9,68.3,0
35.685,8146,-8,68.3,0
35.703,8147,-7,68.3,0
35.703,8148,-4,68.3,0
35.703,8149,-3,68.3,0
35.703,8150,-1,68.3,0
35.703,8151,0,68.3,1
35.703,8152,0,68.3,1
35.723,8153,1,68.3,0
35.723,8154,2,68.3,0
35.723,8155,3,68.3,0
35.723,8156,4,68.3,0
35.723,8157,4,68.3,0
35.723,8158,6,68.3,0
35.745,8159,6,68.3,0
35.745,8160,7,68.3,0
35.745,8161,6,68.3,0
35.745,8162,5,68.3,0
35.745,8163,6,68.3,0
35.745,8164,5,68.3,0
35.745,8165,5,68.3,0
35.774,8166,4,68.3,0
35.774,8167,3,68.3,0
35.774,8168,4,68.3,0
35.774,8169,4,68.3,0
35.774,8170,4,68.3,0
35.774,8171,3,68.3,0
35.775,8172,2,68.3,0
35.794,8173,2,68.3,0
35.794,8174,1,68.3,0
35.794,8175,2,68.3,0
35.794,8176,1,68.3,0
35.794,8177,1,68.3,0
35.794,8178,2,68.3,0
35.812,8179,2,68.3,0
35.812,8180,3,68.3,0
35.812,8181,3,68.3,0
35.812,8182,2,68.3,0
35.812,8183,2,68.3,0
35.812,8184,1,68.3,0
35.812,8185,1,68.3,0
35.833,8186,1,68.3,0
35.833,8187,1,68.3,0
35.833,8188,2,68.3,0
35.833,8189,2,68.3,0
35.833,8190,2,68.3,0
35.833,8191,2,68.3,0
35.833,8192,2,68.3,0
35.853,8193,3,68.3,0
35.853,8194,3,68.3,0
35.853,8195,4,68.3,0
35.853,8196,4,68.3,0
35.853,8197,4,68.3,0
35.853,8198,5,68.3,0
35.885,8199,6,68.3,0
35.885,8200,8,68.3,0
35.885,8201,9,68.3,0
35.885,8202,10,68.3,0
35.885,8203,13,68.3,0
35.885,8204,14,68.3,0
35.904,8205,17,68.3,0
35.904,8206,19,68.3,0
35.904,8207,23,68.3,0
35.904,8208,29,68.3,0
35.904,8209,35,68.3,0
35.923,8210,42,68.3,0
35.923,8211,48,71.0,0
35.923,8212,53,71.0,0
35.923,8213,58,71.0,0
35.923,8214,60,71.0,0
35.943,8215,61,71.0,0
35.943,8216,59,71.0,0
35.943,8217,55,71.0,0
35.943,8218,52,71.0,0
35.943,8219,46,71.0,0
35.965,8220,41,71.0,0
35.966,8221,34,71.0,0
35.966,8222,27,71.0,0
35.966,8223,22,71.0,0
35.966,8224,16,71.0,0
35.985,8225,12,71.0,0
35.985,8226,7,71.0,0
35.985,8227,3,71.0,0
35.985,8228,1,71.0,0
35.985,8229,-2,71.0,0
35.985,8230,-5,71.0,0
36.002,8231,-8,71.0,0
36.002,8232,-11,71.0,0
36.002,8233,-12,71.0,0
36.002,8234,-14,71.0,0
36.036,8235,-15,71.0,0
36.036,8236,-18,71.0,0
36.036,8237,-22,71.0,0
36.036,8238,-29,71.0,0
36.054,8239,-42,71.0,0
36.054,8240,-57,71.0,0
36.054,8241,-73,71.0,0
36.054,8242,-80,71.0,0
36.072,8243,-64,71.0,0
36.072,8244,-20,71.0,0
36.072,8245,37,71.0,0
36.072,8246,109,71.0,0
36.093,8247,172,71.0,0
36.093,8248,227,71.0,0
36.093,8249,270,71.0,0
36.093,8250,285,71.0,0
36.115,8251,269,71.0,0
36.115,8252,219,71.0,0
36.115,8253,149,71.0,0
36.115,8254,75,71.0,0
36.133,8255,11,71.0,0
36.133,8256,-37,71.0,0
36.133,8257,-69,71.0,0
36.133,8258,-85,71.0,0
36.153,8259,-91,71.0,0
36.154,8260,-91,71.0,0
36.154,8261,-92,71.0,0
36.154,8262,-94,71.0,0
36.172,8263,-95,71.0,0
36.172,8264,-95,71.0,0
36.172,8265,-92,71.0,0
36.172,8266,-89,71.0,0
36.192,8267,-85,71.0,0
36.192,8268,-83,71.0,0
36.192,8269,-80,71.0,0
36.192,8270,-77,71.0,0
36.213,8271,-73,71.0,0
36.213,8272,-70,71.0,0
36.213,8273,-66,71.0,0
36.213,8274,-63,71.0,0
36.232,8275,-60,71.0,0
36.232,8276,-56,71.0,0
36.232,8277,-53,71.0,0
36.232,8278,-50,71.0,0
36.263,8279,-48,71.0,0
36.263,8280,-45,71.0,0
36.263,8281,-42,71.0,0
36.263,8282,-39,71.0,0
36.285,8283,-36,71.0,0
36.285,8284,-33,71.0,0
36.285,8285,-31,71.0,0
36.285,8286,-28,71.0,0
36.302,8287,-23,71.0,0
36.302,8288,-20,71.0,0
36.302,8289,-15,71.0,0
36.302,8290,-12,71.0,0
36.302,8291,-9,71.0,0
36.322,8292,-4,71.0,0
36.323,8293,0,71.0,1
36.323,8294,4,71.0,0
36.323,8295,7,71.0,0
36.323,8296,9,71.0,0
36.323,8297,12,71.0,0
36.345,8298,12,71.0,0
36.345,8299,16,71.0,0
36.345,8300,17,71.0,0
36.345,8301,18,71.0,0
36.345,8302,18,71.0,0
36.362,8303,17,71.0,0
36.363,8304,18,71.0,0
36.363,8305,16,71.0,0
36.363,8306,16,71.0,0
36.363,8307,15,71.0,0
36.382,8308,13,71.0,0
36.382,8309,12,71.0,0
36.382,8310,9,71.0,0
36.383,8311,8,71.0,0
36.383,8312,6,71.0,0
36.383,8313,3,71.0,0
36.405,8314,2,71.0,0
36.405,8315,0,71.0,1
36.405,8316,-1,71.0,0
36.405,8317,-3,71.0,0
36.405,8318,-5,71.0,0
36.422,8319,-6,71.0,0
36.422,8320,-9,71.0,0
36.422,8321,-9,71.0,0
36.422,8322,-10,71.0,0
36.422,8323,-11,71.0,0
36.444,8324,-11,71.0,0
36.444,8325,-11,71.0,0
36.444,8326,-11,71.0,0
36.444,8327,-12,71.0,0
36.465,8328,-12,71.0,0
36.465,8329,-11,71.0,0
36.466,8330,-12,71.0,0
36.466,8331,-10,71.0,0
36.493,8332,-10,71.0,0
36.493,8333,-10,71.0,0
36.493,8334,-9,71.0,0
36.493,8335,-8,71.0,0
36.514,8336,-5,71.0,0
36.514,8337,-5,71.0,0
36.514,8338,-3,71.0,0
36.514,8339,-3,71.0,0
36.514,8340,-2,71.0,0
36.532,8341,0,71.0,1
36.532,8342,0,71.0,1
36.532,8343,1,71.0,0
36.532,8344,1,71.0,0
36.532,8345,1,71.0,0
36.532,8346,2,71.0,0
36.532,8347,3,71.0,0
36.552,8348,4,71.0,0
36.552,8349,4,71.0,0
36.552,8350,3,71.0,0
36.552,8351,2,71.0,0
36.552,8352,1,71.0,0
36.552,8353,0,71.0,1
36.552,8354,0,71.0,1
36.573,8355,0,71.0,1
36.573,8356,0,71.0,1
36.573,8357,0,71.0,1
36.573,8358,0,71.0,1
36.573,8359,0,71.0,1
36.573,8360,-1,71.0,0
36.593,8361,-2,71.0,0
36.593,8362,-2,71.0,0
36.593,8363,-2,71.0,0
36.593,8364,-2,71.0,0
36.593,8365,-2,71.0,0
36.614,8366,-3,71.0,0
36.614,8367,-3,71.0,0
36.614,8368,-2,71.0,0
36.614,8369,-2,71.0,0
36.614,8370,-2,71.0,0
36.633,8371,-2,71.0,0
36.633,8372,-1,71.0,0
36.633,8373,-1,71.0,0
36.633,8374,-1,71.0,0
36.633,8375,-2,71.0,0
36.652,8376,-2,71.0,0
36.652,8377,-2,71.0,0
36.652,8378,-2,71.0,0
36.652,8379,-1,71.0,0
36.652,8380,-1,71.0,0
36.673,8381,-2,71.0,0
36.673,8382,-2,71.0,0
36.673,8383,-1,71.0,0
36.673,8384,-1,71.0,0
36.673,8385,-1,71.0,0
36.702,8386,-1,71.0,0
36.702,8387,0,71.0,1
36.702,8388,0,71.0,1
36.702,8389,0,71.0,1
36.702,8390,0,71.0,1
36.702,8391,-1,71.0,0
36.732,8392,0,71.0,1
36.732,8393,0,71.0,1
36.732,8394,1,71.0,0
36.732,8395,3,71.0,0
36.732,8396,5,71.0,0
36.732,8397,7,71.0,0
36.732,8398,9,71.0,0
36.742,8399,11,71.0,0
36.742,8400,13,71.0,0
36.742,8401,16,71.0,0
36.742,8402,20,71.0,0
36.742,8403,27,71.0,0
36.763,8404,35,71.0,0
36.763,8405,43,71.0,0
36.763,8406,49,71.1,0
36.763,8407,55,71.1,0
36.763,8408,58,71.1,0
36.782,8409,59,71.1,0
36.782,8410,57,71.1,0
36.782,8411,53,71.1,0
36.782,8412,48,71.1,0
36.782,8413,43,71.1,0
36.804,8414,38,71.1,0
36.804,8415,32,71.1,0
36.804,8416,25,71.1,0
36.804,8417,19,71.1,0
36.804,8418,13,71.1,0
36.825,8419,8,71.1,0
36.825,8420,4,71.1,0
36.825,8421,0,71.1,1
36.825,8422,-2,71.1,0
36.825,8423,-5,71.1,0
36.842,8424,-8,71.1,0
36.842,8425,-10,71.1,0
36.842,8426,-12,71.1,0
36.842,8427,-14,71.1,0
36.866,8428,-15,71.1,0
36.866,8429,-17,71.1,0
36.866,8430,-18,71.1,0
36.866,8431,-22,71.1,0
36.884,8432,-28,71.1,0
36.884,8433,-40,71.1,0
36.884,8434,-56,71.1,0
36.884,8435,-72,71.1,0
36.912,8436,-82,71.1,0
36.912,8437,-73,71.1,0
36.912,8438,-34,71.1,0
36.912,8439,19,71.1,0
36.912,8440,90,71.1,0
36.936,8441,156,71.1,0
36.936,8442,213,71.1,0
36.936,8443,263,71.1,0
36.936,8444,298,71.1,0
36.953,8445,279,71.1,0
36.953,8446,240,71.1,0
36.953,8447,155,71.1,0
36.953,8448,72,71.1,0
36.976,8449,9,71.1,0
36.976,8450,-29,71.1,0
36.976,8451,-48,71.1,0
36.976,8452,-59,71.1,0
36.992,8453,-64,71.1,0
36.992,8454,-70,71.1,0
36.992,8455,-74,71.1,0
36.992,8456,-76,71.1,0
37.014,8457,-77,71.1,0
37.014,8458,-75,71.1,0
37.014,8459,-74,71.1,0
37.014,8460,-71,71.1,0
37.035,8461,-69,71.1,0
37.035,8462,-66,71.1,0
37.035,8463,-64,71.1,0
37.035,8464,-62,71.1,0
37.055,8465,-60,71.1,0
37.055,8466,-58,71.1,0
37.055,8467,-55,71.1,0
37.055,8468,-53,71.1,0
37.072,8469,-51,71.1,0
37.072,8470,-49,71.1,0
37.072,8471,-48,71.1,0
37.072,8472,-45,71.1,0
37.092,8473,-43,71.1,0
37.092,8474,-40,71.1,0
37.092,8475,-37,71.1,0
37.093,8476,-35,71.1,0
37.113,8477,-32,71.1,0
37.113,8478,-29,71.1,0
37.113,8479,-27,71.1,0
37.113,8480,-24,71.1,0
37.155,8481,-22,71.1,0
37.155,8482,-19,71.1,0
37.155,8483,-16,71.1,0
37.155,8484,-12,71.1,0
37.155,8485,-9,71.1,0
37.162,8486,-6,71.1,0
37.162,8487,-4,71.1,0
37.162,8488,-3,71.1,0
37.162,8489,-2,71.1,0
37.162,8490,0,71.1,1
37.184,8491,0,71.1,1
37.184,8492,1,71.1,0
37.184,8493,1,71.1,0
37.184,8494,1,71.1,0
37.184,8495,1,71.1,0
37.184,8496,2,71.1,0
37.184,8497,2,71.1,0
37.206,8498,2,71.1,0
37.206,8499,2,71.1,0
37.206,8500,1,71.1,0
37.206,8501,0,71.1,1
37.206,8502,-1,71.1,0
37.206,8503,-3,71.1,0
37.223,8504,-6,71.1,0
37.223,8505,-8,71.1,0
37.223,8506,-10,71.1,0
37.223,8507,-11,71.1,0
37.242,8508,-13,71.1,0
37.242,8509,-15,71.1,0
37.242,8510,-17,71.1,0
37.242,8511,-19,71.1,0
37.262,8512,-21,71.1,0
37.262,8513,-23,71.1,0
37.262,8514,-24,71.1,0
37.262,8515,-25,71.1,0
37.282,8516,-26,71.1,0
37.282,8517,-27,71.1,0
37.282,8518,-27,71.1,0
37.282,8519,-27,71.1,0
37.302,8520,-27,71.1,0
37.302,8521,-27,71.1,0
37.302,8522,-25,71.1,0
37.302,8523,-24,71.1,0
37.324,8524,-22,71.1,0
37.324,8525,-20,71.1,0
37.324,8526,-18,71.1,0
37.324,8527,-16,71.1,0
37.343,8528,-15,71.1,0
37.343,8529,-13,71.1,0
37.343,8530,-11,71.1,0
37.343,8531,-10,71.1,0
37.372,8532,-7,71.1,0
37.372,8533,-6,71.1,0
37.372,8534,-5,71.1,0
37.372,8535,-4,71.1,0
37.372,8536,-4,71.1,0
37.395,8537,-3,71.1,0
37.395,8538,-3,71.1,0
37.395,8539,-2,71.1,0
37.395,8540,-2,71.1,0
37.395,8541,-2,71.1,0
37.415,8542,-2,71.1,0
37.415,8543,-3,71.1,0
37.415,8544,-3,71.1,0
37.415,8545,-3,71.1,0
37.415,8546,-3,71.1,0
37.432,8547,-3,71.1,0
37.432,8548,-2,71.1,0
37.432,8549,-2,71.1,0
37.432,8550,-3,71.1,0
37.432,8551,-3,71.1,0
37.454,8552,-4,71.1,0
37.454,8553,-4,71.1,0
37.454,8554,-4,71.1,0
37.454,8555,-5,71.1,0
37.454,8556,-5,71.1,0
37.474,8557,-6,71.1,0
37.474,8558,-6,71.1,0
37.474,8559,-6,71.1,0
37.474,8560,-6,71.1,0
37.474,8561,-6,71.1,0
37.492,8562,-7,71.1,0
37.492,8563,-6,71.1,0
37.492,8564,-7,71.1,0
37.492,8565,-7,71.1,0
37.492,8566,-8,71.1,0
37.516,8567,-8,71.1,0
37.516,8568,-8,71.1,0
37.516,8569,-8,71.1,0
37.516,8570,-8,71.1,0
37.516,8571,-8,71.1,0
37.533,8572,-8,71.1,0
37.533,8573,-7,71.1,0
37.533,8574,-7,71.1,0
37.533,8575,-7,71.1,0
37.533,8576,-7,71.1,0
37.553,8577,-5,71.1,0
37.553,8578,-6,71.1,0
37.553,8579,-4,71.1,0
37.553,8580,-5,71.1,0
37.553,8581,-6,71.1,0
37.573,8582,-6,71.1,0
37.573,8583,-6,71.1,0
37.573,8584,-6,71.1,0
37.573,8585,-6,71.1,0
37.573,8586,-7,71.1,0
37.603,8587,-6,71.1,0
37.603,8588,-6,71.1,0
37.603,8589,-6,71.1,0
37.603,8590,-6,71.1,0
37.603,8591,-6,71.1,0
37.624,8592,-4,71.1,0
37.624,8593,-3,71.1,0
37.624,8594,-1,71.1,0
37.624,8595,0,71.1,1
37.624,8596,2,71.1,0
37.624,8597,3,71.1,0
37.644,8598,5,71.1,0
37.644,8599,7,71.1,0
37.644,8600,11,71.1,0
37.644,8601,18,71.1,0
37.644,8602,25,71.1,0
37.665,8603,32,71.1,0
37.665,8604,38,71.1,0
37.665,8605,42,71.1,0
37.665,8606,45,69.9,0
37.665,8607,45,69.9,0
37.688,8608,44,69.9,0
37.688,8609,40,69.9,0
37.688,8610,35,69.9,0
37.688,8611,29,69.9,0
37.688,8612,23,69.9,0
37.706,8613,17,69.9,0
37.706,8614,12,69.9,0
37.706,8615,6,69.9,0
37.706,8616,2,69.9,0
37.706,8617,-2,69.9,0
37.706,8618,-5,69.9,0
37.723,8619,-9,69.9,0
37.723,8620,-12,69.9,0
37.723,8621,-14,69.9,0
37.723,8622,-17,69.9,0
37.745,8623,-19,69.9,0
37.745,8624,-20,69.9,0
37.745,8625,-22,69.9,0
37.745,8626,-23,69.9,0
37.764,8627,-25,69.9,0
37.764,8628,-27,69.9,0
37.764,8629,-33,69.9,0
37.764,8630,-42,69.9,0
37.786,8631,-57,69.9,0
37.786,8632,-66,69.9,0
37.786,8633,-68,69.9,0
37.786,8634,-40,69.9,0
37.816,8635,6,69.9,0
37.816,8636,69,69.9,0
37.816,8637,138,69.9,0
37.816,8638,198,69.9,0
37.816,8639,174,69.9,0
37.832,8640,154,69.9,0
37.833,8641,70,69.9,0
37.833,8642,10,69.9,0
37.833,8643,-22,69.9,0
37.852,8644,-37,69.9,0
37.852,8645,-44,69.9,0
37.853,8646,-50,69.9,0
37.853,8647,-59,69.9,0
37.872,8648,-67,69.9,0
37.872,8649,-73,69.9,0
37.872,8650,-77,69.9,0
37.872,8651,-78,69.9,0
37.893,8652,-77,69.9,0
37.893,8653,-76,69.9,0
37.893,8654,-75,69.9,0
37.893,8655,-73,69.9,0
37.915,8656,-72,69.9,0
37.915,8657,-71,69.9,0
37.915,8658,-69,69.9,0
37.915,8659,-67,69.9,0
37.935,8660,-65,69.9,0
37.935,8661,-63,69.9,0
37.935,8662,-61,69.9,0
37.935,8663,-59,69.9,0
37.952,8664,-57,69.9,0
37.952,8665,-55,69.9,0
37.952,8666,-53,69.9,0
37.952,8667,-50,69.9,0
37.975,8668,-47,69.9,0
37.975,8669,-45,69.9,0
37.975,8670,-42,69.9,0
37.975,8671,-40,69.9,0
37.994,8672,-37,69.9,0
37.994,8673,-34,69.9,0
37.994,8674,-32,69.9,0
37.994,8675,-29,69.9,0
38.016,8676,-27,69.9,0
38.016,8677,-24,69.9,0
38.016,8678,-20,69.9,0
38.016,8679,-17,69.9,0
38.049,8680,-13,69.9,0
38.050,8681,-10,69.9,0
38.050,8682,-7,69.9,0
38.050,8683,-5,69.9,0
38.050,8684,-3,69.9,0
38.063,8685,-1,69.9,0
38.063,8686,0,69.9,1
38.063,8687,0,69.9,1
38.063,8688,0,69.9,1
38.063,8689,0,69.9,1
38.063,8690,1,69.9,0
38.082,8691,1,69.9,0
38.082,8692,0,69.9,1
38.082,8693,0,69.9,1
38.082,8694,-1,69.9,0
38.082,8695,-2,69.9,0
38.082,8696,-4,69.9,0
38.102,8697,-5,69.9,0
38.102,8698,-8,69.9,0
38.102,8699,-10,69.9,0
38.102,8700,-12,69.9,0
38.122,8701,-14,69.9,0
38.122,8702,-16,69.9,0
38.122,8703,-19,69.9,0
38.122,8704,-22,69.9,0
38.144,8705,-24,69.9,0
38.144,8706,-26,69.9,0
38.144,8707,-27,69.9,0
38.144,8708,-29,69.9,0
38.162,8709,-29,69.9,0
38.162,8710,-30,69.9,0
